sender_state,hour_of_day,device_type,network_type,amount_category,total_transactions,fraud_transactions,fraud_rate,avg_fraud_amount
andhra pradesh,0,android,3g,Small (<500),1,0,0.0,0.0
andhra pradesh,0,android,3g,Medium (500-2K),9,0,0.0,0.0
andhra pradesh,0,android,3g,High (2K-10K),2,0,0.0,0.0
andhra pradesh,0,android,4g,Small (<500),47,0,0.0,0.0
andhra pradesh,0,android,4g,Medium (500-2K),42,0,0.0,0.0
andhra pradesh,0,android,4g,High (2K-10K),21,0,0.0,0.0
andhra pradesh,0,android,5g,Small (<500),22,0,0.0,0.0
andhra pradesh,0,android,5g,Medium (500-2K),16,0,0.0,0.0
andhra pradesh,0,android,5g,High (2K-10K),12,0,0.0,0.0
andhra pradesh,0,android,5g,Very High (>10K),1,0,0.0,0.0
andhra pradesh,0,android,wifi,Small (<500),11,0,0.0,0.0
andhra pradesh,0,android,wifi,Medium (500-2K),6,0,0.0,0.0
andhra pradesh,0,android,wifi,High (2K-10K),12,0,0.0,0.0
andhra pradesh,0,ios,3g,Small (<500),1,0,0.0,0.0
andhra pradesh,0,ios,3g,Medium (500-2K),2,0,0.0,0.0
andhra pradesh,0,ios,4g,Small (<500),16,0,0.0,0.0
andhra pradesh,0,ios,4g,Medium (500-2K),12,0,0.0,0.0
andhra pradesh,0,ios,4g,High (2K-10K),6,0,0.0,0.0
andhra pradesh,0,ios,4g,Very High (>10K),1,0,0.0,0.0
andhra pradesh,0,ios,5g,Small (<500),5,0,0.0,0.0
andhra pradesh,0,ios,5g,Medium (500-2K),2,1,50.0,847.0
andhra pradesh,0,ios,5g,High (2K-10K),2,0,0.0,0.0
andhra pradesh,0,ios,wifi,Small (<500),1,0,0.0,0.0
andhra pradesh,0,ios,wifi,Medium (500-2K),2,0,0.0,0.0
andhra pradesh,0,ios,wifi,High (2K-10K),2,0,0.0,0.0
andhra pradesh,0,web,4g,Small (<500),5,0,0.0,0.0
andhra pradesh,0,web,4g,Medium (500-2K),2,0,0.0,0.0
andhra pradesh,0,web,5g,Small (<500),3,0,0.0,0.0
andhra pradesh,0,web,5g,Medium (500-2K),2,0,0.0,0.0
andhra pradesh,0,web,5g,High (2K-10K),1,0,0.0,0.0
andhra pradesh,0,web,wifi,Small (<500),2,0,0.0,0.0
andhra pradesh,0,web,wifi,Medium (500-2K),1,0,0.0,0.0
andhra pradesh,0,web,wifi,High (2K-10K),2,0,0.0,0.0
andhra pradesh,1,android,3g,Small (<500),3,0,0.0,0.0
andhra pradesh,1,android,4g,Small (<500),39,0,0.0,0.0
andhra pradesh,1,android,4g,Medium (500-2K),39,0,0.0,0.0
andhra pradesh,1,android,4g,High (2K-10K),10,0,0.0,0.0
andhra pradesh,1,android,5g,Small (<500),17,0,0.0,0.0
andhra pradesh,1,android,5g,Medium (500-2K),14,0,0.0,0.0
andhra pradesh,1,android,5g,High (2K-10K),6,0,0.0,0.0
andhra pradesh,1,android,5g,Very High (>10K),2,0,0.0,0.0
andhra pradesh,1,android,wifi,Small (<500),6,0,0.0,0.0
andhra pradesh,1,android,wifi,Medium (500-2K),1,0,0.0,0.0
andhra pradesh,1,android,wifi,High (2K-10K),2,0,0.0,0.0
andhra pradesh,1,ios,3g,Small (<500),3,0,0.0,0.0
andhra pradesh,1,ios,4g,Small (<500),6,0,0.0,0.0
andhra pradesh,1,ios,4g,Medium (500-2K),9,0,0.0,0.0
andhra pradesh,1,ios,4g,High (2K-10K),2,0,0.0,0.0
andhra pradesh,1,ios,5g,Small (<500),3,0,0.0,0.0
andhra pradesh,1,ios,5g,Medium (500-2K),2,0,0.0,0.0
andhra pradesh,1,ios,5g,High (2K-10K),3,0,0.0,0.0
andhra pradesh,1,ios,wifi,Small (<500),1,0,0.0,0.0
andhra pradesh,1,ios,wifi,High (2K-10K),3,0,0.0,0.0
andhra pradesh,1,web,4g,Small (<500),2,0,0.0,0.0
andhra pradesh,1,web,4g,Medium (500-2K),5,0,0.0,0.0
andhra pradesh,1,web,5g,Medium (500-2K),1,0,0.0,0.0
andhra pradesh,1,web,5g,High (2K-10K),1,0,0.0,0.0
andhra pradesh,2,android,3g,Small (<500),2,0,0.0,0.0
andhra pradesh,2,android,3g,Medium (500-2K),2,0,0.0,0.0
andhra pradesh,2,android,3g,High (2K-10K),1,0,0.0,0.0
andhra pradesh,2,android,4g,Small (<500),25,0,0.0,0.0
andhra pradesh,2,android,4g,Medium (500-2K),19,0,0.0,0.0
andhra pradesh,2,android,4g,High (2K-10K),9,0,0.0,0.0
andhra pradesh,2,android,5g,Small (<500),6,0,0.0,0.0
andhra pradesh,2,android,5g,Medium (500-2K),4,0,0.0,0.0
andhra pradesh,2,android,5g,High (2K-10K),8,0,0.0,0.0
andhra pradesh,2,android,wifi,Small (<500),6,0,0.0,0.0
andhra pradesh,2,android,wifi,Medium (500-2K),1,0,0.0,0.0
andhra pradesh,2,android,wifi,High (2K-10K),1,0,0.0,0.0
andhra pradesh,2,ios,4g,Small (<500),11,1,9.090909090909092,162.0
andhra pradesh,2,ios,4g,Medium (500-2K),7,0,0.0,0.0
andhra pradesh,2,ios,4g,High (2K-10K),4,0,0.0,0.0
andhra pradesh,2,ios,5g,Small (<500),2,0,0.0,0.0
andhra pradesh,2,ios,5g,Medium (500-2K),4,0,0.0,0.0
andhra pradesh,2,ios,5g,High (2K-10K),2,0,0.0,0.0
andhra pradesh,2,ios,wifi,Small (<500),1,0,0.0,0.0
andhra pradesh,2,web,4g,Small (<500),3,0,0.0,0.0
andhra pradesh,2,web,4g,Medium (500-2K),2,0,0.0,0.0
andhra pradesh,2,web,5g,Small (<500),1,0,0.0,0.0
andhra pradesh,2,web,wifi,Small (<500),3,0,0.0,0.0
andhra pradesh,3,android,3g,Small (<500),3,0,0.0,0.0
andhra pradesh,3,android,3g,Medium (500-2K),3,0,0.0,0.0
andhra pradesh,3,android,3g,High (2K-10K),2,0,0.0,0.0
andhra pradesh,3,android,4g,Small (<500),23,0,0.0,0.0
andhra pradesh,3,android,4g,Medium (500-2K),19,0,0.0,0.0
andhra pradesh,3,android,4g,High (2K-10K),2,0,0.0,0.0
andhra pradesh,3,android,5g,Small (<500),7,0,0.0,0.0
andhra pradesh,3,android,5g,Medium (500-2K),8,0,0.0,0.0
andhra pradesh,3,android,5g,High (2K-10K),4,0,0.0,0.0
andhra pradesh,3,android,wifi,Small (<500),2,0,0.0,0.0
andhra pradesh,3,android,wifi,Medium (500-2K),7,0,0.0,0.0
andhra pradesh,3,android,wifi,High (2K-10K),4,0,0.0,0.0
andhra pradesh,3,ios,3g,Small (<500),1,0,0.0,0.0
andhra pradesh,3,ios,4g,Small (<500),4,0,0.0,0.0
andhra pradesh,3,ios,4g,Medium (500-2K),3,0,0.0,0.0
andhra pradesh,3,ios,4g,High (2K-10K),2,0,0.0,0.0
andhra pradesh,3,ios,5g,Small (<500),2,0,0.0,0.0
andhra pradesh,3,ios,5g,Medium (500-2K),4,0,0.0,0.0
andhra pradesh,3,ios,wifi,Small (<500),2,0,0.0,0.0
andhra pradesh,3,ios,wifi,Medium (500-2K),2,0,0.0,0.0
andhra pradesh,3,web,3g,High (2K-10K),1,0,0.0,0.0
andhra pradesh,3,web,4g,Small (<500),3,0,0.0,0.0
andhra pradesh,3,web,4g,High (2K-10K),1,0,0.0,0.0
andhra pradesh,3,web,wifi,Small (<500),1,0,0.0,0.0
andhra pradesh,4,android,3g,Small (<500),4,0,0.0,0.0
andhra pradesh,4,android,4g,Small (<500),23,0,0.0,0.0
andhra pradesh,4,android,4g,Medium (500-2K),24,0,0.0,0.0
andhra pradesh,4,android,4g,High (2K-10K),5,0,0.0,0.0
andhra pradesh,4,android,5g,Small (<500),7,0,0.0,0.0
andhra pradesh,4,android,5g,Medium (500-2K),5,0,0.0,0.0
andhra pradesh,4,android,5g,High (2K-10K),3,0,0.0,0.0
andhra pradesh,4,android,wifi,Small (<500),2,0,0.0,0.0
andhra pradesh,4,android,wifi,Medium (500-2K),2,0,0.0,0.0
andhra pradesh,4,android,wifi,High (2K-10K),1,0,0.0,0.0
andhra pradesh,4,ios,3g,Small (<500),1,0,0.0,0.0
andhra pradesh,4,ios,3g,Medium (500-2K),1,0,0.0,0.0
andhra pradesh,4,ios,4g,Small (<500),5,0,0.0,0.0
andhra pradesh,4,ios,4g,Medium (500-2K),3,0,0.0,0.0
andhra pradesh,4,ios,4g,High (2K-10K),2,0,0.0,0.0
andhra pradesh,4,ios,5g,Medium (500-2K),2,0,0.0,0.0
andhra pradesh,4,ios,wifi,Small (<500),1,0,0.0,0.0
andhra pradesh,4,ios,wifi,High (2K-10K),1,0,0.0,0.0
andhra pradesh,4,web,4g,Small (<500),4,0,0.0,0.0
andhra pradesh,4,web,4g,Medium (500-2K),3,0,0.0,0.0
andhra pradesh,4,web,4g,High (2K-10K),1,0,0.0,0.0
andhra pradesh,5,android,3g,Small (<500),2,0,0.0,0.0
andhra pradesh,5,android,3g,Medium (500-2K),2,0,0.0,0.0
andhra pradesh,5,android,4g,Small (<500),31,0,0.0,0.0
andhra pradesh,5,android,4g,Medium (500-2K),26,0,0.0,0.0
andhra pradesh,5,android,4g,High (2K-10K),13,0,0.0,0.0
andhra pradesh,5,android,4g,Very High (>10K),1,0,0.0,0.0
andhra pradesh,5,android,5g,Small (<500),9,0,0.0,0.0
andhra pradesh,5,android,5g,Medium (500-2K),8,0,0.0,0.0
andhra pradesh,5,android,5g,High (2K-10K),8,0,0.0,0.0
andhra pradesh,5,android,wifi,Small (<500),3,0,0.0,0.0
andhra pradesh,5,android,wifi,Medium (500-2K),5,0,0.0,0.0
andhra pradesh,5,android,wifi,High (2K-10K),6,0,0.0,0.0
andhra pradesh,5,android,wifi,Very High (>10K),1,0,0.0,0.0
andhra pradesh,5,ios,4g,Small (<500),10,0,0.0,0.0
andhra pradesh,5,ios,4g,Medium (500-2K),9,0,0.0,0.0
andhra pradesh,5,ios,4g,High (2K-10K),2,0,0.0,0.0
andhra pradesh,5,ios,5g,Small (<500),2,0,0.0,0.0
andhra pradesh,5,ios,wifi,Small (<500),2,0,0.0,0.0
andhra pradesh,5,ios,wifi,Medium (500-2K),2,0,0.0,0.0
andhra pradesh,5,web,3g,Medium (500-2K),1,0,0.0,0.0
andhra pradesh,5,web,4g,Medium (500-2K),3,0,0.0,0.0
andhra pradesh,5,web,4g,Very High (>10K),1,0,0.0,0.0
andhra pradesh,5,web,5g,Medium (500-2K),1,0,0.0,0.0
andhra pradesh,5,web,wifi,Small (<500),2,0,0.0,0.0
andhra pradesh,6,android,3g,Small (<500),4,0,0.0,0.0
andhra pradesh,6,android,3g,Medium (500-2K),3,0,0.0,0.0
andhra pradesh,6,android,3g,High (2K-10K),2,0,0.0,0.0
andhra pradesh,6,android,3g,Very High (>10K),1,0,0.0,0.0
andhra pradesh,6,android,4g,Small (<500),60,0,0.0,0.0
andhra pradesh,6,android,4g,Medium (500-2K),49,0,0.0,0.0
andhra pradesh,6,android,4g,High (2K-10K),20,0,0.0,0.0
andhra pradesh,6,android,5g,Small (<500),28,0,0.0,0.0
andhra pradesh,6,android,5g,Medium (500-2K),12,0,0.0,0.0
andhra pradesh,6,android,5g,High (2K-10K),15,0,0.0,0.0
andhra pradesh,6,android,wifi,Small (<500),12,0,0.0,0.0
andhra pradesh,6,android,wifi,Medium (500-2K),5,0,0.0,0.0
andhra pradesh,6,android,wifi,High (2K-10K),3,0,0.0,0.0
andhra pradesh,6,ios,3g,Medium (500-2K),1,0,0.0,0.0
andhra pradesh,6,ios,4g,Small (<500),14,0,0.0,0.0
andhra pradesh,6,ios,4g,Medium (500-2K),15,0,0.0,0.0
andhra pradesh,6,ios,4g,High (2K-10K),4,0,0.0,0.0
andhra pradesh,6,ios,5g,Small (<500),7,0,0.0,0.0
andhra pradesh,6,ios,5g,Medium (500-2K),4,0,0.0,0.0
andhra pradesh,6,ios,5g,Very High (>10K),1,0,0.0,0.0
andhra pradesh,6,ios,wifi,Small (<500),2,0,0.0,0.0
andhra pradesh,6,ios,wifi,Medium (500-2K),2,0,0.0,0.0
andhra pradesh,6,ios,wifi,High (2K-10K),2,0,0.0,0.0
andhra pradesh,6,web,4g,Small (<500),2,0,0.0,0.0
andhra pradesh,6,web,4g,Medium (500-2K),4,0,0.0,0.0
andhra pradesh,6,web,4g,Very High (>10K),1,0,0.0,0.0
andhra pradesh,6,web,5g,Small (<500),1,0,0.0,0.0
andhra pradesh,6,web,5g,Medium (500-2K),1,0,0.0,0.0
andhra pradesh,6,web,wifi,Small (<500),2,0,0.0,0.0
andhra pradesh,6,web,wifi,Medium (500-2K),2,0,0.0,0.0
andhra pradesh,7,android,3g,Small (<500),10,0,0.0,0.0
andhra pradesh,7,android,3g,Medium (500-2K),9,0,0.0,0.0
andhra pradesh,7,android,3g,High (2K-10K),4,0,0.0,0.0
andhra pradesh,7,android,4g,Small (<500),77,0,0.0,0.0
andhra pradesh,7,android,4g,Medium (500-2K),79,0,0.0,0.0
andhra pradesh,7,android,4g,High (2K-10K),39,0,0.0,0.0
andhra pradesh,7,android,4g,Very High (>10K),2,0,0.0,0.0
andhra pradesh,7,android,5g,Small (<500),44,0,0.0,0.0
andhra pradesh,7,android,5g,Medium (500-2K),34,0,0.0,0.0
andhra pradesh,7,android,5g,High (2K-10K),23,0,0.0,0.0
andhra pradesh,7,android,wifi,Small (<500),16,0,0.0,0.0
andhra pradesh,7,android,wifi,Medium (500-2K),9,0,0.0,0.0
andhra pradesh,7,android,wifi,High (2K-10K),3,0,0.0,0.0
andhra pradesh,7,ios,4g,Small (<500),20,0,0.0,0.0
andhra pradesh,7,ios,4g,Medium (500-2K),16,0,0.0,0.0
andhra pradesh,7,ios,4g,High (2K-10K),13,0,0.0,0.0
andhra pradesh,7,ios,5g,Small (<500),5,0,0.0,0.0
andhra pradesh,7,ios,5g,Medium (500-2K),8,0,0.0,0.0
andhra pradesh,7,ios,5g,High (2K-10K),3,0,0.0,0.0
andhra pradesh,7,ios,5g,Very High (>10K),1,0,0.0,0.0
andhra pradesh,7,ios,wifi,Small (<500),1,0,0.0,0.0
andhra pradesh,7,ios,wifi,Medium (500-2K),3,0,0.0,0.0
andhra pradesh,7,web,3g,Medium (500-2K),2,0,0.0,0.0
andhra pradesh,7,web,4g,Small (<500),8,0,0.0,0.0
andhra pradesh,7,web,4g,Medium (500-2K),2,0,0.0,0.0
andhra pradesh,7,web,4g,High (2K-10K),2,0,0.0,0.0
andhra pradesh,7,web,5g,Small (<500),1,0,0.0,0.0
andhra pradesh,8,android,3g,Small (<500),11,0,0.0,0.0
andhra pradesh,8,android,3g,Medium (500-2K),8,0,0.0,0.0
andhra pradesh,8,android,3g,High (2K-10K),6,0,0.0,0.0
andhra pradesh,8,android,4g,Small (<500),108,0,0.0,0.0
andhra pradesh,8,android,4g,Medium (500-2K),108,1,0.9259259259259258,1709.0
andhra pradesh,8,android,4g,High (2K-10K),53,0,0.0,0.0
andhra pradesh,8,android,4g,Very High (>10K),1,0,0.0,0.0
andhra pradesh,8,android,5g,Small (<500),41,0,0.0,0.0
andhra pradesh,8,android,5g,Medium (500-2K),44,0,0.0,0.0
andhra pradesh,8,android,5g,High (2K-10K),21,0,0.0,0.0
andhra pradesh,8,android,5g,Very High (>10K),1,0,0.0,0.0
andhra pradesh,8,android,wifi,Small (<500),31,0,0.0,0.0
andhra pradesh,8,android,wifi,Medium (500-2K),18,0,0.0,0.0
andhra pradesh,8,android,wifi,High (2K-10K),10,0,0.0,0.0
andhra pradesh,8,ios,3g,Small (<500),5,0,0.0,0.0
andhra pradesh,8,ios,3g,Medium (500-2K),2,0,0.0,0.0
andhra pradesh,8,ios,3g,High (2K-10K),1,0,0.0,0.0
andhra pradesh,8,ios,4g,Small (<500),30,0,0.0,0.0
andhra pradesh,8,ios,4g,Medium (500-2K),24,0,0.0,0.0
andhra pradesh,8,ios,4g,High (2K-10K),26,0,0.0,0.0
andhra pradesh,8,ios,4g,Very High (>10K),1,0,0.0,0.0
andhra pradesh,8,ios,5g,Small (<500),14,0,0.0,0.0
andhra pradesh,8,ios,5g,Medium (500-2K),11,0,0.0,0.0
andhra pradesh,8,ios,5g,High (2K-10K),8,0,0.0,0.0
andhra pradesh,8,ios,5g,Very High (>10K),1,0,0.0,0.0
andhra pradesh,8,ios,wifi,Small (<500),12,0,0.0,0.0
andhra pradesh,8,ios,wifi,Medium (500-2K),5,0,0.0,0.0
andhra pradesh,8,ios,wifi,High (2K-10K),3,0,0.0,0.0
andhra pradesh,8,ios,wifi,Very High (>10K),1,0,0.0,0.0
andhra pradesh,8,web,3g,Medium (500-2K),1,0,0.0,0.0
andhra pradesh,8,web,4g,Small (<500),11,0,0.0,0.0
andhra pradesh,8,web,4g,Medium (500-2K),5,0,0.0,0.0
andhra pradesh,8,web,4g,High (2K-10K),3,0,0.0,0.0
andhra pradesh,8,web,5g,Small (<500),3,0,0.0,0.0
andhra pradesh,8,web,5g,Medium (500-2K),2,0,0.0,0.0
andhra pradesh,8,web,5g,High (2K-10K),3,0,0.0,0.0
andhra pradesh,8,web,wifi,Small (<500),1,0,0.0,0.0
andhra pradesh,8,web,wifi,Medium (500-2K),2,0,0.0,0.0
andhra pradesh,8,web,wifi,High (2K-10K),1,0,0.0,0.0
andhra pradesh,9,android,3g,Small (<500),8,0,0.0,0.0
andhra pradesh,9,android,3g,Medium (500-2K),13,0,0.0,0.0
andhra pradesh,9,android,3g,High (2K-10K),6,0,0.0,0.0
andhra pradesh,9,android,4g,Small (<500),146,0,0.0,0.0
andhra pradesh,9,android,4g,Medium (500-2K),148,1,0.6756756756756757,863.0
andhra pradesh,9,android,4g,High (2K-10K),58,0,0.0,0.0
andhra pradesh,9,android,4g,Very High (>10K),4,0,0.0,0.0
andhra pradesh,9,android,5g,Small (<500),70,0,0.0,0.0
andhra pradesh,9,android,5g,Medium (500-2K),58,0,0.0,0.0
andhra pradesh,9,android,5g,High (2K-10K),28,0,0.0,0.0
andhra pradesh,9,android,5g,Very High (>10K),3,0,0.0,0.0
andhra pradesh,9,android,wifi,Small (<500),26,0,0.0,0.0
andhra pradesh,9,android,wifi,Medium (500-2K),20,0,0.0,0.0
andhra pradesh,9,android,wifi,High (2K-10K),13,1,7.6923076923076925,8252.0
andhra pradesh,9,ios,3g,Small (<500),3,0,0.0,0.0
andhra pradesh,9,ios,3g,Medium (500-2K),3,0,0.0,0.0
andhra pradesh,9,ios,3g,High (2K-10K),5,0,0.0,0.0
andhra pradesh,9,ios,4g,Small (<500),49,0,0.0,0.0
andhra pradesh,9,ios,4g,Medium (500-2K),30,0,0.0,0.0
andhra pradesh,9,ios,4g,High (2K-10K),16,0,0.0,0.0
andhra pradesh,9,ios,5g,Small (<500),24,0,0.0,0.0
andhra pradesh,9,ios,5g,Medium (500-2K),23,0,0.0,0.0
andhra pradesh,9,ios,5g,High (2K-10K),8,0,0.0,0.0
andhra pradesh,9,ios,wifi,Small (<500),12,0,0.0,0.0
andhra pradesh,9,ios,wifi,Medium (500-2K),5,0,0.0,0.0
andhra pradesh,9,ios,wifi,High (2K-10K),3,0,0.0,0.0
andhra pradesh,9,web,3g,High (2K-10K),1,0,0.0,0.0
andhra pradesh,9,web,4g,Small (<500),10,0,0.0,0.0
andhra pradesh,9,web,4g,Medium (500-2K),10,0,0.0,0.0
andhra pradesh,9,web,4g,High (2K-10K),2,0,0.0,0.0
andhra pradesh,9,web,4g,Very High (>10K),1,0,0.0,0.0
andhra pradesh,9,web,5g,Small (<500),5,0,0.0,0.0
andhra pradesh,9,web,5g,Medium (500-2K),5,0,0.0,0.0
andhra pradesh,9,web,5g,High (2K-10K),2,0,0.0,0.0
andhra pradesh,9,web,wifi,Small (<500),2,0,0.0,0.0
andhra pradesh,9,web,wifi,Medium (500-2K),2,0,0.0,0.0
andhra pradesh,9,web,wifi,High (2K-10K),2,0,0.0,0.0
andhra pradesh,10,android,3g,Small (<500),22,0,0.0,0.0
andhra pradesh,10,android,3g,Medium (500-2K),20,0,0.0,0.0
andhra pradesh,10,android,3g,High (2K-10K),6,0,0.0,0.0
andhra pradesh,10,android,4g,Small (<500),210,0,0.0,0.0
andhra pradesh,10,android,4g,Medium (500-2K),192,0,0.0,0.0
andhra pradesh,10,android,4g,High (2K-10K),70,0,0.0,0.0
andhra pradesh,10,android,4g,Very High (>10K),5,0,0.0,0.0
andhra pradesh,10,android,5g,Small (<500),102,0,0.0,0.0
andhra pradesh,10,android,5g,Medium (500-2K),75,0,0.0,0.0
andhra pradesh,10,android,5g,High (2K-10K),39,0,0.0,0.0
andhra pradesh,10,android,5g,Very High (>10K),2,0,0.0,0.0
andhra pradesh,10,android,wifi,Small (<500),46,0,0.0,0.0
andhra pradesh,10,android,wifi,Medium (500-2K),25,1,4.0,759.0
andhra pradesh,10,android,wifi,High (2K-10K),22,0,0.0,0.0
andhra pradesh,10,ios,3g,Small (<500),4,0,0.0,0.0
andhra pradesh,10,ios,3g,Medium (500-2K),2,0,0.0,0.0
andhra pradesh,10,ios,3g,High (2K-10K),2,0,0.0,0.0
andhra pradesh,10,ios,4g,Small (<500),61,0,0.0,0.0
andhra pradesh,10,ios,4g,Medium (500-2K),50,0,0.0,0.0
andhra pradesh,10,ios,4g,High (2K-10K),21,0,0.0,0.0
andhra pradesh,10,ios,4g,Very High (>10K),1,0,0.0,0.0
andhra pradesh,10,ios,5g,Small (<500),13,0,0.0,0.0
andhra pradesh,10,ios,5g,Medium (500-2K),29,0,0.0,0.0
andhra pradesh,10,ios,5g,High (2K-10K),4,0,0.0,0.0
andhra pradesh,10,ios,wifi,Small (<500),12,0,0.0,0.0
andhra pradesh,10,ios,wifi,Medium (500-2K),2,0,0.0,0.0
andhra pradesh,10,ios,wifi,Very High (>10K),1,0,0.0,0.0
andhra pradesh,10,web,3g,Medium (500-2K),1,0,0.0,0.0
andhra pradesh,10,web,3g,High (2K-10K),2,0,0.0,0.0
andhra pradesh,10,web,4g,Small (<500),7,0,0.0,0.0
andhra pradesh,10,web,4g,Medium (500-2K),14,0,0.0,0.0
andhra pradesh,10,web,4g,High (2K-10K),5,0,0.0,0.0
andhra pradesh,10,web,5g,Small (<500),3,0,0.0,0.0
andhra pradesh,10,web,5g,Medium (500-2K),3,0,0.0,0.0
andhra pradesh,10,web,5g,High (2K-10K),3,0,0.0,0.0
andhra pradesh,10,web,wifi,Medium (500-2K),3,0,0.0,0.0
andhra pradesh,10,web,wifi,High (2K-10K),3,0,0.0,0.0
andhra pradesh,11,android,3g,Small (<500),13,0,0.0,0.0
andhra pradesh,11,android,3g,Medium (500-2K),23,0,0.0,0.0
andhra pradesh,11,android,3g,High (2K-10K),3,0,0.0,0.0
andhra pradesh,11,android,4g,Small (<500),257,1,0.38910505836575876,323.0
andhra pradesh,11,android,4g,Medium (500-2K),216,0,0.0,0.0
andhra pradesh,11,android,4g,High (2K-10K),128,0,0.0,0.0
andhra pradesh,11,android,4g,Very High (>10K),2,0,0.0,0.0
andhra pradesh,11,android,5g,Small (<500),97,0,0.0,0.0
andhra pradesh,11,android,5g,Medium (500-2K),79,0,0.0,0.0
andhra pradesh,11,android,5g,High (2K-10K),44,0,0.0,0.0
andhra pradesh,11,android,5g,Very High (>10K),1,0,0.0,0.0
andhra pradesh,11,android,wifi,Small (<500),38,0,0.0,0.0
andhra pradesh,11,android,wifi,Medium (500-2K),28,0,0.0,0.0
andhra pradesh,11,android,wifi,High (2K-10K),25,0,0.0,0.0
andhra pradesh,11,ios,3g,Small (<500),5,0,0.0,0.0
andhra pradesh,11,ios,3g,Medium (500-2K),4,0,0.0,0.0
andhra pradesh,11,ios,3g,High (2K-10K),1,0,0.0,0.0
andhra pradesh,11,ios,4g,Small (<500),61,0,0.0,0.0
andhra pradesh,11,ios,4g,Medium (500-2K),59,0,0.0,0.0
andhra pradesh,11,ios,4g,High (2K-10K),21,0,0.0,0.0
andhra pradesh,11,ios,4g,Very High (>10K),1,0,0.0,0.0
andhra pradesh,11,ios,5g,Small (<500),30,0,0.0,0.0
andhra pradesh,11,ios,5g,Medium (500-2K),27,0,0.0,0.0
andhra pradesh,11,ios,5g,High (2K-10K),8,0,0.0,0.0
andhra pradesh,11,ios,wifi,Small (<500),7,0,0.0,0.0
andhra pradesh,11,ios,wifi,Medium (500-2K),9,0,0.0,0.0
andhra pradesh,11,ios,wifi,High (2K-10K),6,0,0.0,0.0
andhra pradesh,11,web,3g,Medium (500-2K),1,0,0.0,0.0
andhra pradesh,11,web,4g,Small (<500),27,0,0.0,0.0
andhra pradesh,11,web,4g,Medium (500-2K),19,0,0.0,0.0
andhra pradesh,11,web,4g,High (2K-10K),7,0,0.0,0.0
andhra pradesh,11,web,5g,Small (<500),6,0,0.0,0.0
andhra pradesh,11,web,5g,Medium (500-2K),3,0,0.0,0.0
andhra pradesh,11,web,5g,High (2K-10K),3,0,0.0,0.0
andhra pradesh,11,web,wifi,Small (<500),3,0,0.0,0.0
andhra pradesh,11,web,wifi,High (2K-10K),1,0,0.0,0.0
andhra pradesh,12,android,3g,Small (<500),20,0,0.0,0.0
andhra pradesh,12,android,3g,Medium (500-2K),18,0,0.0,0.0
andhra pradesh,12,android,3g,High (2K-10K),12,0,0.0,0.0
andhra pradesh,12,android,3g,Very High (>10K),1,0,0.0,0.0
andhra pradesh,12,android,4g,Small (<500),241,1,0.4149377593360996,190.0
andhra pradesh,12,android,4g,Medium (500-2K),229,0,0.0,0.0
andhra pradesh,12,android,4g,High (2K-10K),121,0,0.0,0.0
andhra pradesh,12,android,4g,Very High (>10K),5,0,0.0,0.0
andhra pradesh,12,android,5g,Small (<500),111,0,0.0,0.0
andhra pradesh,12,android,5g,Medium (500-2K),95,1,1.0526315789473684,909.0
andhra pradesh,12,android,5g,High (2K-10K),40,1,2.5,3586.0
andhra pradesh,12,android,5g,Very High (>10K),1,0,0.0,0.0
andhra pradesh,12,android,wifi,Small (<500),50,0,0.0,0.0
andhra pradesh,12,android,wifi,Medium (500-2K),36,0,0.0,0.0
andhra pradesh,12,android,wifi,High (2K-10K),27,0,0.0,0.0
andhra pradesh,12,android,wifi,Very High (>10K),2,0,0.0,0.0
andhra pradesh,12,ios,3g,Small (<500),6,0,0.0,0.0
andhra pradesh,12,ios,3g,High (2K-10K),7,0,0.0,0.0
andhra pradesh,12,ios,4g,Small (<500),88,0,0.0,0.0
andhra pradesh,12,ios,4g,Medium (500-2K),82,1,1.2195121951219512,1525.0
andhra pradesh,12,ios,4g,High (2K-10K),22,0,0.0,0.0
andhra pradesh,12,ios,4g,Very High (>10K),1,0,0.0,0.0
andhra pradesh,12,ios,5g,Small (<500),26,0,0.0,0.0
andhra pradesh,12,ios,5g,Medium (500-2K),38,0,0.0,0.0
andhra pradesh,12,ios,5g,High (2K-10K),12,0,0.0,0.0
andhra pradesh,12,ios,wifi,Small (<500),14,0,0.0,0.0
andhra pradesh,12,ios,wifi,Medium (500-2K),11,0,0.0,0.0
andhra pradesh,12,ios,wifi,High (2K-10K),6,0,0.0,0.0
andhra pradesh,12,web,3g,Medium (500-2K),1,0,0.0,0.0
andhra pradesh,12,web,4g,Small (<500),17,0,0.0,0.0
andhra pradesh,12,web,4g,Medium (500-2K),15,0,0.0,0.0
andhra pradesh,12,web,4g,High (2K-10K),9,0,0.0,0.0
andhra pradesh,12,web,4g,Very High (>10K),1,0,0.0,0.0
andhra pradesh,12,web,5g,Small (<500),9,0,0.0,0.0
andhra pradesh,12,web,5g,Medium (500-2K),7,0,0.0,0.0
andhra pradesh,12,web,5g,High (2K-10K),3,0,0.0,0.0
andhra pradesh,12,web,wifi,Small (<500),3,0,0.0,0.0
andhra pradesh,12,web,wifi,Medium (500-2K),2,0,0.0,0.0
andhra pradesh,13,android,3g,Small (<500),17,0,0.0,0.0
andhra pradesh,13,android,3g,Medium (500-2K),9,0,0.0,0.0
andhra pradesh,13,android,3g,High (2K-10K),8,0,0.0,0.0
andhra pradesh,13,android,4g,Small (<500),197,0,0.0,0.0
andhra pradesh,13,android,4g,Medium (500-2K),226,0,0.0,0.0
andhra pradesh,13,android,4g,High (2K-10K),104,0,0.0,0.0
andhra pradesh,13,android,4g,Very High (>10K),3,0,0.0,0.0
andhra pradesh,13,android,5g,Small (<500),119,0,0.0,0.0
andhra pradesh,13,android,5g,Medium (500-2K),85,0,0.0,0.0
andhra pradesh,13,android,5g,High (2K-10K),42,0,0.0,0.0
andhra pradesh,13,android,wifi,Small (<500),44,0,0.0,0.0
andhra pradesh,13,android,wifi,Medium (500-2K),38,0,0.0,0.0
andhra pradesh,13,android,wifi,High (2K-10K),16,0,0.0,0.0
andhra pradesh,13,android,wifi,Very High (>10K),1,0,0.0,0.0
andhra pradesh,13,ios,3g,Small (<500),4,0,0.0,0.0
andhra pradesh,13,ios,3g,Medium (500-2K),2,0,0.0,0.0
andhra pradesh,13,ios,3g,High (2K-10K),4,0,0.0,0.0
andhra pradesh,13,ios,4g,Small (<500),56,0,0.0,0.0
andhra pradesh,13,ios,4g,Medium (500-2K),41,0,0.0,0.0
andhra pradesh,13,ios,4g,High (2K-10K),25,0,0.0,0.0
andhra pradesh,13,ios,5g,Small (<500),26,0,0.0,0.0
andhra pradesh,13,ios,5g,Medium (500-2K),15,0,0.0,0.0
andhra pradesh,13,ios,5g,High (2K-10K),12,0,0.0,0.0
andhra pradesh,13,ios,wifi,Small (<500),8,0,0.0,0.0
andhra pradesh,13,ios,wifi,Medium (500-2K),6,0,0.0,0.0
andhra pradesh,13,ios,wifi,High (2K-10K),5,0,0.0,0.0
andhra pradesh,13,web,3g,Medium (500-2K),1,0,0.0,0.0
andhra pradesh,13,web,3g,High (2K-10K),1,0,0.0,0.0
andhra pradesh,13,web,4g,Small (<500),15,0,0.0,0.0
andhra pradesh,13,web,4g,Medium (500-2K),13,0,0.0,0.0
andhra pradesh,13,web,4g,High (2K-10K),5,0,0.0,0.0
andhra pradesh,13,web,4g,Very High (>10K),1,0,0.0,0.0
andhra pradesh,13,web,5g,Small (<500),5,0,0.0,0.0
andhra pradesh,13,web,5g,Medium (500-2K),5,0,0.0,0.0
andhra pradesh,13,web,5g,High (2K-10K),3,0,0.0,0.0
andhra pradesh,13,web,wifi,Small (<500),2,0,0.0,0.0
andhra pradesh,13,web,wifi,Medium (500-2K),3,0,0.0,0.0
andhra pradesh,14,android,3g,Small (<500),17,0,0.0,0.0
andhra pradesh,14,android,3g,Medium (500-2K),19,0,0.0,0.0
andhra pradesh,14,android,3g,High (2K-10K),5,0,0.0,0.0
andhra pradesh,14,android,4g,Small (<500),183,0,0.0,0.0
andhra pradesh,14,android,4g,Medium (500-2K),164,0,0.0,0.0
andhra pradesh,14,android,4g,High (2K-10K),81,0,0.0,0.0
andhra pradesh,14,android,5g,Small (<500),79,0,0.0,0.0
andhra pradesh,14,android,5g,Medium (500-2K),56,0,0.0,0.0
andhra pradesh,14,android,5g,High (2K-10K),23,0,0.0,0.0
andhra pradesh,14,android,5g,Very High (>10K),2,0,0.0,0.0
andhra pradesh,14,android,wifi,Small (<500),36,0,0.0,0.0
andhra pradesh,14,android,wifi,Medium (500-2K),39,0,0.0,0.0
andhra pradesh,14,android,wifi,High (2K-10K),17,0,0.0,0.0
andhra pradesh,14,ios,3g,Small (<500),3,0,0.0,0.0
andhra pradesh,14,ios,3g,Medium (500-2K),2,0,0.0,0.0
andhra pradesh,14,ios,3g,High (2K-10K),2,0,0.0,0.0
andhra pradesh,14,ios,4g,Small (<500),47,0,0.0,0.0
andhra pradesh,14,ios,4g,Medium (500-2K),33,1,3.0303030303030303,840.0
andhra pradesh,14,ios,4g,High (2K-10K),22,0,0.0,0.0
andhra pradesh,14,ios,4g,Very High (>10K),1,0,0.0,0.0
andhra pradesh,14,ios,5g,Small (<500),17,0,0.0,0.0
andhra pradesh,14,ios,5g,Medium (500-2K),19,0,0.0,0.0
andhra pradesh,14,ios,5g,High (2K-10K),2,0,0.0,0.0
andhra pradesh,14,ios,wifi,Small (<500),9,0,0.0,0.0
andhra pradesh,14,ios,wifi,Medium (500-2K),2,0,0.0,0.0
andhra pradesh,14,ios,wifi,High (2K-10K),4,0,0.0,0.0
andhra pradesh,14,ios,wifi,Very High (>10K),1,0,0.0,0.0
andhra pradesh,14,web,3g,Medium (500-2K),1,0,0.0,0.0
andhra pradesh,14,web,3g,High (2K-10K),1,0,0.0,0.0
andhra pradesh,14,web,4g,Small (<500),13,0,0.0,0.0
andhra pradesh,14,web,4g,Medium (500-2K),11,0,0.0,0.0
andhra pradesh,14,web,4g,High (2K-10K),5,0,0.0,0.0
andhra pradesh,14,web,5g,Small (<500),4,0,0.0,0.0
andhra pradesh,14,web,5g,Medium (500-2K),4,0,0.0,0.0
andhra pradesh,14,web,5g,High (2K-10K),2,0,0.0,0.0
andhra pradesh,14,web,wifi,Medium (500-2K),2,0,0.0,0.0
andhra pradesh,14,web,wifi,High (2K-10K),1,0,0.0,0.0
andhra pradesh,15,android,3g,Small (<500),16,0,0.0,0.0
andhra pradesh,15,android,3g,Medium (500-2K),19,0,0.0,0.0
andhra pradesh,15,android,3g,High (2K-10K),6,0,0.0,0.0
andhra pradesh,15,android,4g,Small (<500),181,0,0.0,0.0
andhra pradesh,15,android,4g,Medium (500-2K),189,0,0.0,0.0
andhra pradesh,15,android,4g,High (2K-10K),102,0,0.0,0.0
andhra pradesh,15,android,4g,Very High (>10K),1,0,0.0,0.0
andhra pradesh,15,android,5g,Small (<500),76,0,0.0,0.0
andhra pradesh,15,android,5g,Medium (500-2K),67,0,0.0,0.0
andhra pradesh,15,android,5g,High (2K-10K),35,0,0.0,0.0
andhra pradesh,15,android,5g,Very High (>10K),5,0,0.0,0.0
andhra pradesh,15,android,wifi,Small (<500),30,0,0.0,0.0
andhra pradesh,15,android,wifi,Medium (500-2K),30,0,0.0,0.0
andhra pradesh,15,android,wifi,High (2K-10K),14,1,7.142857142857142,3002.0
andhra pradesh,15,android,wifi,Very High (>10K),1,0,0.0,0.0
andhra pradesh,15,ios,3g,Small (<500),3,0,0.0,0.0
andhra pradesh,15,ios,3g,Medium (500-2K),6,0,0.0,0.0
andhra pradesh,15,ios,3g,High (2K-10K),1,0,0.0,0.0
andhra pradesh,15,ios,4g,Small (<500),53,0,0.0,0.0
andhra pradesh,15,ios,4g,Medium (500-2K),44,1,2.272727272727273,609.0
andhra pradesh,15,ios,4g,High (2K-10K),24,0,0.0,0.0
andhra pradesh,15,ios,5g,Small (<500),22,0,0.0,0.0
andhra pradesh,15,ios,5g,Medium (500-2K),24,0,0.0,0.0
andhra pradesh,15,ios,5g,High (2K-10K),8,0,0.0,0.0
andhra pradesh,15,ios,wifi,Small (<500),12,0,0.0,0.0
andhra pradesh,15,ios,wifi,Medium (500-2K),8,0,0.0,0.0
andhra pradesh,15,ios,wifi,High (2K-10K),3,0,0.0,0.0
andhra pradesh,15,web,3g,Medium (500-2K),1,0,0.0,0.0
andhra pradesh,15,web,3g,High (2K-10K),1,0,0.0,0.0
andhra pradesh,15,web,4g,Small (<500),14,0,0.0,0.0
andhra pradesh,15,web,4g,Medium (500-2K),13,0,0.0,0.0
andhra pradesh,15,web,4g,High (2K-10K),8,1,12.5,3206.0
andhra pradesh,15,web,5g,Small (<500),3,0,0.0,0.0
andhra pradesh,15,web,5g,Medium (500-2K),5,0,0.0,0.0
andhra pradesh,15,web,5g,High (2K-10K),2,0,0.0,0.0
andhra pradesh,15,web,5g,Very High (>10K),1,0,0.0,0.0
andhra pradesh,15,web,wifi,High (2K-10K),1,0,0.0,0.0
andhra pradesh,16,android,3g,Small (<500),18,0,0.0,0.0
andhra pradesh,16,android,3g,Medium (500-2K),19,0,0.0,0.0
andhra pradesh,16,android,3g,High (2K-10K),12,0,0.0,0.0
andhra pradesh,16,android,3g,Very High (>10K),2,0,0.0,0.0
andhra pradesh,16,android,4g,Small (<500),211,2,0.9478672985781991,261.5
andhra pradesh,16,android,4g,Medium (500-2K),191,0,0.0,0.0
andhra pradesh,16,android,4g,High (2K-10K),87,0,0.0,0.0
andhra pradesh,16,android,5g,Small (<500),93,0,0.0,0.0
andhra pradesh,16,android,5g,Medium (500-2K),72,0,0.0,0.0
andhra pradesh,16,android,5g,High (2K-10K),40,0,0.0,0.0
andhra pradesh,16,android,wifi,Small (<500),37,0,0.0,0.0
andhra pradesh,16,android,wifi,Medium (500-2K),25,0,0.0,0.0
andhra pradesh,16,android,wifi,High (2K-10K),11,0,0.0,0.0
andhra pradesh,16,ios,3g,Small (<500),6,0,0.0,0.0
andhra pradesh,16,ios,3g,Medium (500-2K),3,0,0.0,0.0
andhra pradesh,16,ios,3g,High (2K-10K),1,0,0.0,0.0
andhra pradesh,16,ios,4g,Small (<500),45,0,0.0,0.0
andhra pradesh,16,ios,4g,Medium (500-2K),58,0,0.0,0.0
andhra pradesh,16,ios,4g,High (2K-10K),23,0,0.0,0.0
andhra pradesh,16,ios,4g,Very High (>10K),2,0,0.0,0.0
andhra pradesh,16,ios,5g,Small (<500),23,0,0.0,0.0
andhra pradesh,16,ios,5g,Medium (500-2K),14,0,0.0,0.0
andhra pradesh,16,ios,5g,High (2K-10K),12,0,0.0,0.0
andhra pradesh,16,ios,wifi,Small (<500),7,0,0.0,0.0
andhra pradesh,16,ios,wifi,Medium (500-2K),5,0,0.0,0.0
andhra pradesh,16,ios,wifi,High (2K-10K),3,0,0.0,0.0
andhra pradesh,16,ios,wifi,Very High (>10K),1,0,0.0,0.0
andhra pradesh,16,web,3g,Small (<500),1,0,0.0,0.0
andhra pradesh,16,web,4g,Small (<500),22,0,0.0,0.0
andhra pradesh,16,web,4g,Medium (500-2K),16,1,6.25,1093.0
andhra pradesh,16,web,4g,High (2K-10K),7,0,0.0,0.0
andhra pradesh,16,web,5g,Small (<500),5,0,0.0,0.0
andhra pradesh,16,web,5g,Medium (500-2K),8,0,0.0,0.0
andhra pradesh,16,web,5g,High (2K-10K),1,0,0.0,0.0
andhra pradesh,16,web,wifi,Small (<500),3,0,0.0,0.0
andhra pradesh,16,web,wifi,Medium (500-2K),5,0,0.0,0.0
andhra pradesh,16,web,wifi,High (2K-10K),2,0,0.0,0.0
andhra pradesh,17,android,3g,Small (<500),29,0,0.0,0.0
andhra pradesh,17,android,3g,Medium (500-2K),27,0,0.0,0.0
andhra pradesh,17,android,3g,High (2K-10K),11,0,0.0,0.0
andhra pradesh,17,android,4g,Small (<500),297,0,0.0,0.0
andhra pradesh,17,android,4g,Medium (500-2K),240,0,0.0,0.0
andhra pradesh,17,android,4g,High (2K-10K),123,1,0.8130081300813009,9879.0
andhra pradesh,17,android,4g,Very High (>10K),6,0,0.0,0.0
andhra pradesh,17,android,5g,Small (<500),119,0,0.0,0.0
andhra pradesh,17,android,5g,Medium (500-2K),109,1,0.9174311926605505,1392.0
andhra pradesh,17,android,5g,High (2K-10K),62,0,0.0,0.0
andhra pradesh,17,android,5g,Very High (>10K),4,0,0.0,0.0
andhra pradesh,17,android,wifi,Small (<500),43,0,0.0,0.0
andhra pradesh,17,android,wifi,Medium (500-2K),36,0,0.0,0.0
andhra pradesh,17,android,wifi,High (2K-10K),19,1,5.263157894736842,4875.0
andhra pradesh,17,android,wifi,Very High (>10K),2,0,0.0,0.0
andhra pradesh,17,ios,3g,Small (<500),6,0,0.0,0.0
andhra pradesh,17,ios,3g,Medium (500-2K),3,0,0.0,0.0
andhra pradesh,17,ios,3g,High (2K-10K),3,0,0.0,0.0
andhra pradesh,17,ios,4g,Small (<500),78,0,0.0,0.0
andhra pradesh,17,ios,4g,Medium (500-2K),74,0,0.0,0.0
andhra pradesh,17,ios,4g,High (2K-10K),37,0,0.0,0.0
andhra pradesh,17,ios,4g,Very High (>10K),1,0,0.0,0.0
andhra pradesh,17,ios,5g,Small (<500),27,0,0.0,0.0
andhra pradesh,17,ios,5g,Medium (500-2K),21,0,0.0,0.0
andhra pradesh,17,ios,5g,High (2K-10K),13,0,0.0,0.0
andhra pradesh,17,ios,5g,Very High (>10K),2,0,0.0,0.0
andhra pradesh,17,ios,wifi,Small (<500),15,0,0.0,0.0
andhra pradesh,17,ios,wifi,Medium (500-2K),9,0,0.0,0.0
andhra pradesh,17,ios,wifi,High (2K-10K),8,0,0.0,0.0
andhra pradesh,17,web,3g,Small (<500),5,0,0.0,0.0
andhra pradesh,17,web,4g,Small (<500),16,0,0.0,0.0
andhra pradesh,17,web,4g,Medium (500-2K),14,0,0.0,0.0
andhra pradesh,17,web,4g,High (2K-10K),14,0,0.0,0.0
andhra pradesh,17,web,5g,Small (<500),6,0,0.0,0.0
andhra pradesh,17,web,5g,Medium (500-2K),6,0,0.0,0.0
andhra pradesh,17,web,5g,High (2K-10K),1,0,0.0,0.0
andhra pradesh,17,web,5g,Very High (>10K),1,0,0.0,0.0
andhra pradesh,17,web,wifi,Small (<500),2,0,0.0,0.0
andhra pradesh,17,web,wifi,Medium (500-2K),4,0,0.0,0.0
andhra pradesh,17,web,wifi,High (2K-10K),2,0,0.0,0.0
andhra pradesh,18,android,3g,Small (<500),22,0,0.0,0.0
andhra pradesh,18,android,3g,Medium (500-2K),29,0,0.0,0.0
andhra pradesh,18,android,3g,High (2K-10K),11,0,0.0,0.0
andhra pradesh,18,android,3g,Very High (>10K),1,0,0.0,0.0
andhra pradesh,18,android,4g,Small (<500),335,1,0.2985074626865672,133.0
andhra pradesh,18,android,4g,Medium (500-2K),254,0,0.0,0.0
andhra pradesh,18,android,4g,High (2K-10K),138,0,0.0,0.0
andhra pradesh,18,android,4g,Very High (>10K),3,0,0.0,0.0
andhra pradesh,18,android,5g,Small (<500),145,0,0.0,0.0
andhra pradesh,18,android,5g,Medium (500-2K),114,0,0.0,0.0
andhra pradesh,18,android,5g,High (2K-10K),60,0,0.0,0.0
andhra pradesh,18,android,wifi,Small (<500),46,0,0.0,0.0
andhra pradesh,18,android,wifi,Medium (500-2K),47,0,0.0,0.0
andhra pradesh,18,android,wifi,High (2K-10K),25,0,0.0,0.0
andhra pradesh,18,ios,3g,Small (<500),8,0,0.0,0.0
andhra pradesh,18,ios,3g,Medium (500-2K),6,0,0.0,0.0
andhra pradesh,18,ios,3g,High (2K-10K),4,0,0.0,0.0
andhra pradesh,18,ios,4g,Small (<500),76,0,0.0,0.0
andhra pradesh,18,ios,4g,Medium (500-2K),76,0,0.0,0.0
andhra pradesh,18,ios,4g,High (2K-10K),39,0,0.0,0.0
andhra pradesh,18,ios,4g,Very High (>10K),2,0,0.0,0.0
andhra pradesh,18,ios,5g,Small (<500),27,0,0.0,0.0
andhra pradesh,18,ios,5g,Medium (500-2K),40,0,0.0,0.0
andhra pradesh,18,ios,5g,High (2K-10K),14,0,0.0,0.0
andhra pradesh,18,ios,5g,Very High (>10K),1,0,0.0,0.0
andhra pradesh,18,ios,wifi,Small (<500),14,0,0.0,0.0
andhra pradesh,18,ios,wifi,Medium (500-2K),16,0,0.0,0.0
andhra pradesh,18,ios,wifi,High (2K-10K),6,0,0.0,0.0
andhra pradesh,18,web,3g,Small (<500),1,0,0.0,0.0
andhra pradesh,18,web,3g,Medium (500-2K),1,0,0.0,0.0
andhra pradesh,18,web,4g,Small (<500),28,0,0.0,0.0
andhra pradesh,18,web,4g,Medium (500-2K),23,0,0.0,0.0
andhra pradesh,18,web,4g,High (2K-10K),13,0,0.0,0.0
andhra pradesh,18,web,5g,Small (<500),6,0,0.0,0.0
andhra pradesh,18,web,5g,Medium (500-2K),7,0,0.0,0.0
andhra pradesh,18,web,5g,High (2K-10K),1,0,0.0,0.0
andhra pradesh,18,web,5g,Very High (>10K),1,0,0.0,0.0
andhra pradesh,18,web,wifi,Small (<500),2,0,0.0,0.0
andhra pradesh,18,web,wifi,Medium (500-2K),2,0,0.0,0.0
andhra pradesh,18,web,wifi,High (2K-10K),1,0,0.0,0.0
andhra pradesh,19,android,3g,Small (<500),36,0,0.0,0.0
andhra pradesh,19,android,3g,Medium (500-2K),22,0,0.0,0.0
andhra pradesh,19,android,3g,High (2K-10K),14,1,7.142857142857142,3043.0
andhra pradesh,19,android,4g,Small (<500),358,1,0.27932960893854747,204.0
andhra pradesh,19,android,4g,Medium (500-2K),285,0,0.0,0.0
andhra pradesh,19,android,4g,High (2K-10K),147,1,0.6802721088435374,7833.0
andhra pradesh,19,android,4g,Very High (>10K),3,0,0.0,0.0
andhra pradesh,19,android,5g,Small (<500),139,0,0.0,0.0
andhra pradesh,19,android,5g,Medium (500-2K),121,0,0.0,0.0
andhra pradesh,19,android,5g,High (2K-10K),61,1,1.639344262295082,3857.0
andhra pradesh,19,android,5g,Very High (>10K),1,0,0.0,0.0
andhra pradesh,19,android,wifi,Small (<500),44,0,0.0,0.0
andhra pradesh,19,android,wifi,Medium (500-2K),47,0,0.0,0.0
andhra pradesh,19,android,wifi,High (2K-10K),26,1,3.8461538461538463,7625.0
andhra pradesh,19,ios,3g,Small (<500),11,0,0.0,0.0
andhra pradesh,19,ios,3g,Medium (500-2K),7,0,0.0,0.0
andhra pradesh,19,ios,4g,Small (<500),93,0,0.0,0.0
andhra pradesh,19,ios,4g,Medium (500-2K),57,0,0.0,0.0
andhra pradesh,19,ios,4g,High (2K-10K),31,0,0.0,0.0
andhra pradesh,19,ios,4g,Very High (>10K),1,0,0.0,0.0
andhra pradesh,19,ios,5g,Small (<500),40,1,2.5,441.0
andhra pradesh,19,ios,5g,Medium (500-2K),29,0,0.0,0.0
andhra pradesh,19,ios,5g,High (2K-10K),13,0,0.0,0.0
andhra pradesh,19,ios,wifi,Small (<500),12,0,0.0,0.0
andhra pradesh,19,ios,wifi,Medium (500-2K),10,0,0.0,0.0
andhra pradesh,19,ios,wifi,High (2K-10K),10,0,0.0,0.0
andhra pradesh,19,web,3g,Small (<500),3,0,0.0,0.0
andhra pradesh,19,web,3g,Medium (500-2K),2,0,0.0,0.0
andhra pradesh,19,web,3g,High (2K-10K),1,0,0.0,0.0
andhra pradesh,19,web,4g,Small (<500),27,0,0.0,0.0
andhra pradesh,19,web,4g,Medium (500-2K),22,0,0.0,0.0
andhra pradesh,19,web,4g,High (2K-10K),12,0,0.0,0.0
andhra pradesh,19,web,5g,Small (<500),8,0,0.0,0.0
andhra pradesh,19,web,5g,Medium (500-2K),12,0,0.0,0.0
andhra pradesh,19,web,5g,High (2K-10K),6,0,0.0,0.0
andhra pradesh,19,web,5g,Very High (>10K),1,0,0.0,0.0
andhra pradesh,19,web,wifi,Small (<500),6,0,0.0,0.0
andhra pradesh,19,web,wifi,Medium (500-2K),4,0,0.0,0.0
andhra pradesh,19,web,wifi,High (2K-10K),2,0,0.0,0.0
andhra pradesh,20,android,3g,Small (<500),19,0,0.0,0.0
andhra pradesh,20,android,3g,Medium (500-2K),32,0,0.0,0.0
andhra pradesh,20,android,3g,High (2K-10K),17,0,0.0,0.0
andhra pradesh,20,android,4g,Small (<500),328,1,0.3048780487804878,178.0
andhra pradesh,20,android,4g,Medium (500-2K),246,1,0.40650406504065045,654.0
andhra pradesh,20,android,4g,High (2K-10K),129,0,0.0,0.0
andhra pradesh,20,android,4g,Very High (>10K),8,0,0.0,0.0
andhra pradesh,20,android,5g,Small (<500),132,0,0.0,0.0
andhra pradesh,20,android,5g,Medium (500-2K),95,0,0.0,0.0
andhra pradesh,20,android,5g,High (2K-10K),50,0,0.0,0.0
andhra pradesh,20,android,5g,Very High (>10K),3,0,0.0,0.0
andhra pradesh,20,android,wifi,Small (<500),46,0,0.0,0.0
andhra pradesh,20,android,wifi,Medium (500-2K),33,0,0.0,0.0
andhra pradesh,20,android,wifi,High (2K-10K),32,0,0.0,0.0
andhra pradesh,20,ios,3g,Small (<500),6,0,0.0,0.0
andhra pradesh,20,ios,3g,Medium (500-2K),3,0,0.0,0.0
andhra pradesh,20,ios,3g,High (2K-10K),2,0,0.0,0.0
andhra pradesh,20,ios,4g,Small (<500),82,0,0.0,0.0
andhra pradesh,20,ios,4g,Medium (500-2K),62,0,0.0,0.0
andhra pradesh,20,ios,4g,High (2K-10K),40,0,0.0,0.0
andhra pradesh,20,ios,5g,Small (<500),34,0,0.0,0.0
andhra pradesh,20,ios,5g,Medium (500-2K),21,0,0.0,0.0
andhra pradesh,20,ios,5g,High (2K-10K),16,0,0.0,0.0
andhra pradesh,20,ios,5g,Very High (>10K),2,0,0.0,0.0
andhra pradesh,20,ios,wifi,Small (<500),13,0,0.0,0.0
andhra pradesh,20,ios,wifi,Medium (500-2K),14,0,0.0,0.0
andhra pradesh,20,ios,wifi,High (2K-10K),7,0,0.0,0.0
andhra pradesh,20,web,3g,Small (<500),1,0,0.0,0.0
andhra pradesh,20,web,4g,Small (<500),21,0,0.0,0.0
andhra pradesh,20,web,4g,Medium (500-2K),10,0,0.0,0.0
andhra pradesh,20,web,4g,High (2K-10K),12,0,0.0,0.0
andhra pradesh,20,web,5g,Small (<500),6,0,0.0,0.0
andhra pradesh,20,web,5g,Medium (500-2K),5,0,0.0,0.0
andhra pradesh,20,web,wifi,Small (<500),1,0,0.0,0.0
andhra pradesh,20,web,wifi,High (2K-10K),2,0,0.0,0.0
andhra pradesh,21,android,3g,Small (<500),21,0,0.0,0.0
andhra pradesh,21,android,3g,Medium (500-2K),16,0,0.0,0.0
andhra pradesh,21,android,3g,High (2K-10K),14,0,0.0,0.0
andhra pradesh,21,android,3g,Very High (>10K),1,0,0.0,0.0
andhra pradesh,21,android,4g,Small (<500),255,3,1.1764705882352942,286.0
andhra pradesh,21,android,4g,Medium (500-2K),227,0,0.0,0.0
andhra pradesh,21,android,4g,High (2K-10K),109,0,0.0,0.0
andhra pradesh,21,android,4g,Very High (>10K),5,0,0.0,0.0
andhra pradesh,21,android,5g,Small (<500),118,0,0.0,0.0
andhra pradesh,21,android,5g,Medium (500-2K),87,0,0.0,0.0
andhra pradesh,21,android,5g,High (2K-10K),40,0,0.0,0.0
andhra pradesh,21,android,wifi,Small (<500),34,0,0.0,0.0
andhra pradesh,21,android,wifi,Medium (500-2K),35,0,0.0,0.0
andhra pradesh,21,android,wifi,High (2K-10K),24,0,0.0,0.0
andhra pradesh,21,ios,3g,Small (<500),6,0,0.0,0.0
andhra pradesh,21,ios,3g,Medium (500-2K),8,0,0.0,0.0
andhra pradesh,21,ios,3g,High (2K-10K),1,0,0.0,0.0
andhra pradesh,21,ios,4g,Small (<500),65,0,0.0,0.0
andhra pradesh,21,ios,4g,Medium (500-2K),61,0,0.0,0.0
andhra pradesh,21,ios,4g,High (2K-10K),21,0,0.0,0.0
andhra pradesh,21,ios,5g,Small (<500),30,0,0.0,0.0
andhra pradesh,21,ios,5g,Medium (500-2K),16,0,0.0,0.0
andhra pradesh,21,ios,5g,High (2K-10K),8,0,0.0,0.0
andhra pradesh,21,ios,5g,Very High (>10K),1,0,0.0,0.0
andhra pradesh,21,ios,wifi,Small (<500),18,0,0.0,0.0
andhra pradesh,21,ios,wifi,Medium (500-2K),11,0,0.0,0.0
andhra pradesh,21,ios,wifi,High (2K-10K),6,0,0.0,0.0
andhra pradesh,21,web,3g,Medium (500-2K),4,0,0.0,0.0
andhra pradesh,21,web,4g,Small (<500),19,0,0.0,0.0
andhra pradesh,21,web,4g,Medium (500-2K),22,0,0.0,0.0
andhra pradesh,21,web,4g,High (2K-10K),7,0,0.0,0.0
andhra pradesh,21,web,5g,Small (<500),11,0,0.0,0.0
andhra pradesh,21,web,5g,Medium (500-2K),5,0,0.0,0.0
andhra pradesh,21,web,5g,High (2K-10K),1,0,0.0,0.0
andhra pradesh,21,web,wifi,Small (<500),3,0,0.0,0.0
andhra pradesh,21,web,wifi,Medium (500-2K),3,0,0.0,0.0
andhra pradesh,21,web,wifi,High (2K-10K),1,0,0.0,0.0
andhra pradesh,22,android,3g,Small (<500),11,0,0.0,0.0
andhra pradesh,22,android,3g,Medium (500-2K),6,0,0.0,0.0
andhra pradesh,22,android,3g,High (2K-10K),4,0,0.0,0.0
andhra pradesh,22,android,4g,Small (<500),136,1,0.7352941176470588,112.0
andhra pradesh,22,android,4g,Medium (500-2K),149,0,0.0,0.0
andhra pradesh,22,android,4g,High (2K-10K),56,0,0.0,0.0
andhra pradesh,22,android,4g,Very High (>10K),2,0,0.0,0.0
andhra pradesh,22,android,5g,Small (<500),60,0,0.0,0.0
andhra pradesh,22,android,5g,Medium (500-2K),53,0,0.0,0.0
andhra pradesh,22,android,5g,High (2K-10K),32,1,3.125,2366.0
andhra pradesh,22,android,5g,Very High (>10K),2,0,0.0,0.0
andhra pradesh,22,android,wifi,Small (<500),26,0,0.0,0.0
andhra pradesh,22,android,wifi,Medium (500-2K),28,0,0.0,0.0
andhra pradesh,22,android,wifi,High (2K-10K),11,0,0.0,0.0
andhra pradesh,22,android,wifi,Very High (>10K),1,0,0.0,0.0
andhra pradesh,22,ios,3g,Small (<500),1,0,0.0,0.0
andhra pradesh,22,ios,3g,Medium (500-2K),2,0,0.0,0.0
andhra pradesh,22,ios,3g,High (2K-10K),1,0,0.0,0.0
andhra pradesh,22,ios,4g,Small (<500),39,0,0.0,0.0
andhra pradesh,22,ios,4g,Medium (500-2K),34,0,0.0,0.0
andhra pradesh,22,ios,4g,High (2K-10K),20,0,0.0,0.0
andhra pradesh,22,ios,5g,Small (<500),18,0,0.0,0.0
andhra pradesh,22,ios,5g,Medium (500-2K),11,0,0.0,0.0
andhra pradesh,22,ios,5g,High (2K-10K),9,0,0.0,0.0
andhra pradesh,22,ios,wifi,Small (<500),5,0,0.0,0.0
andhra pradesh,22,ios,wifi,Medium (500-2K),3,0,0.0,0.0
andhra pradesh,22,ios,wifi,High (2K-10K),2,0,0.0,0.0
andhra pradesh,22,web,3g,Small (<500),1,0,0.0,0.0
andhra pradesh,22,web,3g,Medium (500-2K),1,0,0.0,0.0
andhra pradesh,22,web,4g,Small (<500),6,0,0.0,0.0
andhra pradesh,22,web,4g,Medium (500-2K),7,0,0.0,0.0
andhra pradesh,22,web,4g,High (2K-10K),8,0,0.0,0.0
andhra pradesh,22,web,5g,Small (<500),6,0,0.0,0.0
andhra pradesh,22,web,5g,Medium (500-2K),3,0,0.0,0.0
andhra pradesh,22,web,wifi,Small (<500),1,0,0.0,0.0
andhra pradesh,22,web,wifi,Medium (500-2K),4,0,0.0,0.0
andhra pradesh,23,android,3g,Small (<500),7,0,0.0,0.0
andhra pradesh,23,android,3g,Medium (500-2K),8,0,0.0,0.0
andhra pradesh,23,android,3g,High (2K-10K),4,0,0.0,0.0
andhra pradesh,23,android,3g,Very High (>10K),1,0,0.0,0.0
andhra pradesh,23,android,4g,Small (<500),86,0,0.0,0.0
andhra pradesh,23,android,4g,Medium (500-2K),69,0,0.0,0.0
andhra pradesh,23,android,4g,High (2K-10K),42,0,0.0,0.0
andhra pradesh,23,android,4g,Very High (>10K),1,0,0.0,0.0
andhra pradesh,23,android,5g,Small (<500),44,0,0.0,0.0
andhra pradesh,23,android,5g,Medium (500-2K),45,0,0.0,0.0
andhra pradesh,23,android,5g,High (2K-10K),16,0,0.0,0.0
andhra pradesh,23,android,wifi,Small (<500),16,0,0.0,0.0
andhra pradesh,23,android,wifi,Medium (500-2K),15,0,0.0,0.0
andhra pradesh,23,android,wifi,High (2K-10K),9,0,0.0,0.0
andhra pradesh,23,ios,3g,Small (<500),1,0,0.0,0.0
andhra pradesh,23,ios,3g,Medium (500-2K),1,0,0.0,0.0
andhra pradesh,23,ios,3g,High (2K-10K),1,0,0.0,0.0
andhra pradesh,23,ios,4g,Small (<500),26,0,0.0,0.0
andhra pradesh,23,ios,4g,Medium (500-2K),14,0,0.0,0.0
andhra pradesh,23,ios,4g,High (2K-10K),19,0,0.0,0.0
andhra pradesh,23,ios,5g,Small (<500),5,0,0.0,0.0
andhra pradesh,23,ios,5g,Medium (500-2K),11,0,0.0,0.0
andhra pradesh,23,ios,5g,High (2K-10K),5,0,0.0,0.0
andhra pradesh,23,ios,wifi,Small (<500),2,0,0.0,0.0
andhra pradesh,23,ios,wifi,Medium (500-2K),7,0,0.0,0.0
andhra pradesh,23,ios,wifi,High (2K-10K),1,0,0.0,0.0
andhra pradesh,23,web,3g,High (2K-10K),1,0,0.0,0.0
andhra pradesh,23,web,4g,Small (<500),10,0,0.0,0.0
andhra pradesh,23,web,4g,Medium (500-2K),3,0,0.0,0.0
andhra pradesh,23,web,4g,High (2K-10K),4,0,0.0,0.0
andhra pradesh,23,web,5g,Medium (500-2K),3,0,0.0,0.0
andhra pradesh,23,web,5g,High (2K-10K),1,0,0.0,0.0
andhra pradesh,23,web,wifi,Small (<500),1,0,0.0,0.0
delhi,0,android,3g,Small (<500),1,0,0.0,0.0
delhi,0,android,3g,Medium (500-2K),3,0,0.0,0.0
delhi,0,android,3g,High (2K-10K),2,0,0.0,0.0
delhi,0,android,4g,Small (<500),66,1,1.5151515151515151,365.0
delhi,0,android,4g,Medium (500-2K),71,0,0.0,0.0
delhi,0,android,4g,High (2K-10K),22,0,0.0,0.0
delhi,0,android,5g,Small (<500),17,0,0.0,0.0
delhi,0,android,5g,Medium (500-2K),23,0,0.0,0.0
delhi,0,android,5g,High (2K-10K),14,0,0.0,0.0
delhi,0,android,wifi,Small (<500),10,0,0.0,0.0
delhi,0,android,wifi,Medium (500-2K),14,0,0.0,0.0
delhi,0,android,wifi,High (2K-10K),4,0,0.0,0.0
delhi,0,ios,3g,Small (<500),2,0,0.0,0.0
delhi,0,ios,3g,Medium (500-2K),1,0,0.0,0.0
delhi,0,ios,3g,High (2K-10K),1,0,0.0,0.0
delhi,0,ios,4g,Small (<500),19,2,10.526315789473683,277.0
delhi,0,ios,4g,Medium (500-2K),14,0,0.0,0.0
delhi,0,ios,4g,High (2K-10K),5,0,0.0,0.0
delhi,0,ios,4g,Very High (>10K),1,0,0.0,0.0
delhi,0,ios,5g,Small (<500),4,0,0.0,0.0
delhi,0,ios,5g,Medium (500-2K),5,0,0.0,0.0
delhi,0,ios,5g,High (2K-10K),1,0,0.0,0.0
delhi,0,ios,5g,Very High (>10K),1,0,0.0,0.0
delhi,0,ios,wifi,Small (<500),4,0,0.0,0.0
delhi,0,ios,wifi,Medium (500-2K),8,0,0.0,0.0
delhi,0,ios,wifi,High (2K-10K),2,0,0.0,0.0
delhi,0,web,3g,High (2K-10K),2,0,0.0,0.0
delhi,0,web,4g,Small (<500),1,0,0.0,0.0
delhi,0,web,4g,Medium (500-2K),1,0,0.0,0.0
delhi,0,web,4g,High (2K-10K),1,0,0.0,0.0
delhi,0,web,5g,Small (<500),2,0,0.0,0.0
delhi,0,web,5g,Medium (500-2K),3,0,0.0,0.0
delhi,0,web,wifi,Medium (500-2K),3,0,0.0,0.0
delhi,1,android,3g,Small (<500),3,0,0.0,0.0
delhi,1,android,3g,Medium (500-2K),3,0,0.0,0.0
delhi,1,android,4g,Small (<500),32,0,0.0,0.0
delhi,1,android,4g,Medium (500-2K),30,0,0.0,0.0
delhi,1,android,4g,High (2K-10K),20,0,0.0,0.0
delhi,1,android,4g,Very High (>10K),1,0,0.0,0.0
delhi,1,android,5g,Small (<500),16,0,0.0,0.0
delhi,1,android,5g,Medium (500-2K),23,0,0.0,0.0
delhi,1,android,5g,High (2K-10K),12,0,0.0,0.0
delhi,1,android,5g,Very High (>10K),1,0,0.0,0.0
delhi,1,android,wifi,Small (<500),13,0,0.0,0.0
delhi,1,android,wifi,Medium (500-2K),8,0,0.0,0.0
delhi,1,android,wifi,High (2K-10K),2,0,0.0,0.0
delhi,1,ios,3g,Small (<500),1,0,0.0,0.0
delhi,1,ios,3g,Medium (500-2K),3,0,0.0,0.0
delhi,1,ios,4g,Small (<500),14,0,0.0,0.0
delhi,1,ios,4g,Medium (500-2K),11,0,0.0,0.0
delhi,1,ios,4g,High (2K-10K),5,0,0.0,0.0
delhi,1,ios,5g,Small (<500),4,0,0.0,0.0
delhi,1,ios,5g,Medium (500-2K),6,0,0.0,0.0
delhi,1,ios,wifi,Small (<500),1,0,0.0,0.0
delhi,1,web,3g,Small (<500),1,0,0.0,0.0
delhi,1,web,4g,Small (<500),2,0,0.0,0.0
delhi,1,web,4g,Medium (500-2K),1,0,0.0,0.0
delhi,1,web,4g,High (2K-10K),3,0,0.0,0.0
delhi,1,web,5g,Medium (500-2K),1,0,0.0,0.0
delhi,1,web,5g,High (2K-10K),1,0,0.0,0.0
delhi,2,android,3g,Small (<500),4,0,0.0,0.0
delhi,2,android,3g,Medium (500-2K),3,0,0.0,0.0
delhi,2,android,3g,High (2K-10K),2,0,0.0,0.0
delhi,2,android,4g,Small (<500),33,0,0.0,0.0
delhi,2,android,4g,Medium (500-2K),26,0,0.0,0.0
delhi,2,android,4g,High (2K-10K),9,0,0.0,0.0
delhi,2,android,5g,Small (<500),20,0,0.0,0.0
delhi,2,android,5g,Medium (500-2K),18,0,0.0,0.0
delhi,2,android,5g,High (2K-10K),4,0,0.0,0.0
delhi,2,android,wifi,Small (<500),4,0,0.0,0.0
delhi,2,android,wifi,Medium (500-2K),4,0,0.0,0.0
delhi,2,android,wifi,High (2K-10K),5,0,0.0,0.0
delhi,2,ios,4g,Small (<500),9,0,0.0,0.0
delhi,2,ios,4g,Medium (500-2K),9,0,0.0,0.0
delhi,2,ios,4g,High (2K-10K),3,0,0.0,0.0
delhi,2,ios,5g,Small (<500),4,0,0.0,0.0
delhi,2,ios,5g,Medium (500-2K),3,0,0.0,0.0
delhi,2,ios,wifi,Small (<500),1,0,0.0,0.0
delhi,2,ios,wifi,Medium (500-2K),1,0,0.0,0.0
delhi,2,ios,wifi,High (2K-10K),2,0,0.0,0.0
delhi,2,web,4g,Small (<500),2,0,0.0,0.0
delhi,2,web,4g,Medium (500-2K),2,0,0.0,0.0
delhi,2,web,4g,High (2K-10K),1,0,0.0,0.0
delhi,2,web,5g,Medium (500-2K),2,0,0.0,0.0
delhi,2,web,wifi,Small (<500),2,0,0.0,0.0
delhi,2,web,wifi,Medium (500-2K),1,0,0.0,0.0
delhi,3,android,3g,Small (<500),4,0,0.0,0.0
delhi,3,android,3g,Medium (500-2K),2,0,0.0,0.0
delhi,3,android,3g,High (2K-10K),1,0,0.0,0.0
delhi,3,android,4g,Small (<500),29,0,0.0,0.0
delhi,3,android,4g,Medium (500-2K),29,0,0.0,0.0
delhi,3,android,4g,High (2K-10K),17,1,5.88235294117647,7402.0
delhi,3,android,4g,Very High (>10K),1,0,0.0,0.0
delhi,3,android,5g,Small (<500),8,0,0.0,0.0
delhi,3,android,5g,Medium (500-2K),8,0,0.0,0.0
delhi,3,android,5g,High (2K-10K),6,0,0.0,0.0
delhi,3,android,5g,Very High (>10K),2,0,0.0,0.0
delhi,3,android,wifi,Small (<500),6,0,0.0,0.0
delhi,3,android,wifi,Medium (500-2K),1,0,0.0,0.0
delhi,3,android,wifi,High (2K-10K),1,0,0.0,0.0
delhi,3,ios,3g,Medium (500-2K),1,0,0.0,0.0
delhi,3,ios,3g,High (2K-10K),2,0,0.0,0.0
delhi,3,ios,4g,Small (<500),5,0,0.0,0.0
delhi,3,ios,4g,Medium (500-2K),3,0,0.0,0.0
delhi,3,ios,4g,High (2K-10K),2,0,0.0,0.0
delhi,3,ios,5g,Small (<500),3,0,0.0,0.0
delhi,3,ios,5g,Medium (500-2K),3,0,0.0,0.0
delhi,3,ios,5g,High (2K-10K),2,0,0.0,0.0
delhi,3,web,3g,Medium (500-2K),1,0,0.0,0.0
delhi,3,web,4g,Small (<500),1,0,0.0,0.0
delhi,3,web,4g,Medium (500-2K),1,0,0.0,0.0
delhi,3,web,5g,Small (<500),2,0,0.0,0.0
delhi,3,web,5g,Medium (500-2K),1,0,0.0,0.0
delhi,3,web,wifi,Medium (500-2K),1,0,0.0,0.0
delhi,4,android,3g,Small (<500),3,0,0.0,0.0
delhi,4,android,4g,Small (<500),19,1,5.263157894736842,233.0
delhi,4,android,4g,Medium (500-2K),21,0,0.0,0.0
delhi,4,android,4g,High (2K-10K),13,0,0.0,0.0
delhi,4,android,5g,Small (<500),8,0,0.0,0.0
delhi,4,android,5g,Medium (500-2K),3,0,0.0,0.0
delhi,4,android,5g,High (2K-10K),4,0,0.0,0.0
delhi,4,android,5g,Very High (>10K),1,0,0.0,0.0
delhi,4,android,wifi,Small (<500),3,0,0.0,0.0
delhi,4,android,wifi,Medium (500-2K),2,0,0.0,0.0
delhi,4,android,wifi,High (2K-10K),3,0,0.0,0.0
delhi,4,ios,3g,Medium (500-2K),1,0,0.0,0.0
delhi,4,ios,4g,Small (<500),6,0,0.0,0.0
delhi,4,ios,4g,Medium (500-2K),7,0,0.0,0.0
delhi,4,ios,4g,High (2K-10K),3,0,0.0,0.0
delhi,4,ios,5g,Medium (500-2K),1,0,0.0,0.0
delhi,4,ios,5g,High (2K-10K),1,0,0.0,0.0
delhi,4,ios,wifi,Small (<500),4,0,0.0,0.0
delhi,4,ios,wifi,Medium (500-2K),1,0,0.0,0.0
delhi,4,ios,wifi,High (2K-10K),1,0,0.0,0.0
delhi,4,web,3g,Medium (500-2K),1,0,0.0,0.0
delhi,4,web,4g,Small (<500),4,0,0.0,0.0
delhi,4,web,4g,Medium (500-2K),2,0,0.0,0.0
delhi,4,web,4g,Very High (>10K),1,0,0.0,0.0
delhi,4,web,5g,Medium (500-2K),1,0,0.0,0.0
delhi,4,web,5g,High (2K-10K),1,0,0.0,0.0
delhi,4,web,wifi,High (2K-10K),1,0,0.0,0.0
delhi,5,android,3g,Small (<500),5,0,0.0,0.0
delhi,5,android,3g,Medium (500-2K),5,0,0.0,0.0
delhi,5,android,4g,Small (<500),28,0,0.0,0.0
delhi,5,android,4g,Medium (500-2K),31,0,0.0,0.0
delhi,5,android,4g,High (2K-10K),12,0,0.0,0.0
delhi,5,android,5g,Small (<500),11,0,0.0,0.0
delhi,5,android,5g,Medium (500-2K),12,0,0.0,0.0
delhi,5,android,5g,High (2K-10K),4,0,0.0,0.0
delhi,5,android,wifi,Small (<500),6,0,0.0,0.0
delhi,5,android,wifi,Medium (500-2K),8,0,0.0,0.0
delhi,5,android,wifi,High (2K-10K),4,0,0.0,0.0
delhi,5,ios,3g,Small (<500),1,0,0.0,0.0
delhi,5,ios,4g,Small (<500),11,0,0.0,0.0
delhi,5,ios,4g,Medium (500-2K),5,0,0.0,0.0
delhi,5,ios,4g,High (2K-10K),3,0,0.0,0.0
delhi,5,ios,5g,Small (<500),1,0,0.0,0.0
delhi,5,ios,5g,Medium (500-2K),2,0,0.0,0.0
delhi,5,ios,5g,High (2K-10K),2,0,0.0,0.0
delhi,5,ios,5g,Very High (>10K),1,0,0.0,0.0
delhi,5,ios,wifi,Small (<500),3,0,0.0,0.0
delhi,5,web,4g,Small (<500),3,0,0.0,0.0
delhi,5,web,4g,Medium (500-2K),1,0,0.0,0.0
delhi,5,web,4g,High (2K-10K),1,0,0.0,0.0
delhi,5,web,5g,Small (<500),2,0,0.0,0.0
delhi,5,web,wifi,Small (<500),1,0,0.0,0.0
delhi,6,android,3g,Small (<500),6,0,0.0,0.0
delhi,6,android,3g,Medium (500-2K),5,0,0.0,0.0
delhi,6,android,3g,High (2K-10K),2,0,0.0,0.0
delhi,6,android,4g,Small (<500),58,0,0.0,0.0
delhi,6,android,4g,Medium (500-2K),52,0,0.0,0.0
delhi,6,android,4g,High (2K-10K),24,0,0.0,0.0
delhi,6,android,4g,Very High (>10K),2,0,0.0,0.0
delhi,6,android,5g,Small (<500),19,0,0.0,0.0
delhi,6,android,5g,Medium (500-2K),22,0,0.0,0.0
delhi,6,android,5g,High (2K-10K),15,0,0.0,0.0
delhi,6,android,wifi,Small (<500),5,0,0.0,0.0
delhi,6,android,wifi,Medium (500-2K),14,0,0.0,0.0
delhi,6,android,wifi,High (2K-10K),5,0,0.0,0.0
delhi,6,ios,3g,Small (<500),2,0,0.0,0.0
delhi,6,ios,4g,Small (<500),19,0,0.0,0.0
delhi,6,ios,4g,Medium (500-2K),14,1,7.142857142857142,682.0
delhi,6,ios,4g,High (2K-10K),7,0,0.0,0.0
delhi,6,ios,4g,Very High (>10K),1,0,0.0,0.0
delhi,6,ios,5g,Small (<500),8,0,0.0,0.0
delhi,6,ios,5g,Medium (500-2K),10,0,0.0,0.0
delhi,6,ios,5g,High (2K-10K),3,0,0.0,0.0
delhi,6,ios,wifi,Small (<500),4,0,0.0,0.0
delhi,6,ios,wifi,Medium (500-2K),1,0,0.0,0.0
delhi,6,ios,wifi,High (2K-10K),1,0,0.0,0.0
delhi,6,web,4g,Small (<500),3,0,0.0,0.0
delhi,6,web,4g,Medium (500-2K),3,0,0.0,0.0
delhi,6,web,4g,High (2K-10K),4,0,0.0,0.0
delhi,6,web,5g,Small (<500),2,0,0.0,0.0
delhi,6,web,5g,Medium (500-2K),1,0,0.0,0.0
delhi,6,web,wifi,Small (<500),1,0,0.0,0.0
delhi,6,web,wifi,Medium (500-2K),1,0,0.0,0.0
delhi,7,android,3g,Small (<500),12,0,0.0,0.0
delhi,7,android,3g,Medium (500-2K),14,0,0.0,0.0
delhi,7,android,3g,High (2K-10K),1,0,0.0,0.0
delhi,7,android,4g,Small (<500),126,0,0.0,0.0
delhi,7,android,4g,Medium (500-2K),88,0,0.0,0.0
delhi,7,android,4g,High (2K-10K),47,0,0.0,0.0
delhi,7,android,4g,Very High (>10K),1,0,0.0,0.0
delhi,7,android,5g,Small (<500),52,0,0.0,0.0
delhi,7,android,5g,Medium (500-2K),41,0,0.0,0.0
delhi,7,android,5g,High (2K-10K),24,0,0.0,0.0
delhi,7,android,wifi,Small (<500),12,0,0.0,0.0
delhi,7,android,wifi,Medium (500-2K),17,0,0.0,0.0
delhi,7,android,wifi,High (2K-10K),16,0,0.0,0.0
delhi,7,ios,3g,Small (<500),1,0,0.0,0.0
delhi,7,ios,3g,Medium (500-2K),3,0,0.0,0.0
delhi,7,ios,3g,High (2K-10K),2,0,0.0,0.0
delhi,7,ios,4g,Small (<500),30,0,0.0,0.0
delhi,7,ios,4g,Medium (500-2K),21,0,0.0,0.0
delhi,7,ios,4g,High (2K-10K),7,0,0.0,0.0
delhi,7,ios,5g,Small (<500),10,0,0.0,0.0
delhi,7,ios,5g,Medium (500-2K),5,0,0.0,0.0
delhi,7,ios,wifi,Small (<500),7,0,0.0,0.0
delhi,7,ios,wifi,Medium (500-2K),7,0,0.0,0.0
delhi,7,ios,wifi,High (2K-10K),2,0,0.0,0.0
delhi,7,web,4g,Small (<500),5,0,0.0,0.0
delhi,7,web,4g,Medium (500-2K),7,0,0.0,0.0
delhi,7,web,4g,High (2K-10K),4,0,0.0,0.0
delhi,7,web,5g,Small (<500),3,0,0.0,0.0
delhi,7,web,5g,Medium (500-2K),3,0,0.0,0.0
delhi,7,web,5g,High (2K-10K),2,0,0.0,0.0
delhi,7,web,wifi,Small (<500),3,0,0.0,0.0
delhi,7,web,wifi,Medium (500-2K),5,0,0.0,0.0
delhi,7,web,wifi,High (2K-10K),1,0,0.0,0.0
delhi,8,android,3g,Small (<500),9,0,0.0,0.0
delhi,8,android,3g,Medium (500-2K),13,0,0.0,0.0
delhi,8,android,3g,High (2K-10K),6,0,0.0,0.0
delhi,8,android,3g,Very High (>10K),1,0,0.0,0.0
delhi,8,android,4g,Small (<500),161,0,0.0,0.0
delhi,8,android,4g,Medium (500-2K),151,0,0.0,0.0
delhi,8,android,4g,High (2K-10K),77,0,0.0,0.0
delhi,8,android,4g,Very High (>10K),3,0,0.0,0.0
delhi,8,android,5g,Small (<500),64,0,0.0,0.0
delhi,8,android,5g,Medium (500-2K),66,0,0.0,0.0
delhi,8,android,5g,High (2K-10K),28,0,0.0,0.0
delhi,8,android,5g,Very High (>10K),1,0,0.0,0.0
delhi,8,android,wifi,Small (<500),18,0,0.0,0.0
delhi,8,android,wifi,Medium (500-2K),21,0,0.0,0.0
delhi,8,android,wifi,High (2K-10K),10,0,0.0,0.0
delhi,8,android,wifi,Very High (>10K),1,0,0.0,0.0
delhi,8,ios,3g,Small (<500),2,0,0.0,0.0
delhi,8,ios,3g,High (2K-10K),1,0,0.0,0.0
delhi,8,ios,4g,Small (<500),51,0,0.0,0.0
delhi,8,ios,4g,Medium (500-2K),38,0,0.0,0.0
delhi,8,ios,4g,High (2K-10K),26,0,0.0,0.0
delhi,8,ios,5g,Small (<500),21,0,0.0,0.0
delhi,8,ios,5g,Medium (500-2K),14,0,0.0,0.0
delhi,8,ios,5g,High (2K-10K),8,0,0.0,0.0
delhi,8,ios,5g,Very High (>10K),1,0,0.0,0.0
delhi,8,ios,wifi,Small (<500),4,0,0.0,0.0
delhi,8,ios,wifi,Medium (500-2K),3,0,0.0,0.0
delhi,8,ios,wifi,High (2K-10K),4,0,0.0,0.0
delhi,8,web,3g,Medium (500-2K),3,0,0.0,0.0
delhi,8,web,4g,Small (<500),14,0,0.0,0.0
delhi,8,web,4g,Medium (500-2K),8,0,0.0,0.0
delhi,8,web,4g,High (2K-10K),3,0,0.0,0.0
delhi,8,web,5g,Small (<500),6,0,0.0,0.0
delhi,8,web,5g,Medium (500-2K),2,0,0.0,0.0
delhi,8,web,5g,High (2K-10K),2,0,0.0,0.0
delhi,8,web,wifi,Small (<500),3,0,0.0,0.0
delhi,8,web,wifi,Medium (500-2K),2,0,0.0,0.0
delhi,9,android,3g,Small (<500),11,0,0.0,0.0
delhi,9,android,3g,Medium (500-2K),11,0,0.0,0.0
delhi,9,android,3g,High (2K-10K),10,0,0.0,0.0
delhi,9,android,4g,Small (<500),204,0,0.0,0.0
delhi,9,android,4g,Medium (500-2K),167,0,0.0,0.0
delhi,9,android,4g,High (2K-10K),88,1,1.1363636363636365,2398.0
delhi,9,android,5g,Small (<500),84,0,0.0,0.0
delhi,9,android,5g,Medium (500-2K),81,0,0.0,0.0
delhi,9,android,5g,High (2K-10K),40,0,0.0,0.0
delhi,9,android,5g,Very High (>10K),1,0,0.0,0.0
delhi,9,android,wifi,Small (<500),36,0,0.0,0.0
delhi,9,android,wifi,Medium (500-2K),30,0,0.0,0.0
delhi,9,android,wifi,High (2K-10K),11,0,0.0,0.0
delhi,9,ios,3g,Small (<500),5,0,0.0,0.0
delhi,9,ios,3g,Medium (500-2K),5,0,0.0,0.0
delhi,9,ios,3g,High (2K-10K),1,0,0.0,0.0
delhi,9,ios,4g,Small (<500),48,0,0.0,0.0
delhi,9,ios,4g,Medium (500-2K),46,0,0.0,0.0
delhi,9,ios,4g,High (2K-10K),33,0,0.0,0.0
delhi,9,ios,4g,Very High (>10K),2,0,0.0,0.0
delhi,9,ios,5g,Small (<500),23,0,0.0,0.0
delhi,9,ios,5g,Medium (500-2K),15,0,0.0,0.0
delhi,9,ios,5g,High (2K-10K),8,0,0.0,0.0
delhi,9,ios,wifi,Small (<500),6,0,0.0,0.0
delhi,9,ios,wifi,Medium (500-2K),6,0,0.0,0.0
delhi,9,ios,wifi,High (2K-10K),4,0,0.0,0.0
delhi,9,web,3g,Small (<500),1,0,0.0,0.0
delhi,9,web,3g,High (2K-10K),1,0,0.0,0.0
delhi,9,web,4g,Small (<500),13,0,0.0,0.0
delhi,9,web,4g,Medium (500-2K),11,0,0.0,0.0
delhi,9,web,4g,High (2K-10K),10,0,0.0,0.0
delhi,9,web,5g,Small (<500),7,0,0.0,0.0
delhi,9,web,5g,Medium (500-2K),5,0,0.0,0.0
delhi,9,web,5g,High (2K-10K),3,0,0.0,0.0
delhi,9,web,wifi,Small (<500),1,0,0.0,0.0
delhi,9,web,wifi,Medium (500-2K),1,0,0.0,0.0
delhi,9,web,wifi,High (2K-10K),1,0,0.0,0.0
delhi,10,android,3g,Small (<500),20,0,0.0,0.0
delhi,10,android,3g,Medium (500-2K),16,0,0.0,0.0
delhi,10,android,3g,High (2K-10K),14,0,0.0,0.0
delhi,10,android,4g,Small (<500),263,0,0.0,0.0
delhi,10,android,4g,Medium (500-2K),228,0,0.0,0.0
delhi,10,android,4g,High (2K-10K),115,0,0.0,0.0
delhi,10,android,4g,Very High (>10K),3,0,0.0,0.0
delhi,10,android,5g,Small (<500),127,0,0.0,0.0
delhi,10,android,5g,Medium (500-2K),88,1,1.1363636363636365,760.0
delhi,10,android,5g,High (2K-10K),53,0,0.0,0.0
delhi,10,android,5g,Very High (>10K),2,0,0.0,0.0
delhi,10,android,wifi,Small (<500),40,0,0.0,0.0
delhi,10,android,wifi,Medium (500-2K),35,1,2.857142857142857,562.0
delhi,10,android,wifi,High (2K-10K),16,0,0.0,0.0
delhi,10,android,wifi,Very High (>10K),1,0,0.0,0.0
delhi,10,ios,3g,Small (<500),11,0,0.0,0.0
delhi,10,ios,3g,Medium (500-2K),7,0,0.0,0.0
delhi,10,ios,3g,High (2K-10K),2,0,0.0,0.0
delhi,10,ios,3g,Very High (>10K),1,0,0.0,0.0
delhi,10,ios,4g,Small (<500),58,0,0.0,0.0
delhi,10,ios,4g,Medium (500-2K),69,0,0.0,0.0
delhi,10,ios,4g,High (2K-10K),31,0,0.0,0.0
delhi,10,ios,4g,Very High (>10K),1,0,0.0,0.0
delhi,10,ios,5g,Small (<500),15,0,0.0,0.0
delhi,10,ios,5g,Medium (500-2K),22,0,0.0,0.0
delhi,10,ios,5g,High (2K-10K),14,0,0.0,0.0
delhi,10,ios,5g,Very High (>10K),2,0,0.0,0.0
delhi,10,ios,wifi,Small (<500),11,0,0.0,0.0
delhi,10,ios,wifi,Medium (500-2K),12,0,0.0,0.0
delhi,10,ios,wifi,High (2K-10K),6,0,0.0,0.0
delhi,10,ios,wifi,Very High (>10K),1,0,0.0,0.0
delhi,10,web,3g,Medium (500-2K),4,0,0.0,0.0
delhi,10,web,4g,Small (<500),14,0,0.0,0.0
delhi,10,web,4g,Medium (500-2K),14,0,0.0,0.0
delhi,10,web,4g,High (2K-10K),6,0,0.0,0.0
delhi,10,web,5g,Small (<500),5,0,0.0,0.0
delhi,10,web,5g,Medium (500-2K),6,0,0.0,0.0
delhi,10,web,5g,High (2K-10K),2,0,0.0,0.0
delhi,10,web,wifi,Small (<500),1,0,0.0,0.0
delhi,10,web,wifi,Medium (500-2K),2,0,0.0,0.0
delhi,10,web,wifi,High (2K-10K),1,0,0.0,0.0
delhi,11,android,3g,Small (<500),20,0,0.0,0.0
delhi,11,android,3g,Medium (500-2K),27,0,0.0,0.0
delhi,11,android,3g,High (2K-10K),9,0,0.0,0.0
delhi,11,android,3g,Very High (>10K),2,0,0.0,0.0
delhi,11,android,4g,Small (<500),317,2,0.6309148264984227,209.0
delhi,11,android,4g,Medium (500-2K),300,0,0.0,0.0
delhi,11,android,4g,High (2K-10K),138,1,0.7246376811594203,2441.0
delhi,11,android,4g,Very High (>10K),3,0,0.0,0.0
delhi,11,android,5g,Small (<500),145,0,0.0,0.0
delhi,11,android,5g,Medium (500-2K),114,0,0.0,0.0
delhi,11,android,5g,High (2K-10K),56,0,0.0,0.0
delhi,11,android,5g,Very High (>10K),4,0,0.0,0.0
delhi,11,android,wifi,Small (<500),48,0,0.0,0.0
delhi,11,android,wifi,Medium (500-2K),56,0,0.0,0.0
delhi,11,android,wifi,High (2K-10K),22,1,4.545454545454546,3886.0
delhi,11,android,wifi,Very High (>10K),2,0,0.0,0.0
delhi,11,ios,3g,Small (<500),8,0,0.0,0.0
delhi,11,ios,3g,Medium (500-2K),7,0,0.0,0.0
delhi,11,ios,3g,High (2K-10K),3,0,0.0,0.0
delhi,11,ios,4g,Small (<500),92,0,0.0,0.0
delhi,11,ios,4g,Medium (500-2K),44,0,0.0,0.0
delhi,11,ios,4g,High (2K-10K),30,0,0.0,0.0
delhi,11,ios,5g,Small (<500),35,0,0.0,0.0
delhi,11,ios,5g,Medium (500-2K),26,0,0.0,0.0
delhi,11,ios,5g,High (2K-10K),13,0,0.0,0.0
delhi,11,ios,wifi,Small (<500),18,0,0.0,0.0
delhi,11,ios,wifi,Medium (500-2K),7,0,0.0,0.0
delhi,11,ios,wifi,High (2K-10K),4,0,0.0,0.0
delhi,11,web,3g,Small (<500),4,0,0.0,0.0
delhi,11,web,3g,High (2K-10K),1,0,0.0,0.0
delhi,11,web,4g,Small (<500),22,0,0.0,0.0
delhi,11,web,4g,Medium (500-2K),23,0,0.0,0.0
delhi,11,web,4g,High (2K-10K),5,0,0.0,0.0
delhi,11,web,5g,Small (<500),10,0,0.0,0.0
delhi,11,web,5g,Medium (500-2K),5,0,0.0,0.0
delhi,11,web,5g,High (2K-10K),9,0,0.0,0.0
delhi,11,web,wifi,Small (<500),5,0,0.0,0.0
delhi,11,web,wifi,Medium (500-2K),4,0,0.0,0.0
delhi,11,web,wifi,High (2K-10K),2,0,0.0,0.0
delhi,12,android,3g,Small (<500),25,0,0.0,0.0
delhi,12,android,3g,Medium (500-2K),30,0,0.0,0.0
delhi,12,android,3g,High (2K-10K),11,0,0.0,0.0
delhi,12,android,3g,Very High (>10K),1,0,0.0,0.0
delhi,12,android,4g,Small (<500),338,0,0.0,0.0
delhi,12,android,4g,Medium (500-2K),303,1,0.33003300330033003,957.0
delhi,12,android,4g,High (2K-10K),159,0,0.0,0.0
delhi,12,android,4g,Very High (>10K),6,0,0.0,0.0
delhi,12,android,5g,Small (<500),134,2,1.4925373134328357,181.0
delhi,12,android,5g,Medium (500-2K),123,0,0.0,0.0
delhi,12,android,5g,High (2K-10K),70,1,1.4285714285714286,2077.0
delhi,12,android,5g,Very High (>10K),3,1,33.33333333333333,14656.0
delhi,12,android,wifi,Small (<500),52,0,0.0,0.0
delhi,12,android,wifi,Medium (500-2K),42,0,0.0,0.0
delhi,12,android,wifi,High (2K-10K),25,0,0.0,0.0
delhi,12,android,wifi,Very High (>10K),2,0,0.0,0.0
delhi,12,ios,3g,Small (<500),8,0,0.0,0.0
delhi,12,ios,3g,Medium (500-2K),9,0,0.0,0.0
delhi,12,ios,3g,High (2K-10K),2,0,0.0,0.0
delhi,12,ios,4g,Small (<500),77,0,0.0,0.0
delhi,12,ios,4g,Medium (500-2K),72,0,0.0,0.0
delhi,12,ios,4g,High (2K-10K),48,0,0.0,0.0
delhi,12,ios,4g,Very High (>10K),2,0,0.0,0.0
delhi,12,ios,5g,Small (<500),40,0,0.0,0.0
delhi,12,ios,5g,Medium (500-2K),36,0,0.0,0.0
delhi,12,ios,5g,High (2K-10K),13,0,0.0,0.0
delhi,12,ios,5g,Very High (>10K),1,0,0.0,0.0
delhi,12,ios,wifi,Small (<500),15,0,0.0,0.0
delhi,12,ios,wifi,Medium (500-2K),6,0,0.0,0.0
delhi,12,ios,wifi,High (2K-10K),8,0,0.0,0.0
delhi,12,web,3g,Small (<500),1,0,0.0,0.0
delhi,12,web,3g,Medium (500-2K),2,0,0.0,0.0
delhi,12,web,4g,Small (<500),22,0,0.0,0.0
delhi,12,web,4g,Medium (500-2K),15,0,0.0,0.0
delhi,12,web,4g,High (2K-10K),12,0,0.0,0.0
delhi,12,web,5g,Small (<500),14,1,7.142857142857142,215.0
delhi,12,web,5g,Medium (500-2K),9,0,0.0,0.0
delhi,12,web,5g,High (2K-10K),4,0,0.0,0.0
delhi,12,web,wifi,Small (<500),5,0,0.0,0.0
delhi,12,web,wifi,Medium (500-2K),4,0,0.0,0.0
delhi,12,web,wifi,High (2K-10K),4,0,0.0,0.0
delhi,13,android,3g,Small (<500),19,0,0.0,0.0
delhi,13,android,3g,Medium (500-2K),15,0,0.0,0.0
delhi,13,android,3g,High (2K-10K),11,0,0.0,0.0
delhi,13,android,4g,Small (<500),300,0,0.0,0.0
delhi,13,android,4g,Medium (500-2K),227,0,0.0,0.0
delhi,13,android,4g,High (2K-10K),121,0,0.0,0.0
delhi,13,android,4g,Very High (>10K),4,0,0.0,0.0
delhi,13,android,5g,Small (<500),135,0,0.0,0.0
delhi,13,android,5g,Medium (500-2K),108,0,0.0,0.0
delhi,13,android,5g,High (2K-10K),56,0,0.0,0.0
delhi,13,android,5g,Very High (>10K),1,0,0.0,0.0
delhi,13,android,wifi,Small (<500),49,0,0.0,0.0
delhi,13,android,wifi,Medium (500-2K),44,0,0.0,0.0
delhi,13,android,wifi,High (2K-10K),14,0,0.0,0.0
delhi,13,ios,3g,Small (<500),7,0,0.0,0.0
delhi,13,ios,3g,Medium (500-2K),5,0,0.0,0.0
delhi,13,ios,3g,High (2K-10K),2,0,0.0,0.0
delhi,13,ios,4g,Small (<500),76,0,0.0,0.0
delhi,13,ios,4g,Medium (500-2K),74,0,0.0,0.0
delhi,13,ios,4g,High (2K-10K),31,0,0.0,0.0
delhi,13,ios,5g,Small (<500),35,0,0.0,0.0
delhi,13,ios,5g,Medium (500-2K),26,0,0.0,0.0
delhi,13,ios,5g,High (2K-10K),13,0,0.0,0.0
delhi,13,ios,5g,Very High (>10K),1,0,0.0,0.0
delhi,13,ios,wifi,Small (<500),12,0,0.0,0.0
delhi,13,ios,wifi,Medium (500-2K),11,0,0.0,0.0
delhi,13,ios,wifi,High (2K-10K),9,0,0.0,0.0
delhi,13,web,3g,Medium (500-2K),3,0,0.0,0.0
delhi,13,web,3g,High (2K-10K),2,0,0.0,0.0
delhi,13,web,4g,Small (<500),23,0,0.0,0.0
delhi,13,web,4g,Medium (500-2K),14,0,0.0,0.0
delhi,13,web,4g,High (2K-10K),3,0,0.0,0.0
delhi,13,web,5g,Small (<500),9,0,0.0,0.0
delhi,13,web,5g,Medium (500-2K),9,0,0.0,0.0
delhi,13,web,5g,High (2K-10K),2,0,0.0,0.0
delhi,13,web,5g,Very High (>10K),1,0,0.0,0.0
delhi,13,web,wifi,Small (<500),2,0,0.0,0.0
delhi,13,web,wifi,Medium (500-2K),2,0,0.0,0.0
delhi,13,web,wifi,High (2K-10K),1,0,0.0,0.0
delhi,14,android,3g,Small (<500),16,0,0.0,0.0
delhi,14,android,3g,Medium (500-2K),13,0,0.0,0.0
delhi,14,android,3g,High (2K-10K),11,0,0.0,0.0
delhi,14,android,4g,Small (<500),245,1,0.40816326530612246,312.0
delhi,14,android,4g,Medium (500-2K),216,0,0.0,0.0
delhi,14,android,4g,High (2K-10K),98,0,0.0,0.0
delhi,14,android,4g,Very High (>10K),4,0,0.0,0.0
delhi,14,android,5g,Small (<500),95,1,1.0526315789473684,474.0
delhi,14,android,5g,Medium (500-2K),77,0,0.0,0.0
delhi,14,android,5g,High (2K-10K),52,0,0.0,0.0
delhi,14,android,5g,Very High (>10K),1,0,0.0,0.0
delhi,14,android,wifi,Small (<500),44,0,0.0,0.0
delhi,14,android,wifi,Medium (500-2K),30,0,0.0,0.0
delhi,14,android,wifi,High (2K-10K),19,0,0.0,0.0
delhi,14,ios,3g,Small (<500),2,0,0.0,0.0
delhi,14,ios,3g,Medium (500-2K),3,0,0.0,0.0
delhi,14,ios,4g,Small (<500),47,2,4.25531914893617,487.5
delhi,14,ios,4g,Medium (500-2K),56,0,0.0,0.0
delhi,14,ios,4g,High (2K-10K),21,0,0.0,0.0
delhi,14,ios,5g,Small (<500),30,0,0.0,0.0
delhi,14,ios,5g,Medium (500-2K),24,0,0.0,0.0
delhi,14,ios,5g,High (2K-10K),8,0,0.0,0.0
delhi,14,ios,wifi,Small (<500),17,0,0.0,0.0
delhi,14,ios,wifi,Medium (500-2K),10,0,0.0,0.0
delhi,14,ios,wifi,High (2K-10K),4,0,0.0,0.0
delhi,14,web,3g,Small (<500),4,0,0.0,0.0
delhi,14,web,3g,Medium (500-2K),2,0,0.0,0.0
delhi,14,web,4g,Small (<500),18,0,0.0,0.0
delhi,14,web,4g,Medium (500-2K),7,0,0.0,0.0
delhi,14,web,4g,High (2K-10K),11,0,0.0,0.0
delhi,14,web,5g,Small (<500),2,0,0.0,0.0
delhi,14,web,5g,Medium (500-2K),5,0,0.0,0.0
delhi,14,web,5g,High (2K-10K),1,0,0.0,0.0
delhi,14,web,5g,Very High (>10K),1,0,0.0,0.0
delhi,14,web,wifi,Small (<500),6,0,0.0,0.0
delhi,14,web,wifi,Medium (500-2K),3,0,0.0,0.0
delhi,14,web,wifi,High (2K-10K),2,0,0.0,0.0
delhi,15,android,3g,Small (<500),18,0,0.0,0.0
delhi,15,android,3g,Medium (500-2K),15,0,0.0,0.0
delhi,15,android,3g,High (2K-10K),14,0,0.0,0.0
delhi,15,android,4g,Small (<500),246,0,0.0,0.0
delhi,15,android,4g,Medium (500-2K),223,1,0.4484304932735426,1163.0
delhi,15,android,4g,High (2K-10K),109,0,0.0,0.0
delhi,15,android,4g,Very High (>10K),4,0,0.0,0.0
delhi,15,android,5g,Small (<500),124,0,0.0,0.0
delhi,15,android,5g,Medium (500-2K),72,0,0.0,0.0
delhi,15,android,5g,High (2K-10K),44,1,2.272727272727273,3584.0
delhi,15,android,5g,Very High (>10K),7,0,0.0,0.0
delhi,15,android,wifi,Small (<500),50,0,0.0,0.0
delhi,15,android,wifi,Medium (500-2K),34,0,0.0,0.0
delhi,15,android,wifi,High (2K-10K),15,0,0.0,0.0
delhi,15,android,wifi,Very High (>10K),1,0,0.0,0.0
delhi,15,ios,3g,Small (<500),6,0,0.0,0.0
delhi,15,ios,3g,Medium (500-2K),2,0,0.0,0.0
delhi,15,ios,3g,High (2K-10K),2,0,0.0,0.0
delhi,15,ios,3g,Very High (>10K),1,0,0.0,0.0
delhi,15,ios,4g,Small (<500),60,0,0.0,0.0
delhi,15,ios,4g,Medium (500-2K),59,0,0.0,0.0
delhi,15,ios,4g,High (2K-10K),26,0,0.0,0.0
delhi,15,ios,5g,Small (<500),28,0,0.0,0.0
delhi,15,ios,5g,Medium (500-2K),34,0,0.0,0.0
delhi,15,ios,5g,High (2K-10K),17,0,0.0,0.0
delhi,15,ios,wifi,Small (<500),9,0,0.0,0.0
delhi,15,ios,wifi,Medium (500-2K),13,0,0.0,0.0
delhi,15,ios,wifi,High (2K-10K),5,0,0.0,0.0
delhi,15,web,4g,Small (<500),13,0,0.0,0.0
delhi,15,web,4g,Medium (500-2K),11,0,0.0,0.0
delhi,15,web,4g,High (2K-10K),5,0,0.0,0.0
delhi,15,web,5g,Small (<500),9,0,0.0,0.0
delhi,15,web,5g,Medium (500-2K),3,0,0.0,0.0
delhi,15,web,5g,High (2K-10K),6,0,0.0,0.0
delhi,15,web,wifi,Small (<500),6,0,0.0,0.0
delhi,15,web,wifi,Medium (500-2K),5,0,0.0,0.0
delhi,15,web,wifi,High (2K-10K),1,0,0.0,0.0
delhi,16,android,3g,Small (<500),22,0,0.0,0.0
delhi,16,android,3g,Medium (500-2K),21,0,0.0,0.0
delhi,16,android,3g,High (2K-10K),11,0,0.0,0.0
delhi,16,android,4g,Small (<500),294,2,0.6802721088435374,298.5
delhi,16,android,4g,Medium (500-2K),237,2,0.8438818565400843,915.0
delhi,16,android,4g,High (2K-10K),125,0,0.0,0.0
delhi,16,android,4g,Very High (>10K),4,0,0.0,0.0
delhi,16,android,5g,Small (<500),113,0,0.0,0.0
delhi,16,android,5g,Medium (500-2K),96,0,0.0,0.0
delhi,16,android,5g,High (2K-10K),52,0,0.0,0.0
delhi,16,android,5g,Very High (>10K),3,0,0.0,0.0
delhi,16,android,wifi,Small (<500),34,0,0.0,0.0
delhi,16,android,wifi,Medium (500-2K),46,1,2.1739130434782608,1223.0
delhi,16,android,wifi,High (2K-10K),16,0,0.0,0.0
delhi,16,android,wifi,Very High (>10K),1,0,0.0,0.0
delhi,16,ios,3g,Small (<500),5,0,0.0,0.0
delhi,16,ios,3g,Medium (500-2K),6,0,0.0,0.0
delhi,16,ios,3g,High (2K-10K),2,0,0.0,0.0
delhi,16,ios,4g,Small (<500),70,0,0.0,0.0
delhi,16,ios,4g,Medium (500-2K),70,0,0.0,0.0
delhi,16,ios,4g,High (2K-10K),23,0,0.0,0.0
delhi,16,ios,5g,Small (<500),28,0,0.0,0.0
delhi,16,ios,5g,Medium (500-2K),26,0,0.0,0.0
delhi,16,ios,5g,High (2K-10K),18,0,0.0,0.0
delhi,16,ios,wifi,Small (<500),13,0,0.0,0.0
delhi,16,ios,wifi,Medium (500-2K),9,0,0.0,0.0
delhi,16,ios,wifi,High (2K-10K),5,0,0.0,0.0
delhi,16,ios,wifi,Very High (>10K),1,0,0.0,0.0
delhi,16,web,3g,Medium (500-2K),1,0,0.0,0.0
delhi,16,web,4g,Small (<500),18,0,0.0,0.0
delhi,16,web,4g,Medium (500-2K),15,0,0.0,0.0
delhi,16,web,4g,High (2K-10K),12,0,0.0,0.0
delhi,16,web,5g,Small (<500),8,0,0.0,0.0
delhi,16,web,5g,Medium (500-2K),4,0,0.0,0.0
delhi,16,web,5g,High (2K-10K),3,0,0.0,0.0
delhi,16,web,wifi,Small (<500),3,0,0.0,0.0
delhi,16,web,wifi,High (2K-10K),1,0,0.0,0.0
delhi,17,android,3g,Small (<500),33,0,0.0,0.0
delhi,17,android,3g,Medium (500-2K),27,0,0.0,0.0
delhi,17,android,3g,High (2K-10K),14,0,0.0,0.0
delhi,17,android,4g,Small (<500),319,2,0.6269592476489028,252.5
delhi,17,android,4g,Medium (500-2K),347,0,0.0,0.0
delhi,17,android,4g,High (2K-10K),142,2,1.4084507042253522,3617.5
delhi,17,android,4g,Very High (>10K),7,0,0.0,0.0
delhi,17,android,5g,Small (<500),144,1,0.6944444444444444,59.0
delhi,17,android,5g,Medium (500-2K),127,1,0.7874015748031495,570.0
delhi,17,android,5g,High (2K-10K),69,0,0.0,0.0
delhi,17,android,5g,Very High (>10K),5,0,0.0,0.0
delhi,17,android,wifi,Small (<500),62,0,0.0,0.0
delhi,17,android,wifi,Medium (500-2K),55,0,0.0,0.0
delhi,17,android,wifi,High (2K-10K),21,0,0.0,0.0
delhi,17,android,wifi,Very High (>10K),1,0,0.0,0.0
delhi,17,ios,3g,Small (<500),8,0,0.0,0.0
delhi,17,ios,3g,Medium (500-2K),7,0,0.0,0.0
delhi,17,ios,3g,High (2K-10K),1,0,0.0,0.0
delhi,17,ios,3g,Very High (>10K),1,0,0.0,0.0
delhi,17,ios,4g,Small (<500),82,0,0.0,0.0
delhi,17,ios,4g,Medium (500-2K),67,1,1.4925373134328357,1651.0
delhi,17,ios,4g,High (2K-10K),39,0,0.0,0.0
delhi,17,ios,4g,Very High (>10K),1,0,0.0,0.0
delhi,17,ios,5g,Small (<500),26,0,0.0,0.0
delhi,17,ios,5g,Medium (500-2K),27,0,0.0,0.0
delhi,17,ios,5g,High (2K-10K),29,0,0.0,0.0
delhi,17,ios,wifi,Small (<500),10,0,0.0,0.0
delhi,17,ios,wifi,Medium (500-2K),11,0,0.0,0.0
delhi,17,ios,wifi,High (2K-10K),6,1,16.666666666666664,2690.0
delhi,17,ios,wifi,Very High (>10K),1,0,0.0,0.0
delhi,17,web,3g,Medium (500-2K),1,0,0.0,0.0
delhi,17,web,3g,High (2K-10K),1,0,0.0,0.0
delhi,17,web,3g,Very High (>10K),1,0,0.0,0.0
delhi,17,web,4g,Small (<500),16,0,0.0,0.0
delhi,17,web,4g,Medium (500-2K),15,0,0.0,0.0
delhi,17,web,4g,High (2K-10K),12,0,0.0,0.0
delhi,17,web,5g,Small (<500),9,0,0.0,0.0
delhi,17,web,5g,Medium (500-2K),10,0,0.0,0.0
delhi,17,web,5g,High (2K-10K),4,0,0.0,0.0
delhi,17,web,wifi,Small (<500),6,0,0.0,0.0
delhi,17,web,wifi,Medium (500-2K),4,0,0.0,0.0
delhi,18,android,3g,Small (<500),48,0,0.0,0.0
delhi,18,android,3g,Medium (500-2K),25,0,0.0,0.0
delhi,18,android,3g,High (2K-10K),13,0,0.0,0.0
delhi,18,android,4g,Small (<500),395,0,0.0,0.0
delhi,18,android,4g,Medium (500-2K),312,0,0.0,0.0
delhi,18,android,4g,High (2K-10K),173,0,0.0,0.0
delhi,18,android,4g,Very High (>10K),5,0,0.0,0.0
delhi,18,android,5g,Small (<500),158,0,0.0,0.0
delhi,18,android,5g,Medium (500-2K),137,0,0.0,0.0
delhi,18,android,5g,High (2K-10K),74,0,0.0,0.0
delhi,18,android,5g,Very High (>10K),1,0,0.0,0.0
delhi,18,android,wifi,Small (<500),58,0,0.0,0.0
delhi,18,android,wifi,Medium (500-2K),63,0,0.0,0.0
delhi,18,android,wifi,High (2K-10K),25,0,0.0,0.0
delhi,18,android,wifi,Very High (>10K),3,0,0.0,0.0
delhi,18,ios,3g,Small (<500),12,0,0.0,0.0
delhi,18,ios,3g,Medium (500-2K),9,0,0.0,0.0
delhi,18,ios,3g,High (2K-10K),3,0,0.0,0.0
delhi,18,ios,4g,Small (<500),122,0,0.0,0.0
delhi,18,ios,4g,Medium (500-2K),102,0,0.0,0.0
delhi,18,ios,4g,High (2K-10K),40,0,0.0,0.0
delhi,18,ios,4g,Very High (>10K),2,0,0.0,0.0
delhi,18,ios,5g,Small (<500),55,0,0.0,0.0
delhi,18,ios,5g,Medium (500-2K),40,0,0.0,0.0
delhi,18,ios,5g,High (2K-10K),21,0,0.0,0.0
delhi,18,ios,wifi,Small (<500),20,0,0.0,0.0
delhi,18,ios,wifi,Medium (500-2K),18,0,0.0,0.0
delhi,18,ios,wifi,High (2K-10K),6,0,0.0,0.0
delhi,18,web,3g,Medium (500-2K),2,0,0.0,0.0
delhi,18,web,3g,High (2K-10K),1,0,0.0,0.0
delhi,18,web,4g,Small (<500),21,0,0.0,0.0
delhi,18,web,4g,Medium (500-2K),16,0,0.0,0.0
delhi,18,web,4g,High (2K-10K),9,0,0.0,0.0
delhi,18,web,5g,Small (<500),14,0,0.0,0.0
delhi,18,web,5g,Medium (500-2K),9,0,0.0,0.0
delhi,18,web,5g,High (2K-10K),3,0,0.0,0.0
delhi,18,web,wifi,Small (<500),5,0,0.0,0.0
delhi,18,web,wifi,Medium (500-2K),4,0,0.0,0.0
delhi,18,web,wifi,High (2K-10K),1,0,0.0,0.0
delhi,19,android,3g,Small (<500),22,0,0.0,0.0
delhi,19,android,3g,Medium (500-2K),34,0,0.0,0.0
delhi,19,android,3g,High (2K-10K),15,0,0.0,0.0
delhi,19,android,4g,Small (<500),408,0,0.0,0.0
delhi,19,android,4g,Medium (500-2K),361,2,0.554016620498615,702.0
delhi,19,android,4g,High (2K-10K),177,1,0.5649717514124294,9074.0
delhi,19,android,4g,Very High (>10K),10,0,0.0,0.0
delhi,19,android,5g,Small (<500),162,0,0.0,0.0
delhi,19,android,5g,Medium (500-2K),146,0,0.0,0.0
delhi,19,android,5g,High (2K-10K),80,1,1.25,2244.0
delhi,19,android,5g,Very High (>10K),1,0,0.0,0.0
delhi,19,android,wifi,Small (<500),62,0,0.0,0.0
delhi,19,android,wifi,Medium (500-2K),68,0,0.0,0.0
delhi,19,android,wifi,High (2K-10K),35,1,2.857142857142857,3457.0
delhi,19,ios,3g,Small (<500),6,0,0.0,0.0
delhi,19,ios,3g,Medium (500-2K),10,0,0.0,0.0
delhi,19,ios,3g,High (2K-10K),2,0,0.0,0.0
delhi,19,ios,4g,Small (<500),108,1,0.9259259259259258,214.0
delhi,19,ios,4g,Medium (500-2K),93,0,0.0,0.0
delhi,19,ios,4g,High (2K-10K),45,0,0.0,0.0
delhi,19,ios,4g,Very High (>10K),2,0,0.0,0.0
delhi,19,ios,5g,Small (<500),45,0,0.0,0.0
delhi,19,ios,5g,Medium (500-2K),34,0,0.0,0.0
delhi,19,ios,5g,High (2K-10K),24,0,0.0,0.0
delhi,19,ios,5g,Very High (>10K),1,0,0.0,0.0
delhi,19,ios,wifi,Small (<500),18,0,0.0,0.0
delhi,19,ios,wifi,Medium (500-2K),14,0,0.0,0.0
delhi,19,ios,wifi,High (2K-10K),7,0,0.0,0.0
delhi,19,web,3g,Small (<500),4,0,0.0,0.0
delhi,19,web,3g,Medium (500-2K),1,0,0.0,0.0
delhi,19,web,3g,High (2K-10K),1,0,0.0,0.0
delhi,19,web,4g,Small (<500),30,0,0.0,0.0
delhi,19,web,4g,Medium (500-2K),32,0,0.0,0.0
delhi,19,web,4g,High (2K-10K),9,0,0.0,0.0
delhi,19,web,4g,Very High (>10K),3,0,0.0,0.0
delhi,19,web,5g,Small (<500),9,0,0.0,0.0
delhi,19,web,5g,Medium (500-2K),9,0,0.0,0.0
delhi,19,web,5g,High (2K-10K),4,0,0.0,0.0
delhi,19,web,5g,Very High (>10K),1,0,0.0,0.0
delhi,19,web,wifi,Small (<500),7,0,0.0,0.0
delhi,19,web,wifi,Medium (500-2K),5,0,0.0,0.0
delhi,19,web,wifi,High (2K-10K),2,0,0.0,0.0
delhi,20,android,3g,Small (<500),28,0,0.0,0.0
delhi,20,android,3g,Medium (500-2K),20,0,0.0,0.0
delhi,20,android,3g,High (2K-10K),8,0,0.0,0.0
delhi,20,android,4g,Small (<500),347,0,0.0,0.0
delhi,20,android,4g,Medium (500-2K),316,1,0.31645569620253167,871.0
delhi,20,android,4g,High (2K-10K),173,0,0.0,0.0
delhi,20,android,4g,Very High (>10K),9,0,0.0,0.0
delhi,20,android,5g,Small (<500),148,0,0.0,0.0
delhi,20,android,5g,Medium (500-2K),129,0,0.0,0.0
delhi,20,android,5g,High (2K-10K),69,0,0.0,0.0
delhi,20,android,wifi,Small (<500),63,0,0.0,0.0
delhi,20,android,wifi,Medium (500-2K),55,1,1.8181818181818181,904.0
delhi,20,android,wifi,High (2K-10K),24,0,0.0,0.0
delhi,20,ios,3g,Small (<500),11,0,0.0,0.0
delhi,20,ios,3g,Medium (500-2K),9,0,0.0,0.0
delhi,20,ios,3g,High (2K-10K),1,0,0.0,0.0
delhi,20,ios,4g,Small (<500),99,0,0.0,0.0
delhi,20,ios,4g,Medium (500-2K),98,1,1.0204081632653061,1321.0
delhi,20,ios,4g,High (2K-10K),43,0,0.0,0.0
delhi,20,ios,5g,Small (<500),40,0,0.0,0.0
delhi,20,ios,5g,Medium (500-2K),28,0,0.0,0.0
delhi,20,ios,5g,High (2K-10K),11,0,0.0,0.0
delhi,20,ios,5g,Very High (>10K),2,0,0.0,0.0
delhi,20,ios,wifi,Small (<500),8,0,0.0,0.0
delhi,20,ios,wifi,Medium (500-2K),14,0,0.0,0.0
delhi,20,ios,wifi,High (2K-10K),9,0,0.0,0.0
delhi,20,web,3g,Small (<500),2,0,0.0,0.0
delhi,20,web,3g,Medium (500-2K),1,0,0.0,0.0
delhi,20,web,4g,Small (<500),16,0,0.0,0.0
delhi,20,web,4g,Medium (500-2K),26,0,0.0,0.0
delhi,20,web,4g,High (2K-10K),13,1,7.6923076923076925,2894.0
delhi,20,web,4g,Very High (>10K),1,0,0.0,0.0
delhi,20,web,5g,Small (<500),8,0,0.0,0.0
delhi,20,web,5g,Medium (500-2K),7,0,0.0,0.0
delhi,20,web,5g,High (2K-10K),3,0,0.0,0.0
delhi,20,web,wifi,Small (<500),6,0,0.0,0.0
delhi,20,web,wifi,Medium (500-2K),1,0,0.0,0.0
delhi,20,web,wifi,High (2K-10K),2,0,0.0,0.0
delhi,21,android,3g,Small (<500),27,0,0.0,0.0
delhi,21,android,3g,Medium (500-2K),16,0,0.0,0.0
delhi,21,android,3g,High (2K-10K),9,0,0.0,0.0
delhi,21,android,4g,Small (<500),309,0,0.0,0.0
delhi,21,android,4g,Medium (500-2K),260,0,0.0,0.0
delhi,21,android,4g,High (2K-10K),143,0,0.0,0.0
delhi,21,android,4g,Very High (>10K),9,0,0.0,0.0
delhi,21,android,5g,Small (<500),119,0,0.0,0.0
delhi,21,android,5g,Medium (500-2K),117,0,0.0,0.0
delhi,21,android,5g,High (2K-10K),62,0,0.0,0.0
delhi,21,android,5g,Very High (>10K),1,0,0.0,0.0
delhi,21,android,wifi,Small (<500),56,0,0.0,0.0
delhi,21,android,wifi,Medium (500-2K),46,0,0.0,0.0
delhi,21,android,wifi,High (2K-10K),27,0,0.0,0.0
delhi,21,android,wifi,Very High (>10K),1,0,0.0,0.0
delhi,21,ios,3g,Small (<500),7,0,0.0,0.0
delhi,21,ios,3g,Medium (500-2K),3,0,0.0,0.0
delhi,21,ios,4g,Small (<500),84,0,0.0,0.0
delhi,21,ios,4g,Medium (500-2K),85,0,0.0,0.0
delhi,21,ios,4g,High (2K-10K),32,0,0.0,0.0
delhi,21,ios,4g,Very High (>10K),2,0,0.0,0.0
delhi,21,ios,5g,Small (<500),33,0,0.0,0.0
delhi,21,ios,5g,Medium (500-2K),56,0,0.0,0.0
delhi,21,ios,5g,High (2K-10K),10,0,0.0,0.0
delhi,21,ios,wifi,Small (<500),16,0,0.0,0.0
delhi,21,ios,wifi,Medium (500-2K),10,0,0.0,0.0
delhi,21,ios,wifi,High (2K-10K),4,0,0.0,0.0
delhi,21,ios,wifi,Very High (>10K),1,0,0.0,0.0
delhi,21,web,3g,Small (<500),1,0,0.0,0.0
delhi,21,web,4g,Small (<500),14,0,0.0,0.0
delhi,21,web,4g,Medium (500-2K),28,0,0.0,0.0
delhi,21,web,4g,High (2K-10K),8,0,0.0,0.0
delhi,21,web,5g,Small (<500),11,0,0.0,0.0
delhi,21,web,5g,Medium (500-2K),3,0,0.0,0.0
delhi,21,web,5g,High (2K-10K),7,0,0.0,0.0
delhi,21,web,wifi,Small (<500),4,0,0.0,0.0
delhi,21,web,wifi,Medium (500-2K),3,0,0.0,0.0
delhi,21,web,wifi,High (2K-10K),1,0,0.0,0.0
delhi,22,android,3g,Small (<500),9,0,0.0,0.0
delhi,22,android,3g,Medium (500-2K),17,0,0.0,0.0
delhi,22,android,3g,High (2K-10K),6,0,0.0,0.0
delhi,22,android,4g,Small (<500),193,1,0.5181347150259068,234.0
delhi,22,android,4g,Medium (500-2K),157,0,0.0,0.0
delhi,22,android,4g,High (2K-10K),70,0,0.0,0.0
delhi,22,android,4g,Very High (>10K),3,0,0.0,0.0
delhi,22,android,5g,Small (<500),75,0,0.0,0.0
delhi,22,android,5g,Medium (500-2K),64,0,0.0,0.0
delhi,22,android,5g,High (2K-10K),44,0,0.0,0.0
delhi,22,android,5g,Very High (>10K),3,0,0.0,0.0
delhi,22,android,wifi,Small (<500),33,0,0.0,0.0
delhi,22,android,wifi,Medium (500-2K),23,0,0.0,0.0
delhi,22,android,wifi,High (2K-10K),14,0,0.0,0.0
delhi,22,ios,3g,Small (<500),1,0,0.0,0.0
delhi,22,ios,3g,Medium (500-2K),4,0,0.0,0.0
delhi,22,ios,3g,High (2K-10K),2,0,0.0,0.0
delhi,22,ios,4g,Small (<500),49,0,0.0,0.0
delhi,22,ios,4g,Medium (500-2K),35,0,0.0,0.0
delhi,22,ios,4g,High (2K-10K),25,0,0.0,0.0
delhi,22,ios,5g,Small (<500),12,0,0.0,0.0
delhi,22,ios,5g,Medium (500-2K),14,0,0.0,0.0
delhi,22,ios,5g,High (2K-10K),7,0,0.0,0.0
delhi,22,ios,wifi,Small (<500),10,0,0.0,0.0
delhi,22,ios,wifi,Medium (500-2K),5,0,0.0,0.0
delhi,22,ios,wifi,High (2K-10K),3,0,0.0,0.0
delhi,22,web,3g,Medium (500-2K),2,0,0.0,0.0
delhi,22,web,3g,High (2K-10K),1,0,0.0,0.0
delhi,22,web,4g,Small (<500),13,0,0.0,0.0
delhi,22,web,4g,Medium (500-2K),11,0,0.0,0.0
delhi,22,web,4g,High (2K-10K),5,0,0.0,0.0
delhi,22,web,5g,Small (<500),5,0,0.0,0.0
delhi,22,web,5g,Medium (500-2K),3,0,0.0,0.0
delhi,22,web,5g,High (2K-10K),3,0,0.0,0.0
delhi,22,web,wifi,Small (<500),5,0,0.0,0.0
delhi,22,web,wifi,High (2K-10K),1,0,0.0,0.0
delhi,23,android,3g,Small (<500),8,0,0.0,0.0
delhi,23,android,3g,Medium (500-2K),7,0,0.0,0.0
delhi,23,android,3g,High (2K-10K),2,0,0.0,0.0
delhi,23,android,4g,Small (<500),114,1,0.8771929824561403,222.0
delhi,23,android,4g,Medium (500-2K),77,0,0.0,0.0
delhi,23,android,4g,High (2K-10K),43,0,0.0,0.0
delhi,23,android,4g,Very High (>10K),2,0,0.0,0.0
delhi,23,android,5g,Small (<500),40,0,0.0,0.0
delhi,23,android,5g,Medium (500-2K),26,0,0.0,0.0
delhi,23,android,5g,High (2K-10K),25,0,0.0,0.0
delhi,23,android,wifi,Small (<500),24,0,0.0,0.0
delhi,23,android,wifi,Medium (500-2K),16,0,0.0,0.0
delhi,23,android,wifi,High (2K-10K),7,0,0.0,0.0
delhi,23,ios,3g,Small (<500),1,0,0.0,0.0
delhi,23,ios,3g,Medium (500-2K),2,0,0.0,0.0
delhi,23,ios,3g,High (2K-10K),2,0,0.0,0.0
delhi,23,ios,4g,Small (<500),27,0,0.0,0.0
delhi,23,ios,4g,Medium (500-2K),27,0,0.0,0.0
delhi,23,ios,4g,High (2K-10K),14,0,0.0,0.0
delhi,23,ios,4g,Very High (>10K),2,0,0.0,0.0
delhi,23,ios,5g,Small (<500),13,0,0.0,0.0
delhi,23,ios,5g,Medium (500-2K),9,0,0.0,0.0
delhi,23,ios,5g,High (2K-10K),5,0,0.0,0.0
delhi,23,ios,wifi,Small (<500),2,0,0.0,0.0
delhi,23,ios,wifi,Medium (500-2K),1,0,0.0,0.0
delhi,23,ios,wifi,High (2K-10K),2,0,0.0,0.0
delhi,23,web,3g,Small (<500),1,0,0.0,0.0
delhi,23,web,3g,Medium (500-2K),1,0,0.0,0.0
delhi,23,web,4g,Small (<500),10,0,0.0,0.0
delhi,23,web,4g,Medium (500-2K),7,0,0.0,0.0
delhi,23,web,4g,High (2K-10K),4,0,0.0,0.0
delhi,23,web,4g,Very High (>10K),1,0,0.0,0.0
delhi,23,web,5g,Small (<500),5,0,0.0,0.0
delhi,23,web,5g,Medium (500-2K),1,0,0.0,0.0
delhi,23,web,5g,High (2K-10K),2,0,0.0,0.0
delhi,23,web,wifi,Medium (500-2K),1,0,0.0,0.0
delhi,23,web,wifi,High (2K-10K),1,0,0.0,0.0
gujarat,0,android,3g,Small (<500),4,0,0.0,0.0
gujarat,0,android,3g,Medium (500-2K),4,0,0.0,0.0
gujarat,0,android,3g,High (2K-10K),2,0,0.0,0.0
gujarat,0,android,4g,Small (<500),48,0,0.0,0.0
gujarat,0,android,4g,Medium (500-2K),34,0,0.0,0.0
gujarat,0,android,4g,High (2K-10K),28,0,0.0,0.0
gujarat,0,android,5g,Small (<500),30,0,0.0,0.0
gujarat,0,android,5g,Medium (500-2K),20,0,0.0,0.0
gujarat,0,android,5g,High (2K-10K),10,0,0.0,0.0
gujarat,0,android,wifi,Small (<500),9,0,0.0,0.0
gujarat,0,android,wifi,Medium (500-2K),5,0,0.0,0.0
gujarat,0,android,wifi,High (2K-10K),7,0,0.0,0.0
gujarat,0,android,wifi,Very High (>10K),1,0,0.0,0.0
gujarat,0,ios,3g,Medium (500-2K),3,0,0.0,0.0
gujarat,0,ios,3g,Very High (>10K),1,0,0.0,0.0
gujarat,0,ios,4g,Small (<500),12,0,0.0,0.0
gujarat,0,ios,4g,Medium (500-2K),7,0,0.0,0.0
gujarat,0,ios,4g,High (2K-10K),8,0,0.0,0.0
gujarat,0,ios,5g,Small (<500),6,0,0.0,0.0
gujarat,0,ios,5g,Medium (500-2K),8,0,0.0,0.0
gujarat,0,ios,5g,High (2K-10K),4,0,0.0,0.0
gujarat,0,ios,wifi,Small (<500),3,0,0.0,0.0
gujarat,0,ios,wifi,Medium (500-2K),2,0,0.0,0.0
gujarat,0,ios,wifi,High (2K-10K),1,0,0.0,0.0
gujarat,0,web,4g,Small (<500),1,0,0.0,0.0
gujarat,0,web,4g,Medium (500-2K),3,0,0.0,0.0
gujarat,0,web,4g,High (2K-10K),1,0,0.0,0.0
gujarat,0,web,5g,Medium (500-2K),1,0,0.0,0.0
gujarat,0,web,5g,High (2K-10K),2,0,0.0,0.0
gujarat,0,web,wifi,Medium (500-2K),1,0,0.0,0.0
gujarat,1,android,3g,Small (<500),3,1,33.33333333333333,376.0
gujarat,1,android,3g,Medium (500-2K),1,0,0.0,0.0
gujarat,1,android,4g,Small (<500),38,0,0.0,0.0
gujarat,1,android,4g,Medium (500-2K),33,0,0.0,0.0
gujarat,1,android,4g,High (2K-10K),14,0,0.0,0.0
gujarat,1,android,4g,Very High (>10K),1,0,0.0,0.0
gujarat,1,android,5g,Small (<500),21,1,4.761904761904762,169.0
gujarat,1,android,5g,Medium (500-2K),14,0,0.0,0.0
gujarat,1,android,5g,High (2K-10K),7,0,0.0,0.0
gujarat,1,android,wifi,Small (<500),9,0,0.0,0.0
gujarat,1,android,wifi,Medium (500-2K),4,0,0.0,0.0
gujarat,1,android,wifi,High (2K-10K),1,0,0.0,0.0
gujarat,1,ios,4g,Small (<500),9,0,0.0,0.0
gujarat,1,ios,4g,Medium (500-2K),10,0,0.0,0.0
gujarat,1,ios,4g,High (2K-10K),3,0,0.0,0.0
gujarat,1,ios,4g,Very High (>10K),1,0,0.0,0.0
gujarat,1,ios,5g,Small (<500),3,0,0.0,0.0
gujarat,1,ios,5g,Medium (500-2K),4,0,0.0,0.0
gujarat,1,ios,5g,High (2K-10K),2,0,0.0,0.0
gujarat,1,ios,5g,Very High (>10K),1,0,0.0,0.0
gujarat,1,ios,wifi,Small (<500),2,0,0.0,0.0
gujarat,1,ios,wifi,High (2K-10K),1,0,0.0,0.0
gujarat,1,ios,wifi,Very High (>10K),1,0,0.0,0.0
gujarat,1,web,4g,Small (<500),1,0,0.0,0.0
gujarat,1,web,4g,Medium (500-2K),4,0,0.0,0.0
gujarat,1,web,4g,High (2K-10K),1,0,0.0,0.0
gujarat,1,web,5g,Medium (500-2K),2,0,0.0,0.0
gujarat,2,android,3g,Medium (500-2K),2,0,0.0,0.0
gujarat,2,android,4g,Small (<500),25,0,0.0,0.0
gujarat,2,android,4g,Medium (500-2K),24,0,0.0,0.0
gujarat,2,android,4g,High (2K-10K),16,0,0.0,0.0
gujarat,2,android,5g,Small (<500),16,0,0.0,0.0
gujarat,2,android,5g,Medium (500-2K),10,0,0.0,0.0
gujarat,2,android,5g,High (2K-10K),3,0,0.0,0.0
gujarat,2,android,wifi,Small (<500),9,0,0.0,0.0
gujarat,2,android,wifi,Medium (500-2K),4,0,0.0,0.0
gujarat,2,android,wifi,High (2K-10K),4,0,0.0,0.0
gujarat,2,ios,3g,Small (<500),1,0,0.0,0.0
gujarat,2,ios,3g,Medium (500-2K),2,0,0.0,0.0
gujarat,2,ios,4g,Small (<500),7,0,0.0,0.0
gujarat,2,ios,4g,Medium (500-2K),5,0,0.0,0.0
gujarat,2,ios,4g,High (2K-10K),3,0,0.0,0.0
gujarat,2,ios,5g,Medium (500-2K),3,0,0.0,0.0
gujarat,2,ios,5g,High (2K-10K),1,0,0.0,0.0
gujarat,2,ios,wifi,Small (<500),2,0,0.0,0.0
gujarat,2,ios,wifi,Medium (500-2K),2,0,0.0,0.0
gujarat,2,ios,wifi,High (2K-10K),1,0,0.0,0.0
gujarat,2,web,4g,Small (<500),3,0,0.0,0.0
gujarat,2,web,5g,Medium (500-2K),1,0,0.0,0.0
gujarat,3,android,3g,Small (<500),3,0,0.0,0.0
gujarat,3,android,3g,Medium (500-2K),1,0,0.0,0.0
gujarat,3,android,3g,High (2K-10K),1,0,0.0,0.0
gujarat,3,android,4g,Small (<500),12,0,0.0,0.0
gujarat,3,android,4g,Medium (500-2K),15,0,0.0,0.0
gujarat,3,android,4g,High (2K-10K),2,0,0.0,0.0
gujarat,3,android,5g,Small (<500),11,0,0.0,0.0
gujarat,3,android,5g,Medium (500-2K),7,0,0.0,0.0
gujarat,3,android,5g,High (2K-10K),4,0,0.0,0.0
gujarat,3,android,wifi,Small (<500),10,0,0.0,0.0
gujarat,3,android,wifi,Medium (500-2K),6,0,0.0,0.0
gujarat,3,android,wifi,High (2K-10K),2,0,0.0,0.0
gujarat,3,ios,4g,Small (<500),5,0,0.0,0.0
gujarat,3,ios,4g,Medium (500-2K),4,0,0.0,0.0
gujarat,3,ios,5g,Small (<500),3,0,0.0,0.0
gujarat,3,ios,5g,Medium (500-2K),2,0,0.0,0.0
gujarat,3,ios,5g,High (2K-10K),1,0,0.0,0.0
gujarat,3,ios,wifi,Small (<500),1,0,0.0,0.0
gujarat,3,web,3g,Medium (500-2K),1,0,0.0,0.0
gujarat,3,web,4g,Small (<500),2,0,0.0,0.0
gujarat,3,web,5g,Small (<500),1,0,0.0,0.0
gujarat,3,web,wifi,Medium (500-2K),1,0,0.0,0.0
gujarat,4,android,3g,Small (<500),3,0,0.0,0.0
gujarat,4,android,3g,High (2K-10K),1,0,0.0,0.0
gujarat,4,android,4g,Small (<500),22,0,0.0,0.0
gujarat,4,android,4g,Medium (500-2K),25,0,0.0,0.0
gujarat,4,android,4g,High (2K-10K),9,0,0.0,0.0
gujarat,4,android,4g,Very High (>10K),1,0,0.0,0.0
gujarat,4,android,5g,Small (<500),7,0,0.0,0.0
gujarat,4,android,5g,Medium (500-2K),8,0,0.0,0.0
gujarat,4,android,5g,High (2K-10K),3,0,0.0,0.0
gujarat,4,android,wifi,Small (<500),2,0,0.0,0.0
gujarat,4,android,wifi,High (2K-10K),2,0,0.0,0.0
gujarat,4,ios,3g,Small (<500),1,0,0.0,0.0
gujarat,4,ios,4g,Small (<500),6,0,0.0,0.0
gujarat,4,ios,4g,Medium (500-2K),5,0,0.0,0.0
gujarat,4,ios,4g,High (2K-10K),6,0,0.0,0.0
gujarat,4,ios,5g,Small (<500),2,0,0.0,0.0
gujarat,4,ios,5g,Medium (500-2K),3,0,0.0,0.0
gujarat,4,ios,wifi,Medium (500-2K),1,0,0.0,0.0
gujarat,4,web,4g,Small (<500),1,0,0.0,0.0
gujarat,4,web,4g,Medium (500-2K),2,0,0.0,0.0
gujarat,4,web,5g,Medium (500-2K),1,0,0.0,0.0
gujarat,4,web,wifi,High (2K-10K),1,0,0.0,0.0
gujarat,5,android,3g,Small (<500),3,0,0.0,0.0
gujarat,5,android,3g,Medium (500-2K),3,0,0.0,0.0
gujarat,5,android,3g,High (2K-10K),1,0,0.0,0.0
gujarat,5,android,4g,Small (<500),35,0,0.0,0.0
gujarat,5,android,4g,Medium (500-2K),25,0,0.0,0.0
gujarat,5,android,4g,High (2K-10K),8,0,0.0,0.0
gujarat,5,android,5g,Small (<500),13,1,7.6923076923076925,104.0
gujarat,5,android,5g,Medium (500-2K),9,0,0.0,0.0
gujarat,5,android,5g,High (2K-10K),10,0,0.0,0.0
gujarat,5,android,wifi,Small (<500),2,0,0.0,0.0
gujarat,5,android,wifi,Medium (500-2K),3,0,0.0,0.0
gujarat,5,android,wifi,High (2K-10K),5,0,0.0,0.0
gujarat,5,ios,3g,Small (<500),3,0,0.0,0.0
gujarat,5,ios,3g,High (2K-10K),1,0,0.0,0.0
gujarat,5,ios,4g,Small (<500),4,0,0.0,0.0
gujarat,5,ios,4g,Medium (500-2K),1,0,0.0,0.0
gujarat,5,ios,4g,High (2K-10K),2,0,0.0,0.0
gujarat,5,ios,5g,Small (<500),3,0,0.0,0.0
gujarat,5,ios,5g,Medium (500-2K),1,0,0.0,0.0
gujarat,5,ios,5g,High (2K-10K),2,0,0.0,0.0
gujarat,5,ios,wifi,Small (<500),1,0,0.0,0.0
gujarat,5,ios,wifi,High (2K-10K),1,0,0.0,0.0
gujarat,5,web,4g,Small (<500),1,0,0.0,0.0
gujarat,5,web,4g,Medium (500-2K),3,0,0.0,0.0
gujarat,5,web,5g,Medium (500-2K),1,0,0.0,0.0
gujarat,6,android,3g,Small (<500),5,0,0.0,0.0
gujarat,6,android,3g,Medium (500-2K),6,0,0.0,0.0
gujarat,6,android,3g,High (2K-10K),4,0,0.0,0.0
gujarat,6,android,4g,Small (<500),48,0,0.0,0.0
gujarat,6,android,4g,Medium (500-2K),50,0,0.0,0.0
gujarat,6,android,4g,High (2K-10K),20,0,0.0,0.0
gujarat,6,android,5g,Small (<500),30,0,0.0,0.0
gujarat,6,android,5g,Medium (500-2K),20,0,0.0,0.0
gujarat,6,android,5g,High (2K-10K),10,0,0.0,0.0
gujarat,6,android,5g,Very High (>10K),1,0,0.0,0.0
gujarat,6,android,wifi,Small (<500),8,0,0.0,0.0
gujarat,6,android,wifi,Medium (500-2K),6,0,0.0,0.0
gujarat,6,android,wifi,High (2K-10K),4,0,0.0,0.0
gujarat,6,ios,4g,Small (<500),8,0,0.0,0.0
gujarat,6,ios,4g,Medium (500-2K),16,0,0.0,0.0
gujarat,6,ios,4g,High (2K-10K),5,0,0.0,0.0
gujarat,6,ios,5g,Small (<500),4,0,0.0,0.0
gujarat,6,ios,5g,Medium (500-2K),4,0,0.0,0.0
gujarat,6,ios,5g,High (2K-10K),2,0,0.0,0.0
gujarat,6,ios,wifi,Small (<500),1,0,0.0,0.0
gujarat,6,ios,wifi,Medium (500-2K),2,0,0.0,0.0
gujarat,6,ios,wifi,High (2K-10K),3,0,0.0,0.0
gujarat,6,ios,wifi,Very High (>10K),1,0,0.0,0.0
gujarat,6,web,4g,Small (<500),3,0,0.0,0.0
gujarat,6,web,4g,Medium (500-2K),1,0,0.0,0.0
gujarat,6,web,4g,High (2K-10K),1,0,0.0,0.0
gujarat,6,web,5g,Medium (500-2K),2,0,0.0,0.0
gujarat,6,web,5g,High (2K-10K),1,0,0.0,0.0
gujarat,7,android,3g,Small (<500),5,0,0.0,0.0
gujarat,7,android,3g,Medium (500-2K),7,0,0.0,0.0
gujarat,7,android,3g,High (2K-10K),6,0,0.0,0.0
gujarat,7,android,4g,Small (<500),87,1,1.1494252873563218,446.0
gujarat,7,android,4g,Medium (500-2K),80,0,0.0,0.0
gujarat,7,android,4g,High (2K-10K),41,1,2.4390243902439024,2590.0
gujarat,7,android,4g,Very High (>10K),1,0,0.0,0.0
gujarat,7,android,5g,Small (<500),39,1,2.564102564102564,232.0
gujarat,7,android,5g,Medium (500-2K),41,0,0.0,0.0
gujarat,7,android,5g,High (2K-10K),19,0,0.0,0.0
gujarat,7,android,5g,Very High (>10K),2,0,0.0,0.0
gujarat,7,android,wifi,Small (<500),16,0,0.0,0.0
gujarat,7,android,wifi,Medium (500-2K),8,0,0.0,0.0
gujarat,7,android,wifi,High (2K-10K),11,0,0.0,0.0
gujarat,7,ios,3g,Small (<500),1,0,0.0,0.0
gujarat,7,ios,3g,Medium (500-2K),2,0,0.0,0.0
gujarat,7,ios,3g,High (2K-10K),1,0,0.0,0.0
gujarat,7,ios,4g,Small (<500),17,0,0.0,0.0
gujarat,7,ios,4g,Medium (500-2K),16,0,0.0,0.0
gujarat,7,ios,4g,High (2K-10K),8,0,0.0,0.0
gujarat,7,ios,4g,Very High (>10K),1,0,0.0,0.0
gujarat,7,ios,5g,Small (<500),13,0,0.0,0.0
gujarat,7,ios,5g,Medium (500-2K),10,0,0.0,0.0
gujarat,7,ios,5g,High (2K-10K),6,0,0.0,0.0
gujarat,7,ios,wifi,Small (<500),4,0,0.0,0.0
gujarat,7,ios,wifi,Medium (500-2K),2,0,0.0,0.0
gujarat,7,web,4g,Small (<500),9,0,0.0,0.0
gujarat,7,web,4g,Medium (500-2K),5,0,0.0,0.0
gujarat,7,web,4g,High (2K-10K),2,0,0.0,0.0
gujarat,7,web,5g,Small (<500),4,0,0.0,0.0
gujarat,7,web,5g,Medium (500-2K),2,0,0.0,0.0
gujarat,7,web,5g,High (2K-10K),1,0,0.0,0.0
gujarat,7,web,wifi,Small (<500),2,0,0.0,0.0
gujarat,8,android,3g,Small (<500),13,0,0.0,0.0
gujarat,8,android,3g,Medium (500-2K),9,0,0.0,0.0
gujarat,8,android,3g,High (2K-10K),4,0,0.0,0.0
gujarat,8,android,4g,Small (<500),120,0,0.0,0.0
gujarat,8,android,4g,Medium (500-2K),115,0,0.0,0.0
gujarat,8,android,4g,High (2K-10K),67,2,2.9850746268656714,3764.5
gujarat,8,android,4g,Very High (>10K),3,0,0.0,0.0
gujarat,8,android,5g,Small (<500),42,1,2.380952380952381,162.0
gujarat,8,android,5g,Medium (500-2K),51,0,0.0,0.0
gujarat,8,android,5g,High (2K-10K),35,0,0.0,0.0
gujarat,8,android,wifi,Small (<500),28,0,0.0,0.0
gujarat,8,android,wifi,Medium (500-2K),29,0,0.0,0.0
gujarat,8,android,wifi,High (2K-10K),10,0,0.0,0.0
gujarat,8,ios,3g,Small (<500),5,0,0.0,0.0
gujarat,8,ios,3g,Medium (500-2K),4,0,0.0,0.0
gujarat,8,ios,3g,High (2K-10K),3,0,0.0,0.0
gujarat,8,ios,4g,Small (<500),38,1,2.631578947368421,423.0
gujarat,8,ios,4g,Medium (500-2K),21,0,0.0,0.0
gujarat,8,ios,4g,High (2K-10K),26,0,0.0,0.0
gujarat,8,ios,5g,Small (<500),17,0,0.0,0.0
gujarat,8,ios,5g,Medium (500-2K),9,0,0.0,0.0
gujarat,8,ios,5g,High (2K-10K),5,0,0.0,0.0
gujarat,8,ios,wifi,Small (<500),4,0,0.0,0.0
gujarat,8,ios,wifi,Medium (500-2K),4,0,0.0,0.0
gujarat,8,ios,wifi,High (2K-10K),2,0,0.0,0.0
gujarat,8,ios,wifi,Very High (>10K),2,0,0.0,0.0
gujarat,8,web,4g,Small (<500),9,0,0.0,0.0
gujarat,8,web,4g,Medium (500-2K),5,0,0.0,0.0
gujarat,8,web,4g,High (2K-10K),3,0,0.0,0.0
gujarat,8,web,5g,Small (<500),5,0,0.0,0.0
gujarat,8,web,5g,Medium (500-2K),2,0,0.0,0.0
gujarat,8,web,5g,High (2K-10K),3,0,0.0,0.0
gujarat,8,web,wifi,Small (<500),1,0,0.0,0.0
gujarat,8,web,wifi,Medium (500-2K),1,0,0.0,0.0
gujarat,9,android,3g,Small (<500),6,0,0.0,0.0
gujarat,9,android,3g,Medium (500-2K),6,0,0.0,0.0
gujarat,9,android,3g,High (2K-10K),8,0,0.0,0.0
gujarat,9,android,3g,Very High (>10K),1,0,0.0,0.0
gujarat,9,android,4g,Small (<500),148,0,0.0,0.0
gujarat,9,android,4g,Medium (500-2K),173,0,0.0,0.0
gujarat,9,android,4g,High (2K-10K),77,0,0.0,0.0
gujarat,9,android,4g,Very High (>10K),4,0,0.0,0.0
gujarat,9,android,5g,Small (<500),62,0,0.0,0.0
gujarat,9,android,5g,Medium (500-2K),56,0,0.0,0.0
gujarat,9,android,5g,High (2K-10K),34,0,0.0,0.0
gujarat,9,android,5g,Very High (>10K),3,0,0.0,0.0
gujarat,9,android,wifi,Small (<500),28,0,0.0,0.0
gujarat,9,android,wifi,Medium (500-2K),25,0,0.0,0.0
gujarat,9,android,wifi,High (2K-10K),9,0,0.0,0.0
gujarat,9,ios,3g,Small (<500),2,0,0.0,0.0
gujarat,9,ios,3g,Medium (500-2K),4,0,0.0,0.0
gujarat,9,ios,3g,High (2K-10K),2,0,0.0,0.0
gujarat,9,ios,4g,Small (<500),48,1,2.083333333333333,224.0
gujarat,9,ios,4g,Medium (500-2K),45,0,0.0,0.0
gujarat,9,ios,4g,High (2K-10K),20,0,0.0,0.0
gujarat,9,ios,4g,Very High (>10K),1,0,0.0,0.0
gujarat,9,ios,5g,Small (<500),6,0,0.0,0.0
gujarat,9,ios,5g,Medium (500-2K),13,0,0.0,0.0
gujarat,9,ios,5g,High (2K-10K),12,0,0.0,0.0
gujarat,9,ios,5g,Very High (>10K),1,0,0.0,0.0
gujarat,9,ios,wifi,Small (<500),13,0,0.0,0.0
gujarat,9,ios,wifi,Medium (500-2K),1,0,0.0,0.0
gujarat,9,ios,wifi,High (2K-10K),3,0,0.0,0.0
gujarat,9,web,3g,Small (<500),1,0,0.0,0.0
gujarat,9,web,4g,Small (<500),13,0,0.0,0.0
gujarat,9,web,4g,Medium (500-2K),10,0,0.0,0.0
gujarat,9,web,4g,High (2K-10K),5,0,0.0,0.0
gujarat,9,web,5g,Small (<500),6,0,0.0,0.0
gujarat,9,web,5g,Medium (500-2K),7,0,0.0,0.0
gujarat,9,web,5g,High (2K-10K),2,0,0.0,0.0
gujarat,9,web,wifi,Small (<500),1,0,0.0,0.0
gujarat,10,android,3g,Small (<500),13,0,0.0,0.0
gujarat,10,android,3g,Medium (500-2K),16,0,0.0,0.0
gujarat,10,android,3g,High (2K-10K),10,0,0.0,0.0
gujarat,10,android,4g,Small (<500),218,2,0.9174311926605505,302.0
gujarat,10,android,4g,Medium (500-2K),186,1,0.5376344086021506,1100.0
gujarat,10,android,4g,High (2K-10K),88,0,0.0,0.0
gujarat,10,android,4g,Very High (>10K),3,0,0.0,0.0
gujarat,10,android,5g,Small (<500),79,0,0.0,0.0
gujarat,10,android,5g,Medium (500-2K),70,0,0.0,0.0
gujarat,10,android,5g,High (2K-10K),37,0,0.0,0.0
gujarat,10,android,5g,Very High (>10K),1,0,0.0,0.0
gujarat,10,android,wifi,Small (<500),28,0,0.0,0.0
gujarat,10,android,wifi,Medium (500-2K),40,0,0.0,0.0
gujarat,10,android,wifi,High (2K-10K),13,0,0.0,0.0
gujarat,10,ios,3g,Small (<500),4,0,0.0,0.0
gujarat,10,ios,3g,Medium (500-2K),3,0,0.0,0.0
gujarat,10,ios,3g,High (2K-10K),4,0,0.0,0.0
gujarat,10,ios,4g,Small (<500),68,0,0.0,0.0
gujarat,10,ios,4g,Medium (500-2K),65,0,0.0,0.0
gujarat,10,ios,4g,High (2K-10K),27,0,0.0,0.0
gujarat,10,ios,5g,Small (<500),38,0,0.0,0.0
gujarat,10,ios,5g,Medium (500-2K),22,0,0.0,0.0
gujarat,10,ios,5g,High (2K-10K),15,0,0.0,0.0
gujarat,10,ios,wifi,Small (<500),8,0,0.0,0.0
gujarat,10,ios,wifi,Medium (500-2K),12,0,0.0,0.0
gujarat,10,ios,wifi,High (2K-10K),2,0,0.0,0.0
gujarat,10,web,3g,Small (<500),1,0,0.0,0.0
gujarat,10,web,3g,Medium (500-2K),1,0,0.0,0.0
gujarat,10,web,4g,Small (<500),14,0,0.0,0.0
gujarat,10,web,4g,Medium (500-2K),15,0,0.0,0.0
gujarat,10,web,4g,High (2K-10K),6,0,0.0,0.0
gujarat,10,web,4g,Very High (>10K),1,0,0.0,0.0
gujarat,10,web,5g,Small (<500),7,0,0.0,0.0
gujarat,10,web,5g,Medium (500-2K),6,0,0.0,0.0
gujarat,10,web,5g,High (2K-10K),3,0,0.0,0.0
gujarat,10,web,wifi,Small (<500),3,0,0.0,0.0
gujarat,10,web,wifi,Medium (500-2K),2,0,0.0,0.0
gujarat,10,web,wifi,High (2K-10K),1,0,0.0,0.0
gujarat,11,android,3g,Small (<500),30,0,0.0,0.0
gujarat,11,android,3g,Medium (500-2K),17,0,0.0,0.0
gujarat,11,android,3g,High (2K-10K),13,0,0.0,0.0
gujarat,11,android,4g,Small (<500),239,0,0.0,0.0
gujarat,11,android,4g,Medium (500-2K),245,1,0.40816326530612246,1394.0
gujarat,11,android,4g,High (2K-10K),94,0,0.0,0.0
gujarat,11,android,4g,Very High (>10K),2,0,0.0,0.0
gujarat,11,android,5g,Small (<500),108,0,0.0,0.0
gujarat,11,android,5g,Medium (500-2K),80,0,0.0,0.0
gujarat,11,android,5g,High (2K-10K),41,0,0.0,0.0
gujarat,11,android,5g,Very High (>10K),1,0,0.0,0.0
gujarat,11,android,wifi,Small (<500),30,0,0.0,0.0
gujarat,11,android,wifi,Medium (500-2K),43,0,0.0,0.0
gujarat,11,android,wifi,High (2K-10K),16,0,0.0,0.0
gujarat,11,ios,3g,Small (<500),10,0,0.0,0.0
gujarat,11,ios,3g,Medium (500-2K),3,0,0.0,0.0
gujarat,11,ios,3g,High (2K-10K),2,0,0.0,0.0
gujarat,11,ios,4g,Small (<500),49,0,0.0,0.0
gujarat,11,ios,4g,Medium (500-2K),56,0,0.0,0.0
gujarat,11,ios,4g,High (2K-10K),44,0,0.0,0.0
gujarat,11,ios,4g,Very High (>10K),1,0,0.0,0.0
gujarat,11,ios,5g,Small (<500),17,0,0.0,0.0
gujarat,11,ios,5g,Medium (500-2K),20,0,0.0,0.0
gujarat,11,ios,5g,High (2K-10K),12,0,0.0,0.0
gujarat,11,ios,wifi,Small (<500),6,0,0.0,0.0
gujarat,11,ios,wifi,Medium (500-2K),12,0,0.0,0.0
gujarat,11,ios,wifi,High (2K-10K),6,0,0.0,0.0
gujarat,11,web,3g,Small (<500),1,0,0.0,0.0
gujarat,11,web,3g,Medium (500-2K),2,0,0.0,0.0
gujarat,11,web,3g,High (2K-10K),2,0,0.0,0.0
gujarat,11,web,4g,Small (<500),17,0,0.0,0.0
gujarat,11,web,4g,Medium (500-2K),16,0,0.0,0.0
gujarat,11,web,4g,High (2K-10K),10,0,0.0,0.0
gujarat,11,web,5g,Small (<500),7,0,0.0,0.0
gujarat,11,web,5g,Medium (500-2K),3,0,0.0,0.0
gujarat,11,web,5g,High (2K-10K),1,0,0.0,0.0
gujarat,11,web,wifi,Small (<500),1,0,0.0,0.0
gujarat,11,web,wifi,Medium (500-2K),2,0,0.0,0.0
gujarat,11,web,wifi,High (2K-10K),3,0,0.0,0.0
gujarat,12,android,3g,Small (<500),23,0,0.0,0.0
gujarat,12,android,3g,Medium (500-2K),22,0,0.0,0.0
gujarat,12,android,3g,High (2K-10K),7,0,0.0,0.0
gujarat,12,android,3g,Very High (>10K),1,0,0.0,0.0
gujarat,12,android,4g,Small (<500),283,0,0.0,0.0
gujarat,12,android,4g,Medium (500-2K),210,0,0.0,0.0
gujarat,12,android,4g,High (2K-10K),125,0,0.0,0.0
gujarat,12,android,4g,Very High (>10K),6,0,0.0,0.0
gujarat,12,android,5g,Small (<500),84,0,0.0,0.0
gujarat,12,android,5g,Medium (500-2K),96,0,0.0,0.0
gujarat,12,android,5g,High (2K-10K),50,0,0.0,0.0
gujarat,12,android,wifi,Small (<500),51,0,0.0,0.0
gujarat,12,android,wifi,Medium (500-2K),45,0,0.0,0.0
gujarat,12,android,wifi,High (2K-10K),18,0,0.0,0.0
gujarat,12,ios,3g,Small (<500),5,0,0.0,0.0
gujarat,12,ios,3g,Medium (500-2K),9,0,0.0,0.0
gujarat,12,ios,3g,High (2K-10K),2,0,0.0,0.0
gujarat,12,ios,4g,Small (<500),68,0,0.0,0.0
gujarat,12,ios,4g,Medium (500-2K),61,0,0.0,0.0
gujarat,12,ios,4g,High (2K-10K),30,0,0.0,0.0
gujarat,12,ios,4g,Very High (>10K),2,0,0.0,0.0
gujarat,12,ios,5g,Small (<500),35,0,0.0,0.0
gujarat,12,ios,5g,Medium (500-2K),25,0,0.0,0.0
gujarat,12,ios,5g,High (2K-10K),11,0,0.0,0.0
gujarat,12,ios,wifi,Small (<500),9,0,0.0,0.0
gujarat,12,ios,wifi,Medium (500-2K),13,0,0.0,0.0
gujarat,12,ios,wifi,High (2K-10K),5,0,0.0,0.0
gujarat,12,web,3g,Small (<500),2,0,0.0,0.0
gujarat,12,web,3g,Medium (500-2K),2,0,0.0,0.0
gujarat,12,web,3g,High (2K-10K),1,0,0.0,0.0
gujarat,12,web,4g,Small (<500),18,1,5.555555555555555,40.0
gujarat,12,web,4g,Medium (500-2K),29,0,0.0,0.0
gujarat,12,web,4g,High (2K-10K),7,0,0.0,0.0
gujarat,12,web,5g,Small (<500),8,0,0.0,0.0
gujarat,12,web,5g,Medium (500-2K),6,0,0.0,0.0
gujarat,12,web,5g,High (2K-10K),1,0,0.0,0.0
gujarat,12,web,wifi,Medium (500-2K),2,0,0.0,0.0
gujarat,12,web,wifi,High (2K-10K),1,0,0.0,0.0
gujarat,13,android,3g,Small (<500),18,0,0.0,0.0
gujarat,13,android,3g,Medium (500-2K),17,0,0.0,0.0
gujarat,13,android,3g,High (2K-10K),8,0,0.0,0.0
gujarat,13,android,4g,Small (<500),225,0,0.0,0.0
gujarat,13,android,4g,Medium (500-2K),196,0,0.0,0.0
gujarat,13,android,4g,High (2K-10K),102,0,0.0,0.0
gujarat,13,android,4g,Very High (>10K),3,0,0.0,0.0
gujarat,13,android,5g,Small (<500),91,0,0.0,0.0
gujarat,13,android,5g,Medium (500-2K),89,0,0.0,0.0
gujarat,13,android,5g,High (2K-10K),50,0,0.0,0.0
gujarat,13,android,5g,Very High (>10K),1,0,0.0,0.0
gujarat,13,android,wifi,Small (<500),28,0,0.0,0.0
gujarat,13,android,wifi,Medium (500-2K),39,0,0.0,0.0
gujarat,13,android,wifi,High (2K-10K),14,0,0.0,0.0
gujarat,13,android,wifi,Very High (>10K),2,0,0.0,0.0
gujarat,13,ios,3g,Small (<500),6,0,0.0,0.0
gujarat,13,ios,3g,Medium (500-2K),5,0,0.0,0.0
gujarat,13,ios,3g,High (2K-10K),2,0,0.0,0.0
gujarat,13,ios,4g,Small (<500),53,0,0.0,0.0
gujarat,13,ios,4g,Medium (500-2K),57,0,0.0,0.0
gujarat,13,ios,4g,High (2K-10K),23,0,0.0,0.0
gujarat,13,ios,5g,Small (<500),17,0,0.0,0.0
gujarat,13,ios,5g,Medium (500-2K),22,0,0.0,0.0
gujarat,13,ios,5g,High (2K-10K),16,0,0.0,0.0
gujarat,13,ios,5g,Very High (>10K),1,0,0.0,0.0
gujarat,13,ios,wifi,Small (<500),9,0,0.0,0.0
gujarat,13,ios,wifi,Medium (500-2K),9,1,11.11111111111111,854.0
gujarat,13,ios,wifi,High (2K-10K),6,0,0.0,0.0
gujarat,13,web,3g,Small (<500),1,0,0.0,0.0
gujarat,13,web,3g,Medium (500-2K),1,0,0.0,0.0
gujarat,13,web,4g,Small (<500),15,0,0.0,0.0
gujarat,13,web,4g,Medium (500-2K),15,0,0.0,0.0
gujarat,13,web,4g,High (2K-10K),8,0,0.0,0.0
gujarat,13,web,4g,Very High (>10K),1,0,0.0,0.0
gujarat,13,web,5g,Small (<500),7,0,0.0,0.0
gujarat,13,web,5g,Medium (500-2K),6,0,0.0,0.0
gujarat,13,web,5g,High (2K-10K),4,0,0.0,0.0
gujarat,13,web,wifi,Small (<500),4,0,0.0,0.0
gujarat,13,web,wifi,High (2K-10K),3,0,0.0,0.0
gujarat,14,android,3g,Small (<500),19,0,0.0,0.0
gujarat,14,android,3g,Medium (500-2K),15,0,0.0,0.0
gujarat,14,android,3g,High (2K-10K),9,0,0.0,0.0
gujarat,14,android,4g,Small (<500),164,0,0.0,0.0
gujarat,14,android,4g,Medium (500-2K),181,0,0.0,0.0
gujarat,14,android,4g,High (2K-10K),63,0,0.0,0.0
gujarat,14,android,4g,Very High (>10K),1,0,0.0,0.0
gujarat,14,android,5g,Small (<500),62,1,1.6129032258064515,216.0
gujarat,14,android,5g,Medium (500-2K),48,1,2.083333333333333,802.0
gujarat,14,android,5g,High (2K-10K),29,0,0.0,0.0
gujarat,14,android,wifi,Small (<500),33,0,0.0,0.0
gujarat,14,android,wifi,Medium (500-2K),23,0,0.0,0.0
gujarat,14,android,wifi,High (2K-10K),14,0,0.0,0.0
gujarat,14,ios,3g,Small (<500),2,0,0.0,0.0
gujarat,14,ios,3g,Medium (500-2K),3,0,0.0,0.0
gujarat,14,ios,3g,High (2K-10K),3,0,0.0,0.0
gujarat,14,ios,4g,Small (<500),43,0,0.0,0.0
gujarat,14,ios,4g,Medium (500-2K),54,0,0.0,0.0
gujarat,14,ios,4g,High (2K-10K),20,0,0.0,0.0
gujarat,14,ios,4g,Very High (>10K),2,0,0.0,0.0
gujarat,14,ios,5g,Small (<500),18,0,0.0,0.0
gujarat,14,ios,5g,Medium (500-2K),12,0,0.0,0.0
gujarat,14,ios,5g,High (2K-10K),9,0,0.0,0.0
gujarat,14,ios,5g,Very High (>10K),1,1,100.0,12373.0
gujarat,14,ios,wifi,Small (<500),7,0,0.0,0.0
gujarat,14,ios,wifi,Medium (500-2K),10,0,0.0,0.0
gujarat,14,ios,wifi,High (2K-10K),3,0,0.0,0.0
gujarat,14,web,3g,Small (<500),1,0,0.0,0.0
gujarat,14,web,3g,Medium (500-2K),1,0,0.0,0.0
gujarat,14,web,4g,Small (<500),12,0,0.0,0.0
gujarat,14,web,4g,Medium (500-2K),14,0,0.0,0.0
gujarat,14,web,4g,High (2K-10K),3,0,0.0,0.0
gujarat,14,web,5g,Small (<500),4,0,0.0,0.0
gujarat,14,web,5g,Medium (500-2K),7,0,0.0,0.0
gujarat,14,web,5g,High (2K-10K),2,0,0.0,0.0
gujarat,14,web,wifi,Small (<500),2,0,0.0,0.0
gujarat,14,web,wifi,Medium (500-2K),3,0,0.0,0.0
gujarat,14,web,wifi,High (2K-10K),2,0,0.0,0.0
gujarat,15,android,3g,Small (<500),18,0,0.0,0.0
gujarat,15,android,3g,Medium (500-2K),14,0,0.0,0.0
gujarat,15,android,3g,High (2K-10K),6,0,0.0,0.0
gujarat,15,android,4g,Small (<500),213,0,0.0,0.0
gujarat,15,android,4g,Medium (500-2K),196,0,0.0,0.0
gujarat,15,android,4g,High (2K-10K),87,1,1.1494252873563218,4027.0
gujarat,15,android,4g,Very High (>10K),3,0,0.0,0.0
gujarat,15,android,5g,Small (<500),84,0,0.0,0.0
gujarat,15,android,5g,Medium (500-2K),71,0,0.0,0.0
gujarat,15,android,5g,High (2K-10K),25,0,0.0,0.0
gujarat,15,android,wifi,Small (<500),27,0,0.0,0.0
gujarat,15,android,wifi,Medium (500-2K),34,0,0.0,0.0
gujarat,15,android,wifi,High (2K-10K),17,0,0.0,0.0
gujarat,15,ios,3g,Small (<500),2,0,0.0,0.0
gujarat,15,ios,3g,Medium (500-2K),4,0,0.0,0.0
gujarat,15,ios,3g,High (2K-10K),1,0,0.0,0.0
gujarat,15,ios,4g,Small (<500),52,0,0.0,0.0
gujarat,15,ios,4g,Medium (500-2K),34,0,0.0,0.0
gujarat,15,ios,4g,High (2K-10K),20,0,0.0,0.0
gujarat,15,ios,5g,Small (<500),16,0,0.0,0.0
gujarat,15,ios,5g,Medium (500-2K),12,0,0.0,0.0
gujarat,15,ios,5g,High (2K-10K),13,1,7.6923076923076925,2976.0
gujarat,15,ios,wifi,Small (<500),6,0,0.0,0.0
gujarat,15,ios,wifi,Medium (500-2K),14,0,0.0,0.0
gujarat,15,ios,wifi,High (2K-10K),1,0,0.0,0.0
gujarat,15,web,3g,Small (<500),1,0,0.0,0.0
gujarat,15,web,3g,Medium (500-2K),1,0,0.0,0.0
gujarat,15,web,3g,High (2K-10K),1,0,0.0,0.0
gujarat,15,web,4g,Small (<500),14,0,0.0,0.0
gujarat,15,web,4g,Medium (500-2K),15,0,0.0,0.0
gujarat,15,web,4g,High (2K-10K),8,0,0.0,0.0
gujarat,15,web,5g,Small (<500),6,0,0.0,0.0
gujarat,15,web,5g,Medium (500-2K),5,0,0.0,0.0
gujarat,15,web,5g,High (2K-10K),2,0,0.0,0.0
gujarat,15,web,wifi,Small (<500),2,0,0.0,0.0
gujarat,15,web,wifi,Medium (500-2K),1,0,0.0,0.0
gujarat,15,web,wifi,High (2K-10K),1,0,0.0,0.0
gujarat,16,android,3g,Small (<500),13,0,0.0,0.0
gujarat,16,android,3g,Medium (500-2K),19,0,0.0,0.0
gujarat,16,android,3g,High (2K-10K),6,0,0.0,0.0
gujarat,16,android,4g,Small (<500),229,0,0.0,0.0
gujarat,16,android,4g,Medium (500-2K),188,0,0.0,0.0
gujarat,16,android,4g,High (2K-10K),98,0,0.0,0.0
gujarat,16,android,4g,Very High (>10K),4,0,0.0,0.0
gujarat,16,android,5g,Small (<500),95,0,0.0,0.0
gujarat,16,android,5g,Medium (500-2K),72,0,0.0,0.0
gujarat,16,android,5g,High (2K-10K),50,0,0.0,0.0
gujarat,16,android,5g,Very High (>10K),1,0,0.0,0.0
gujarat,16,android,wifi,Small (<500),38,0,0.0,0.0
gujarat,16,android,wifi,Medium (500-2K),31,0,0.0,0.0
gujarat,16,android,wifi,High (2K-10K),22,0,0.0,0.0
gujarat,16,ios,3g,Small (<500),5,0,0.0,0.0
gujarat,16,ios,3g,Medium (500-2K),1,0,0.0,0.0
gujarat,16,ios,3g,High (2K-10K),3,0,0.0,0.0
gujarat,16,ios,4g,Small (<500),54,0,0.0,0.0
gujarat,16,ios,4g,Medium (500-2K),48,0,0.0,0.0
gujarat,16,ios,4g,High (2K-10K),24,0,0.0,0.0
gujarat,16,ios,4g,Very High (>10K),1,0,0.0,0.0
gujarat,16,ios,5g,Small (<500),17,0,0.0,0.0
gujarat,16,ios,5g,Medium (500-2K),19,0,0.0,0.0
gujarat,16,ios,5g,High (2K-10K),13,0,0.0,0.0
gujarat,16,ios,wifi,Small (<500),12,0,0.0,0.0
gujarat,16,ios,wifi,Medium (500-2K),12,0,0.0,0.0
gujarat,16,ios,wifi,High (2K-10K),3,0,0.0,0.0
gujarat,16,ios,wifi,Very High (>10K),1,0,0.0,0.0
gujarat,16,web,3g,Small (<500),1,0,0.0,0.0
gujarat,16,web,4g,Small (<500),9,0,0.0,0.0
gujarat,16,web,4g,Medium (500-2K),7,0,0.0,0.0
gujarat,16,web,4g,High (2K-10K),8,0,0.0,0.0
gujarat,16,web,5g,Small (<500),7,0,0.0,0.0
gujarat,16,web,5g,Medium (500-2K),4,0,0.0,0.0
gujarat,16,web,5g,High (2K-10K),4,0,0.0,0.0
gujarat,16,web,wifi,Small (<500),3,0,0.0,0.0
gujarat,16,web,wifi,Medium (500-2K),1,0,0.0,0.0
gujarat,17,android,3g,Small (<500),27,0,0.0,0.0
gujarat,17,android,3g,Medium (500-2K),14,0,0.0,0.0
gujarat,17,android,3g,High (2K-10K),9,0,0.0,0.0
gujarat,17,android,3g,Very High (>10K),1,0,0.0,0.0
gujarat,17,android,4g,Small (<500),261,0,0.0,0.0
gujarat,17,android,4g,Medium (500-2K),262,1,0.38167938931297707,991.0
gujarat,17,android,4g,High (2K-10K),135,0,0.0,0.0
gujarat,17,android,4g,Very High (>10K),3,0,0.0,0.0
gujarat,17,android,5g,Small (<500),115,0,0.0,0.0
gujarat,17,android,5g,Medium (500-2K),114,0,0.0,0.0
gujarat,17,android,5g,High (2K-10K),49,1,2.0408163265306123,4283.0
gujarat,17,android,5g,Very High (>10K),1,0,0.0,0.0
gujarat,17,android,wifi,Small (<500),61,0,0.0,0.0
gujarat,17,android,wifi,Medium (500-2K),39,0,0.0,0.0
gujarat,17,android,wifi,High (2K-10K),13,0,0.0,0.0
gujarat,17,android,wifi,Very High (>10K),1,0,0.0,0.0
gujarat,17,ios,3g,Small (<500),4,0,0.0,0.0
gujarat,17,ios,3g,Medium (500-2K),8,0,0.0,0.0
gujarat,17,ios,3g,High (2K-10K),2,0,0.0,0.0
gujarat,17,ios,3g,Very High (>10K),1,0,0.0,0.0
gujarat,17,ios,4g,Small (<500),66,0,0.0,0.0
gujarat,17,ios,4g,Medium (500-2K),64,0,0.0,0.0
gujarat,17,ios,4g,High (2K-10K),39,0,0.0,0.0
gujarat,17,ios,4g,Very High (>10K),3,0,0.0,0.0
gujarat,17,ios,5g,Small (<500),34,0,0.0,0.0
gujarat,17,ios,5g,Medium (500-2K),16,0,0.0,0.0
gujarat,17,ios,5g,High (2K-10K),10,0,0.0,0.0
gujarat,17,ios,5g,Very High (>10K),1,0,0.0,0.0
gujarat,17,ios,wifi,Small (<500),15,0,0.0,0.0
gujarat,17,ios,wifi,Medium (500-2K),19,0,0.0,0.0
gujarat,17,ios,wifi,High (2K-10K),8,0,0.0,0.0
gujarat,17,web,3g,Small (<500),5,0,0.0,0.0
gujarat,17,web,3g,Medium (500-2K),1,0,0.0,0.0
gujarat,17,web,4g,Small (<500),23,1,4.3478260869565215,292.0
gujarat,17,web,4g,Medium (500-2K),15,0,0.0,0.0
gujarat,17,web,4g,High (2K-10K),10,0,0.0,0.0
gujarat,17,web,5g,Small (<500),10,0,0.0,0.0
gujarat,17,web,5g,Medium (500-2K),5,0,0.0,0.0
gujarat,17,web,5g,High (2K-10K),8,0,0.0,0.0
gujarat,17,web,wifi,Small (<500),5,0,0.0,0.0
gujarat,17,web,wifi,Medium (500-2K),2,0,0.0,0.0
gujarat,17,web,wifi,High (2K-10K),1,0,0.0,0.0
gujarat,17,web,wifi,Very High (>10K),1,0,0.0,0.0
gujarat,18,android,3g,Small (<500),22,0,0.0,0.0
gujarat,18,android,3g,Medium (500-2K),21,0,0.0,0.0
gujarat,18,android,3g,High (2K-10K),16,0,0.0,0.0
gujarat,18,android,4g,Small (<500),307,0,0.0,0.0
gujarat,18,android,4g,Medium (500-2K),254,1,0.39370078740157477,696.0
gujarat,18,android,4g,High (2K-10K),135,1,0.7407407407407408,4505.0
gujarat,18,android,4g,Very High (>10K),6,0,0.0,0.0
gujarat,18,android,5g,Small (<500),120,0,0.0,0.0
gujarat,18,android,5g,Medium (500-2K),120,0,0.0,0.0
gujarat,18,android,5g,High (2K-10K),48,0,0.0,0.0
gujarat,18,android,5g,Very High (>10K),1,0,0.0,0.0
gujarat,18,android,wifi,Small (<500),57,0,0.0,0.0
gujarat,18,android,wifi,Medium (500-2K),51,0,0.0,0.0
gujarat,18,android,wifi,High (2K-10K),18,0,0.0,0.0
gujarat,18,android,wifi,Very High (>10K),1,0,0.0,0.0
gujarat,18,ios,3g,Small (<500),3,0,0.0,0.0
gujarat,18,ios,3g,Medium (500-2K),7,0,0.0,0.0
gujarat,18,ios,3g,High (2K-10K),6,0,0.0,0.0
gujarat,18,ios,4g,Small (<500),84,0,0.0,0.0
gujarat,18,ios,4g,Medium (500-2K),76,0,0.0,0.0
gujarat,18,ios,4g,High (2K-10K),43,0,0.0,0.0
gujarat,18,ios,4g,Very High (>10K),1,0,0.0,0.0
gujarat,18,ios,5g,Small (<500),44,0,0.0,0.0
gujarat,18,ios,5g,Medium (500-2K),27,0,0.0,0.0
gujarat,18,ios,5g,High (2K-10K),13,0,0.0,0.0
gujarat,18,ios,wifi,Small (<500),15,0,0.0,0.0
gujarat,18,ios,wifi,Medium (500-2K),8,0,0.0,0.0
gujarat,18,ios,wifi,High (2K-10K),11,0,0.0,0.0
gujarat,18,web,3g,Small (<500),2,0,0.0,0.0
gujarat,18,web,3g,Medium (500-2K),3,0,0.0,0.0
gujarat,18,web,3g,High (2K-10K),1,0,0.0,0.0
gujarat,18,web,4g,Small (<500),25,0,0.0,0.0
gujarat,18,web,4g,Medium (500-2K),18,0,0.0,0.0
gujarat,18,web,4g,High (2K-10K),7,0,0.0,0.0
gujarat,18,web,5g,Small (<500),8,0,0.0,0.0
gujarat,18,web,5g,Medium (500-2K),9,0,0.0,0.0
gujarat,18,web,5g,High (2K-10K),3,0,0.0,0.0
gujarat,18,web,wifi,Small (<500),5,0,0.0,0.0
gujarat,18,web,wifi,Medium (500-2K),3,0,0.0,0.0
gujarat,18,web,wifi,High (2K-10K),2,0,0.0,0.0
gujarat,19,android,3g,Small (<500),27,0,0.0,0.0
gujarat,19,android,3g,Medium (500-2K),22,0,0.0,0.0
gujarat,19,android,3g,High (2K-10K),18,0,0.0,0.0
gujarat,19,android,4g,Small (<500),301,3,0.9966777408637874,297.0
gujarat,19,android,4g,Medium (500-2K),278,0,0.0,0.0
gujarat,19,android,4g,High (2K-10K),127,1,0.7874015748031495,5295.0
gujarat,19,android,4g,Very High (>10K),5,0,0.0,0.0
gujarat,19,android,5g,Small (<500),116,0,0.0,0.0
gujarat,19,android,5g,Medium (500-2K),119,0,0.0,0.0
gujarat,19,android,5g,High (2K-10K),76,0,0.0,0.0
gujarat,19,android,5g,Very High (>10K),1,0,0.0,0.0
gujarat,19,android,wifi,Small (<500),58,0,0.0,0.0
gujarat,19,android,wifi,Medium (500-2K),60,0,0.0,0.0
gujarat,19,android,wifi,High (2K-10K),27,0,0.0,0.0
gujarat,19,android,wifi,Very High (>10K),2,0,0.0,0.0
gujarat,19,ios,3g,Small (<500),7,0,0.0,0.0
gujarat,19,ios,3g,Medium (500-2K),5,0,0.0,0.0
gujarat,19,ios,3g,High (2K-10K),3,0,0.0,0.0
gujarat,19,ios,4g,Small (<500),90,1,1.1111111111111112,162.0
gujarat,19,ios,4g,Medium (500-2K),73,0,0.0,0.0
gujarat,19,ios,4g,High (2K-10K),44,0,0.0,0.0
gujarat,19,ios,5g,Small (<500),33,0,0.0,0.0
gujarat,19,ios,5g,Medium (500-2K),38,0,0.0,0.0
gujarat,19,ios,5g,High (2K-10K),13,0,0.0,0.0
gujarat,19,ios,5g,Very High (>10K),1,0,0.0,0.0
gujarat,19,ios,wifi,Small (<500),15,1,6.666666666666667,244.0
gujarat,19,ios,wifi,Medium (500-2K),15,0,0.0,0.0
gujarat,19,ios,wifi,High (2K-10K),5,0,0.0,0.0
gujarat,19,web,3g,Small (<500),2,0,0.0,0.0
gujarat,19,web,3g,Medium (500-2K),1,0,0.0,0.0
gujarat,19,web,4g,Small (<500),19,0,0.0,0.0
gujarat,19,web,4g,Medium (500-2K),13,0,0.0,0.0
gujarat,19,web,4g,High (2K-10K),6,0,0.0,0.0
gujarat,19,web,5g,Small (<500),7,0,0.0,0.0
gujarat,19,web,5g,Medium (500-2K),11,0,0.0,0.0
gujarat,19,web,5g,High (2K-10K),7,0,0.0,0.0
gujarat,19,web,wifi,Small (<500),3,0,0.0,0.0
gujarat,19,web,wifi,Medium (500-2K),1,0,0.0,0.0
gujarat,19,web,wifi,High (2K-10K),3,0,0.0,0.0
gujarat,20,android,3g,Small (<500),24,0,0.0,0.0
gujarat,20,android,3g,Medium (500-2K),11,0,0.0,0.0
gujarat,20,android,3g,High (2K-10K),8,0,0.0,0.0
gujarat,20,android,3g,Very High (>10K),1,0,0.0,0.0
gujarat,20,android,4g,Small (<500),268,0,0.0,0.0
gujarat,20,android,4g,Medium (500-2K),266,0,0.0,0.0
gujarat,20,android,4g,High (2K-10K),132,1,0.7575757575757576,4188.0
gujarat,20,android,4g,Very High (>10K),4,0,0.0,0.0
gujarat,20,android,5g,Small (<500),137,0,0.0,0.0
gujarat,20,android,5g,Medium (500-2K),105,1,0.9523809523809524,534.0
gujarat,20,android,5g,High (2K-10K),64,0,0.0,0.0
gujarat,20,android,5g,Very High (>10K),1,0,0.0,0.0
gujarat,20,android,wifi,Small (<500),56,0,0.0,0.0
gujarat,20,android,wifi,Medium (500-2K),48,0,0.0,0.0
gujarat,20,android,wifi,High (2K-10K),16,0,0.0,0.0
gujarat,20,ios,3g,Small (<500),5,0,0.0,0.0
gujarat,20,ios,3g,Medium (500-2K),12,0,0.0,0.0
gujarat,20,ios,3g,High (2K-10K),3,0,0.0,0.0
gujarat,20,ios,4g,Small (<500),82,0,0.0,0.0
gujarat,20,ios,4g,Medium (500-2K),71,0,0.0,0.0
gujarat,20,ios,4g,High (2K-10K),27,0,0.0,0.0
gujarat,20,ios,4g,Very High (>10K),1,0,0.0,0.0
gujarat,20,ios,5g,Small (<500),40,0,0.0,0.0
gujarat,20,ios,5g,Medium (500-2K),39,0,0.0,0.0
gujarat,20,ios,5g,High (2K-10K),11,0,0.0,0.0
gujarat,20,ios,5g,Very High (>10K),1,0,0.0,0.0
gujarat,20,ios,wifi,Small (<500),15,0,0.0,0.0
gujarat,20,ios,wifi,Medium (500-2K),10,0,0.0,0.0
gujarat,20,ios,wifi,High (2K-10K),8,0,0.0,0.0
gujarat,20,web,3g,Small (<500),1,0,0.0,0.0
gujarat,20,web,3g,Medium (500-2K),1,0,0.0,0.0
gujarat,20,web,4g,Small (<500),23,0,0.0,0.0
gujarat,20,web,4g,Medium (500-2K),15,0,0.0,0.0
gujarat,20,web,4g,High (2K-10K),7,0,0.0,0.0
gujarat,20,web,5g,Small (<500),12,0,0.0,0.0
gujarat,20,web,5g,Medium (500-2K),4,1,25.0,1127.0
gujarat,20,web,5g,High (2K-10K),4,0,0.0,0.0
gujarat,20,web,5g,Very High (>10K),1,0,0.0,0.0
gujarat,20,web,wifi,Small (<500),2,0,0.0,0.0
gujarat,20,web,wifi,Medium (500-2K),5,0,0.0,0.0
gujarat,20,web,wifi,High (2K-10K),4,0,0.0,0.0
gujarat,21,android,3g,Small (<500),26,0,0.0,0.0
gujarat,21,android,3g,Medium (500-2K),16,0,0.0,0.0
gujarat,21,android,3g,High (2K-10K),8,0,0.0,0.0
gujarat,21,android,4g,Small (<500),272,0,0.0,0.0
gujarat,21,android,4g,Medium (500-2K),236,0,0.0,0.0
gujarat,21,android,4g,High (2K-10K),117,0,0.0,0.0
gujarat,21,android,4g,Very High (>10K),4,0,0.0,0.0
gujarat,21,android,5g,Small (<500),111,1,0.9009009009009009,162.0
gujarat,21,android,5g,Medium (500-2K),98,0,0.0,0.0
gujarat,21,android,5g,High (2K-10K),44,0,0.0,0.0
gujarat,21,android,5g,Very High (>10K),3,0,0.0,0.0
gujarat,21,android,wifi,Small (<500),30,0,0.0,0.0
gujarat,21,android,wifi,Medium (500-2K),49,0,0.0,0.0
gujarat,21,android,wifi,High (2K-10K),15,0,0.0,0.0
gujarat,21,android,wifi,Very High (>10K),1,0,0.0,0.0
gujarat,21,ios,3g,Small (<500),10,0,0.0,0.0
gujarat,21,ios,3g,Medium (500-2K),2,0,0.0,0.0
gujarat,21,ios,3g,High (2K-10K),1,0,0.0,0.0
gujarat,21,ios,4g,Small (<500),63,0,0.0,0.0
gujarat,21,ios,4g,Medium (500-2K),68,0,0.0,0.0
gujarat,21,ios,4g,High (2K-10K),31,0,0.0,0.0
gujarat,21,ios,4g,Very High (>10K),1,0,0.0,0.0
gujarat,21,ios,5g,Small (<500),28,0,0.0,0.0
gujarat,21,ios,5g,Medium (500-2K),31,0,0.0,0.0
gujarat,21,ios,5g,High (2K-10K),8,0,0.0,0.0
gujarat,21,ios,wifi,Small (<500),5,0,0.0,0.0
gujarat,21,ios,wifi,Medium (500-2K),9,0,0.0,0.0
gujarat,21,ios,wifi,High (2K-10K),5,0,0.0,0.0
gujarat,21,web,3g,Small (<500),2,0,0.0,0.0
gujarat,21,web,3g,Medium (500-2K),1,0,0.0,0.0
gujarat,21,web,3g,High (2K-10K),2,0,0.0,0.0
gujarat,21,web,4g,Small (<500),19,0,0.0,0.0
gujarat,21,web,4g,Medium (500-2K),15,0,0.0,0.0
gujarat,21,web,4g,High (2K-10K),9,0,0.0,0.0
gujarat,21,web,5g,Small (<500),12,0,0.0,0.0
gujarat,21,web,5g,Medium (500-2K),5,0,0.0,0.0
gujarat,21,web,5g,High (2K-10K),5,0,0.0,0.0
gujarat,21,web,5g,Very High (>10K),1,0,0.0,0.0
gujarat,21,web,wifi,Small (<500),4,0,0.0,0.0
gujarat,21,web,wifi,Medium (500-2K),3,0,0.0,0.0
gujarat,21,web,wifi,High (2K-10K),2,0,0.0,0.0
gujarat,22,android,3g,Small (<500),12,0,0.0,0.0
gujarat,22,android,3g,Medium (500-2K),10,0,0.0,0.0
gujarat,22,android,3g,High (2K-10K),6,0,0.0,0.0
gujarat,22,android,4g,Small (<500),144,1,0.6944444444444444,416.0
gujarat,22,android,4g,Medium (500-2K),115,0,0.0,0.0
gujarat,22,android,4g,High (2K-10K),69,1,1.4492753623188406,2581.0
gujarat,22,android,4g,Very High (>10K),3,0,0.0,0.0
gujarat,22,android,5g,Small (<500),53,0,0.0,0.0
gujarat,22,android,5g,Medium (500-2K),53,0,0.0,0.0
gujarat,22,android,5g,High (2K-10K),29,1,3.4482758620689653,5275.0
gujarat,22,android,wifi,Small (<500),18,0,0.0,0.0
gujarat,22,android,wifi,Medium (500-2K),18,0,0.0,0.0
gujarat,22,android,wifi,High (2K-10K),15,0,0.0,0.0
gujarat,22,ios,3g,Small (<500),5,0,0.0,0.0
gujarat,22,ios,3g,Medium (500-2K),3,0,0.0,0.0
gujarat,22,ios,3g,High (2K-10K),1,0,0.0,0.0
gujarat,22,ios,4g,Small (<500),43,0,0.0,0.0
gujarat,22,ios,4g,Medium (500-2K),36,0,0.0,0.0
gujarat,22,ios,4g,High (2K-10K),17,0,0.0,0.0
gujarat,22,ios,4g,Very High (>10K),1,0,0.0,0.0
gujarat,22,ios,5g,Small (<500),7,0,0.0,0.0
gujarat,22,ios,5g,Medium (500-2K),15,0,0.0,0.0
gujarat,22,ios,5g,High (2K-10K),5,0,0.0,0.0
gujarat,22,ios,wifi,Small (<500),5,0,0.0,0.0
gujarat,22,ios,wifi,Medium (500-2K),3,0,0.0,0.0
gujarat,22,ios,wifi,High (2K-10K),3,0,0.0,0.0
gujarat,22,web,3g,Small (<500),1,0,0.0,0.0
gujarat,22,web,3g,Medium (500-2K),2,0,0.0,0.0
gujarat,22,web,3g,High (2K-10K),1,0,0.0,0.0
gujarat,22,web,4g,Small (<500),8,0,0.0,0.0
gujarat,22,web,4g,Medium (500-2K),12,0,0.0,0.0
gujarat,22,web,4g,High (2K-10K),4,0,0.0,0.0
gujarat,22,web,5g,Small (<500),7,1,14.285714285714285,406.0
gujarat,22,web,5g,Medium (500-2K),4,0,0.0,0.0
gujarat,22,web,5g,High (2K-10K),2,0,0.0,0.0
gujarat,22,web,wifi,Small (<500),2,0,0.0,0.0
gujarat,22,web,wifi,Medium (500-2K),2,0,0.0,0.0
gujarat,23,android,3g,Small (<500),3,0,0.0,0.0
gujarat,23,android,3g,Medium (500-2K),5,0,0.0,0.0
gujarat,23,android,3g,High (2K-10K),4,0,0.0,0.0
gujarat,23,android,4g,Small (<500),105,0,0.0,0.0
gujarat,23,android,4g,Medium (500-2K),73,0,0.0,0.0
gujarat,23,android,4g,High (2K-10K),38,0,0.0,0.0
gujarat,23,android,4g,Very High (>10K),1,0,0.0,0.0
gujarat,23,android,5g,Small (<500),45,1,2.2222222222222223,88.0
gujarat,23,android,5g,Medium (500-2K),39,0,0.0,0.0
gujarat,23,android,5g,High (2K-10K),18,0,0.0,0.0
gujarat,23,android,wifi,Small (<500),11,0,0.0,0.0
gujarat,23,android,wifi,Medium (500-2K),9,0,0.0,0.0
gujarat,23,android,wifi,High (2K-10K),3,0,0.0,0.0
gujarat,23,android,wifi,Very High (>10K),1,0,0.0,0.0
gujarat,23,ios,3g,Small (<500),2,0,0.0,0.0
gujarat,23,ios,3g,Medium (500-2K),1,0,0.0,0.0
gujarat,23,ios,4g,Small (<500),21,0,0.0,0.0
gujarat,23,ios,4g,Medium (500-2K),24,0,0.0,0.0
gujarat,23,ios,4g,High (2K-10K),13,0,0.0,0.0
gujarat,23,ios,5g,Small (<500),6,0,0.0,0.0
gujarat,23,ios,5g,Medium (500-2K),5,0,0.0,0.0
gujarat,23,ios,5g,High (2K-10K),4,0,0.0,0.0
gujarat,23,ios,5g,Very High (>10K),1,0,0.0,0.0
gujarat,23,ios,wifi,Small (<500),5,0,0.0,0.0
gujarat,23,ios,wifi,Medium (500-2K),2,0,0.0,0.0
gujarat,23,web,4g,Small (<500),3,1,33.33333333333333,477.0
gujarat,23,web,4g,Medium (500-2K),3,0,0.0,0.0
gujarat,23,web,4g,High (2K-10K),2,0,0.0,0.0
gujarat,23,web,5g,Small (<500),3,0,0.0,0.0
gujarat,23,web,5g,High (2K-10K),2,0,0.0,0.0
gujarat,23,web,wifi,Small (<500),1,0,0.0,0.0
karnataka,0,android,3g,Small (<500),10,0,0.0,0.0
karnataka,0,android,4g,Small (<500),77,0,0.0,0.0
karnataka,0,android,4g,Medium (500-2K),66,0,0.0,0.0
karnataka,0,android,4g,High (2K-10K),48,0,0.0,0.0
karnataka,0,android,4g,Very High (>10K),3,0,0.0,0.0
karnataka,0,android,5g,Small (<500),26,0,0.0,0.0
karnataka,0,android,5g,Medium (500-2K),24,0,0.0,0.0
karnataka,0,android,5g,High (2K-10K),16,0,0.0,0.0
karnataka,0,android,wifi,Small (<500),12,0,0.0,0.0
karnataka,0,android,wifi,Medium (500-2K),14,0,0.0,0.0
karnataka,0,android,wifi,High (2K-10K),8,0,0.0,0.0
karnataka,0,ios,3g,Medium (500-2K),3,0,0.0,0.0
karnataka,0,ios,4g,Small (<500),15,1,6.666666666666667,479.0
karnataka,0,ios,4g,Medium (500-2K),23,0,0.0,0.0
karnataka,0,ios,4g,High (2K-10K),13,0,0.0,0.0
karnataka,0,ios,4g,Very High (>10K),1,0,0.0,0.0
karnataka,0,ios,5g,Small (<500),7,0,0.0,0.0
karnataka,0,ios,5g,Medium (500-2K),6,0,0.0,0.0
karnataka,0,ios,5g,High (2K-10K),7,0,0.0,0.0
karnataka,0,ios,wifi,Small (<500),4,0,0.0,0.0
karnataka,0,ios,wifi,Medium (500-2K),2,0,0.0,0.0
karnataka,0,web,3g,Medium (500-2K),1,0,0.0,0.0
karnataka,0,web,4g,Small (<500),6,0,0.0,0.0
karnataka,0,web,4g,Medium (500-2K),7,0,0.0,0.0
karnataka,0,web,4g,High (2K-10K),2,0,0.0,0.0
karnataka,0,web,5g,Small (<500),1,0,0.0,0.0
karnataka,0,web,5g,Medium (500-2K),1,0,0.0,0.0
karnataka,1,android,3g,Small (<500),3,0,0.0,0.0
karnataka,1,android,3g,Medium (500-2K),5,0,0.0,0.0
karnataka,1,android,3g,High (2K-10K),1,0,0.0,0.0
karnataka,1,android,4g,Small (<500),45,0,0.0,0.0
karnataka,1,android,4g,Medium (500-2K),41,0,0.0,0.0
karnataka,1,android,4g,High (2K-10K),16,0,0.0,0.0
karnataka,1,android,5g,Small (<500),23,0,0.0,0.0
karnataka,1,android,5g,Medium (500-2K),11,0,0.0,0.0
karnataka,1,android,5g,High (2K-10K),13,0,0.0,0.0
karnataka,1,android,wifi,Small (<500),5,0,0.0,0.0
karnataka,1,android,wifi,Medium (500-2K),6,0,0.0,0.0
karnataka,1,android,wifi,High (2K-10K),6,0,0.0,0.0
karnataka,1,ios,3g,Small (<500),3,0,0.0,0.0
karnataka,1,ios,3g,Medium (500-2K),3,0,0.0,0.0
karnataka,1,ios,4g,Small (<500),17,0,0.0,0.0
karnataka,1,ios,4g,Medium (500-2K),14,0,0.0,0.0
karnataka,1,ios,4g,High (2K-10K),1,0,0.0,0.0
karnataka,1,ios,5g,Small (<500),6,0,0.0,0.0
karnataka,1,ios,5g,Medium (500-2K),8,0,0.0,0.0
karnataka,1,ios,5g,High (2K-10K),3,0,0.0,0.0
karnataka,1,ios,wifi,Small (<500),1,0,0.0,0.0
karnataka,1,ios,wifi,Medium (500-2K),2,0,0.0,0.0
karnataka,1,ios,wifi,High (2K-10K),1,0,0.0,0.0
karnataka,1,web,3g,Medium (500-2K),1,0,0.0,0.0
karnataka,1,web,4g,Small (<500),1,0,0.0,0.0
karnataka,1,web,4g,Medium (500-2K),2,0,0.0,0.0
karnataka,1,web,4g,High (2K-10K),2,0,0.0,0.0
karnataka,1,web,5g,Small (<500),1,0,0.0,0.0
karnataka,1,web,5g,High (2K-10K),2,0,0.0,0.0
karnataka,2,android,3g,Small (<500),6,0,0.0,0.0
karnataka,2,android,3g,Medium (500-2K),2,0,0.0,0.0
karnataka,2,android,3g,High (2K-10K),1,0,0.0,0.0
karnataka,2,android,4g,Small (<500),29,1,3.4482758620689653,403.0
karnataka,2,android,4g,Medium (500-2K),34,0,0.0,0.0
karnataka,2,android,4g,High (2K-10K),15,0,0.0,0.0
karnataka,2,android,5g,Small (<500),18,0,0.0,0.0
karnataka,2,android,5g,Medium (500-2K),12,0,0.0,0.0
karnataka,2,android,5g,High (2K-10K),12,0,0.0,0.0
karnataka,2,android,5g,Very High (>10K),2,0,0.0,0.0
karnataka,2,android,wifi,Small (<500),5,0,0.0,0.0
karnataka,2,android,wifi,Medium (500-2K),6,0,0.0,0.0
karnataka,2,android,wifi,High (2K-10K),3,0,0.0,0.0
karnataka,2,ios,3g,Medium (500-2K),1,0,0.0,0.0
karnataka,2,ios,4g,Small (<500),12,0,0.0,0.0
karnataka,2,ios,4g,Medium (500-2K),9,0,0.0,0.0
karnataka,2,ios,4g,High (2K-10K),7,0,0.0,0.0
karnataka,2,ios,5g,Small (<500),1,0,0.0,0.0
karnataka,2,ios,5g,Medium (500-2K),5,0,0.0,0.0
karnataka,2,ios,5g,High (2K-10K),4,0,0.0,0.0
karnataka,2,ios,wifi,Small (<500),3,0,0.0,0.0
karnataka,2,ios,wifi,Medium (500-2K),2,0,0.0,0.0
karnataka,2,web,4g,Small (<500),1,0,0.0,0.0
karnataka,2,web,4g,Medium (500-2K),1,0,0.0,0.0
karnataka,2,web,4g,High (2K-10K),2,0,0.0,0.0
karnataka,2,web,5g,Small (<500),1,0,0.0,0.0
karnataka,2,web,5g,Medium (500-2K),1,0,0.0,0.0
karnataka,2,web,wifi,Small (<500),1,0,0.0,0.0
karnataka,3,android,3g,Small (<500),2,0,0.0,0.0
karnataka,3,android,3g,Medium (500-2K),3,0,0.0,0.0
karnataka,3,android,4g,Small (<500),22,0,0.0,0.0
karnataka,3,android,4g,Medium (500-2K),18,0,0.0,0.0
karnataka,3,android,4g,High (2K-10K),13,0,0.0,0.0
karnataka,3,android,5g,Small (<500),10,0,0.0,0.0
karnataka,3,android,5g,Medium (500-2K),12,0,0.0,0.0
karnataka,3,android,5g,High (2K-10K),6,0,0.0,0.0
karnataka,3,android,wifi,Small (<500),3,0,0.0,0.0
karnataka,3,android,wifi,Medium (500-2K),4,0,0.0,0.0
karnataka,3,ios,3g,Medium (500-2K),1,0,0.0,0.0
karnataka,3,ios,4g,Small (<500),13,0,0.0,0.0
karnataka,3,ios,4g,Medium (500-2K),15,0,0.0,0.0
karnataka,3,ios,4g,High (2K-10K),3,0,0.0,0.0
karnataka,3,ios,5g,Small (<500),2,0,0.0,0.0
karnataka,3,ios,5g,High (2K-10K),1,0,0.0,0.0
karnataka,3,ios,wifi,Small (<500),2,0,0.0,0.0
karnataka,3,ios,wifi,Medium (500-2K),3,0,0.0,0.0
karnataka,3,ios,wifi,High (2K-10K),1,0,0.0,0.0
karnataka,3,web,4g,Small (<500),3,0,0.0,0.0
karnataka,3,web,4g,Medium (500-2K),2,0,0.0,0.0
karnataka,3,web,4g,High (2K-10K),2,0,0.0,0.0
karnataka,3,web,5g,Small (<500),1,0,0.0,0.0
karnataka,3,web,5g,Medium (500-2K),1,0,0.0,0.0
karnataka,3,web,wifi,Small (<500),1,0,0.0,0.0
karnataka,3,web,wifi,Medium (500-2K),1,0,0.0,0.0
karnataka,4,android,3g,Small (<500),2,0,0.0,0.0
karnataka,4,android,3g,Medium (500-2K),1,0,0.0,0.0
karnataka,4,android,3g,High (2K-10K),3,0,0.0,0.0
karnataka,4,android,4g,Small (<500),20,0,0.0,0.0
karnataka,4,android,4g,Medium (500-2K),18,0,0.0,0.0
karnataka,4,android,4g,High (2K-10K),11,0,0.0,0.0
karnataka,4,android,5g,Small (<500),12,0,0.0,0.0
karnataka,4,android,5g,Medium (500-2K),12,0,0.0,0.0
karnataka,4,android,5g,High (2K-10K),3,0,0.0,0.0
karnataka,4,android,wifi,Small (<500),3,0,0.0,0.0
karnataka,4,android,wifi,Medium (500-2K),2,0,0.0,0.0
karnataka,4,android,wifi,High (2K-10K),1,0,0.0,0.0
karnataka,4,ios,3g,Medium (500-2K),1,0,0.0,0.0
karnataka,4,ios,4g,Small (<500),5,0,0.0,0.0
karnataka,4,ios,4g,Medium (500-2K),11,0,0.0,0.0
karnataka,4,ios,4g,High (2K-10K),5,0,0.0,0.0
karnataka,4,ios,5g,Small (<500),5,0,0.0,0.0
karnataka,4,ios,5g,Medium (500-2K),4,0,0.0,0.0
karnataka,4,web,3g,Medium (500-2K),1,0,0.0,0.0
karnataka,4,web,4g,Medium (500-2K),4,0,0.0,0.0
karnataka,4,web,4g,High (2K-10K),2,0,0.0,0.0
karnataka,4,web,5g,Medium (500-2K),1,0,0.0,0.0
karnataka,5,android,3g,Small (<500),5,0,0.0,0.0
karnataka,5,android,3g,Medium (500-2K),5,0,0.0,0.0
karnataka,5,android,3g,High (2K-10K),1,0,0.0,0.0
karnataka,5,android,4g,Small (<500),43,0,0.0,0.0
karnataka,5,android,4g,Medium (500-2K),35,0,0.0,0.0
karnataka,5,android,4g,High (2K-10K),21,0,0.0,0.0
karnataka,5,android,4g,Very High (>10K),2,0,0.0,0.0
karnataka,5,android,5g,Small (<500),11,0,0.0,0.0
karnataka,5,android,5g,Medium (500-2K),11,0,0.0,0.0
karnataka,5,android,5g,High (2K-10K),5,0,0.0,0.0
karnataka,5,android,wifi,Small (<500),8,0,0.0,0.0
karnataka,5,android,wifi,Medium (500-2K),7,0,0.0,0.0
karnataka,5,android,wifi,High (2K-10K),4,0,0.0,0.0
karnataka,5,ios,3g,Small (<500),1,0,0.0,0.0
karnataka,5,ios,3g,High (2K-10K),1,0,0.0,0.0
karnataka,5,ios,4g,Small (<500),14,0,0.0,0.0
karnataka,5,ios,4g,Medium (500-2K),9,0,0.0,0.0
karnataka,5,ios,4g,High (2K-10K),3,0,0.0,0.0
karnataka,5,ios,5g,Small (<500),5,0,0.0,0.0
karnataka,5,ios,5g,Medium (500-2K),6,0,0.0,0.0
karnataka,5,ios,5g,High (2K-10K),2,0,0.0,0.0
karnataka,5,ios,wifi,Medium (500-2K),2,0,0.0,0.0
karnataka,5,web,4g,Small (<500),3,0,0.0,0.0
karnataka,5,web,4g,Medium (500-2K),1,0,0.0,0.0
karnataka,5,web,4g,High (2K-10K),3,0,0.0,0.0
karnataka,5,web,5g,Small (<500),2,0,0.0,0.0
karnataka,5,web,5g,Medium (500-2K),1,0,0.0,0.0
karnataka,5,web,5g,High (2K-10K),1,0,0.0,0.0
karnataka,6,android,3g,Small (<500),5,1,20.0,281.0
karnataka,6,android,3g,Medium (500-2K),7,0,0.0,0.0
karnataka,6,android,3g,High (2K-10K),1,0,0.0,0.0
karnataka,6,android,4g,Small (<500),73,0,0.0,0.0
karnataka,6,android,4g,Medium (500-2K),68,0,0.0,0.0
karnataka,6,android,4g,High (2K-10K),33,0,0.0,0.0
karnataka,6,android,5g,Small (<500),38,0,0.0,0.0
karnataka,6,android,5g,Medium (500-2K),26,0,0.0,0.0
karnataka,6,android,5g,High (2K-10K),23,0,0.0,0.0
karnataka,6,android,5g,Very High (>10K),1,0,0.0,0.0
karnataka,6,android,wifi,Small (<500),15,0,0.0,0.0
karnataka,6,android,wifi,Medium (500-2K),19,0,0.0,0.0
karnataka,6,android,wifi,High (2K-10K),5,0,0.0,0.0
karnataka,6,ios,3g,Very High (>10K),1,0,0.0,0.0
karnataka,6,ios,4g,Small (<500),27,0,0.0,0.0
karnataka,6,ios,4g,Medium (500-2K),16,0,0.0,0.0
karnataka,6,ios,4g,High (2K-10K),8,0,0.0,0.0
karnataka,6,ios,5g,Small (<500),7,0,0.0,0.0
karnataka,6,ios,5g,Medium (500-2K),8,0,0.0,0.0
karnataka,6,ios,5g,High (2K-10K),3,0,0.0,0.0
karnataka,6,ios,wifi,Small (<500),7,0,0.0,0.0
karnataka,6,ios,wifi,Medium (500-2K),5,0,0.0,0.0
karnataka,6,ios,wifi,High (2K-10K),3,0,0.0,0.0
karnataka,6,web,4g,Small (<500),3,0,0.0,0.0
karnataka,6,web,4g,Medium (500-2K),8,0,0.0,0.0
karnataka,6,web,4g,High (2K-10K),2,0,0.0,0.0
karnataka,6,web,5g,Small (<500),3,0,0.0,0.0
karnataka,6,web,5g,Medium (500-2K),2,0,0.0,0.0
karnataka,6,web,5g,High (2K-10K),2,0,0.0,0.0
karnataka,6,web,wifi,Small (<500),1,0,0.0,0.0
karnataka,6,web,wifi,Medium (500-2K),1,0,0.0,0.0
karnataka,7,android,3g,Small (<500),13,0,0.0,0.0
karnataka,7,android,3g,Medium (500-2K),11,0,0.0,0.0
karnataka,7,android,3g,High (2K-10K),5,0,0.0,0.0
karnataka,7,android,3g,Very High (>10K),1,0,0.0,0.0
karnataka,7,android,4g,Small (<500),133,0,0.0,0.0
karnataka,7,android,4g,Medium (500-2K),109,0,0.0,0.0
karnataka,7,android,4g,High (2K-10K),45,0,0.0,0.0
karnataka,7,android,4g,Very High (>10K),2,0,0.0,0.0
karnataka,7,android,5g,Small (<500),51,0,0.0,0.0
karnataka,7,android,5g,Medium (500-2K),48,0,0.0,0.0
karnataka,7,android,5g,High (2K-10K),38,0,0.0,0.0
karnataka,7,android,5g,Very High (>10K),1,0,0.0,0.0
karnataka,7,android,wifi,Small (<500),24,0,0.0,0.0
karnataka,7,android,wifi,Medium (500-2K),24,0,0.0,0.0
karnataka,7,android,wifi,High (2K-10K),8,0,0.0,0.0
karnataka,7,ios,3g,Small (<500),2,0,0.0,0.0
karnataka,7,ios,3g,Medium (500-2K),2,0,0.0,0.0
karnataka,7,ios,3g,High (2K-10K),2,0,0.0,0.0
karnataka,7,ios,4g,Small (<500),31,0,0.0,0.0
karnataka,7,ios,4g,Medium (500-2K),36,0,0.0,0.0
karnataka,7,ios,4g,High (2K-10K),14,0,0.0,0.0
karnataka,7,ios,5g,Small (<500),18,0,0.0,0.0
karnataka,7,ios,5g,Medium (500-2K),11,0,0.0,0.0
karnataka,7,ios,5g,High (2K-10K),7,0,0.0,0.0
karnataka,7,ios,5g,Very High (>10K),2,0,0.0,0.0
karnataka,7,ios,wifi,Small (<500),5,0,0.0,0.0
karnataka,7,ios,wifi,Medium (500-2K),2,0,0.0,0.0
karnataka,7,ios,wifi,High (2K-10K),2,0,0.0,0.0
karnataka,7,web,3g,Medium (500-2K),2,0,0.0,0.0
karnataka,7,web,4g,Small (<500),13,0,0.0,0.0
karnataka,7,web,4g,Medium (500-2K),12,0,0.0,0.0
karnataka,7,web,4g,High (2K-10K),3,0,0.0,0.0
karnataka,7,web,5g,Small (<500),4,0,0.0,0.0
karnataka,7,web,5g,Medium (500-2K),1,0,0.0,0.0
karnataka,7,web,5g,High (2K-10K),2,0,0.0,0.0
karnataka,7,web,wifi,Small (<500),2,0,0.0,0.0
karnataka,8,android,3g,Small (<500),18,1,5.555555555555555,50.0
karnataka,8,android,3g,Medium (500-2K),13,0,0.0,0.0
karnataka,8,android,3g,High (2K-10K),15,0,0.0,0.0
karnataka,8,android,4g,Small (<500),195,1,0.5128205128205128,123.0
karnataka,8,android,4g,Medium (500-2K),167,0,0.0,0.0
karnataka,8,android,4g,High (2K-10K),89,0,0.0,0.0
karnataka,8,android,4g,Very High (>10K),2,0,0.0,0.0
karnataka,8,android,5g,Small (<500),73,1,1.36986301369863,246.0
karnataka,8,android,5g,Medium (500-2K),75,0,0.0,0.0
karnataka,8,android,5g,High (2K-10K),39,0,0.0,0.0
karnataka,8,android,5g,Very High (>10K),1,0,0.0,0.0
karnataka,8,android,wifi,Small (<500),33,0,0.0,0.0
karnataka,8,android,wifi,Medium (500-2K),39,0,0.0,0.0
karnataka,8,android,wifi,High (2K-10K),14,0,0.0,0.0
karnataka,8,ios,3g,Small (<500),5,0,0.0,0.0
karnataka,8,ios,3g,Medium (500-2K),6,0,0.0,0.0
karnataka,8,ios,3g,High (2K-10K),2,0,0.0,0.0
karnataka,8,ios,4g,Small (<500),47,0,0.0,0.0
karnataka,8,ios,4g,Medium (500-2K),44,0,0.0,0.0
karnataka,8,ios,4g,High (2K-10K),21,0,0.0,0.0
karnataka,8,ios,5g,Small (<500),20,0,0.0,0.0
karnataka,8,ios,5g,Medium (500-2K),25,0,0.0,0.0
karnataka,8,ios,5g,High (2K-10K),7,0,0.0,0.0
karnataka,8,ios,wifi,Small (<500),9,0,0.0,0.0
karnataka,8,ios,wifi,Medium (500-2K),8,0,0.0,0.0
karnataka,8,ios,wifi,High (2K-10K),4,0,0.0,0.0
karnataka,8,ios,wifi,Very High (>10K),1,0,0.0,0.0
karnataka,8,web,3g,Very High (>10K),1,0,0.0,0.0
karnataka,8,web,4g,Small (<500),9,0,0.0,0.0
karnataka,8,web,4g,Medium (500-2K),8,0,0.0,0.0
karnataka,8,web,4g,High (2K-10K),4,0,0.0,0.0
karnataka,8,web,5g,Small (<500),3,0,0.0,0.0
karnataka,8,web,5g,Medium (500-2K),2,0,0.0,0.0
karnataka,8,web,5g,High (2K-10K),4,0,0.0,0.0
karnataka,9,android,3g,Small (<500),22,0,0.0,0.0
karnataka,9,android,3g,Medium (500-2K),21,0,0.0,0.0
karnataka,9,android,3g,High (2K-10K),9,0,0.0,0.0
karnataka,9,android,3g,Very High (>10K),2,0,0.0,0.0
karnataka,9,android,4g,Small (<500),260,0,0.0,0.0
karnataka,9,android,4g,Medium (500-2K),224,0,0.0,0.0
karnataka,9,android,4g,High (2K-10K),102,1,0.9803921568627451,2370.0
karnataka,9,android,4g,Very High (>10K),9,0,0.0,0.0
karnataka,9,android,5g,Small (<500),83,0,0.0,0.0
karnataka,9,android,5g,Medium (500-2K),75,0,0.0,0.0
karnataka,9,android,5g,High (2K-10K),45,0,0.0,0.0
karnataka,9,android,5g,Very High (>10K),2,0,0.0,0.0
karnataka,9,android,wifi,Small (<500),37,0,0.0,0.0
karnataka,9,android,wifi,Medium (500-2K),32,0,0.0,0.0
karnataka,9,android,wifi,High (2K-10K),16,0,0.0,0.0
karnataka,9,ios,3g,Small (<500),5,0,0.0,0.0
karnataka,9,ios,3g,Medium (500-2K),5,0,0.0,0.0
karnataka,9,ios,3g,High (2K-10K),6,0,0.0,0.0
karnataka,9,ios,4g,Small (<500),61,0,0.0,0.0
karnataka,9,ios,4g,Medium (500-2K),48,0,0.0,0.0
karnataka,9,ios,4g,High (2K-10K),22,0,0.0,0.0
karnataka,9,ios,4g,Very High (>10K),2,0,0.0,0.0
karnataka,9,ios,5g,Small (<500),29,0,0.0,0.0
karnataka,9,ios,5g,Medium (500-2K),31,0,0.0,0.0
karnataka,9,ios,5g,High (2K-10K),10,0,0.0,0.0
karnataka,9,ios,wifi,Small (<500),8,0,0.0,0.0
karnataka,9,ios,wifi,Medium (500-2K),9,0,0.0,0.0
karnataka,9,ios,wifi,High (2K-10K),5,0,0.0,0.0
karnataka,9,web,3g,Small (<500),4,0,0.0,0.0
karnataka,9,web,3g,High (2K-10K),2,0,0.0,0.0
karnataka,9,web,4g,Small (<500),12,0,0.0,0.0
karnataka,9,web,4g,Medium (500-2K),10,0,0.0,0.0
karnataka,9,web,4g,High (2K-10K),15,0,0.0,0.0
karnataka,9,web,5g,Small (<500),10,0,0.0,0.0
karnataka,9,web,5g,Medium (500-2K),6,0,0.0,0.0
karnataka,9,web,5g,High (2K-10K),4,0,0.0,0.0
karnataka,9,web,wifi,Small (<500),2,0,0.0,0.0
karnataka,9,web,wifi,Medium (500-2K),5,0,0.0,0.0
karnataka,9,web,wifi,High (2K-10K),1,0,0.0,0.0
karnataka,10,android,3g,Small (<500),25,0,0.0,0.0
karnataka,10,android,3g,Medium (500-2K),30,0,0.0,0.0
karnataka,10,android,3g,High (2K-10K),7,0,0.0,0.0
karnataka,10,android,4g,Small (<500),317,0,0.0,0.0
karnataka,10,android,4g,Medium (500-2K),268,0,0.0,0.0
karnataka,10,android,4g,High (2K-10K),159,1,0.628930817610063,3512.0
karnataka,10,android,5g,Small (<500),118,0,0.0,0.0
karnataka,10,android,5g,Medium (500-2K),137,0,0.0,0.0
karnataka,10,android,5g,High (2K-10K),50,0,0.0,0.0
karnataka,10,android,wifi,Small (<500),43,0,0.0,0.0
karnataka,10,android,wifi,Medium (500-2K),48,0,0.0,0.0
karnataka,10,android,wifi,High (2K-10K),29,0,0.0,0.0
karnataka,10,ios,3g,Small (<500),11,0,0.0,0.0
karnataka,10,ios,3g,Medium (500-2K),5,0,0.0,0.0
karnataka,10,ios,3g,High (2K-10K),3,0,0.0,0.0
karnataka,10,ios,4g,Small (<500),95,0,0.0,0.0
karnataka,10,ios,4g,Medium (500-2K),79,0,0.0,0.0
karnataka,10,ios,4g,High (2K-10K),43,0,0.0,0.0
karnataka,10,ios,4g,Very High (>10K),1,0,0.0,0.0
karnataka,10,ios,5g,Small (<500),40,1,2.5,107.0
karnataka,10,ios,5g,Medium (500-2K),30,0,0.0,0.0
karnataka,10,ios,5g,High (2K-10K),15,0,0.0,0.0
karnataka,10,ios,wifi,Small (<500),13,0,0.0,0.0
karnataka,10,ios,wifi,Medium (500-2K),14,0,0.0,0.0
karnataka,10,ios,wifi,High (2K-10K),5,0,0.0,0.0
karnataka,10,web,3g,Medium (500-2K),2,0,0.0,0.0
karnataka,10,web,3g,High (2K-10K),1,0,0.0,0.0
karnataka,10,web,4g,Small (<500),17,0,0.0,0.0
karnataka,10,web,4g,Medium (500-2K),22,0,0.0,0.0
karnataka,10,web,4g,High (2K-10K),11,0,0.0,0.0
karnataka,10,web,4g,Very High (>10K),1,0,0.0,0.0
karnataka,10,web,5g,Small (<500),16,0,0.0,0.0
karnataka,10,web,5g,Medium (500-2K),11,0,0.0,0.0
karnataka,10,web,5g,High (2K-10K),4,0,0.0,0.0
karnataka,10,web,wifi,Small (<500),4,0,0.0,0.0
karnataka,10,web,wifi,Medium (500-2K),4,0,0.0,0.0
karnataka,10,web,wifi,High (2K-10K),2,0,0.0,0.0
karnataka,11,android,3g,Small (<500),32,0,0.0,0.0
karnataka,11,android,3g,Medium (500-2K),24,0,0.0,0.0
karnataka,11,android,3g,High (2K-10K),11,0,0.0,0.0
karnataka,11,android,3g,Very High (>10K),1,0,0.0,0.0
karnataka,11,android,4g,Small (<500),405,0,0.0,0.0
karnataka,11,android,4g,Medium (500-2K),324,1,0.30864197530864196,594.0
karnataka,11,android,4g,High (2K-10K),156,1,0.641025641025641,3632.0
karnataka,11,android,4g,Very High (>10K),4,0,0.0,0.0
karnataka,11,android,5g,Small (<500),153,1,0.6535947712418301,70.0
karnataka,11,android,5g,Medium (500-2K),145,0,0.0,0.0
karnataka,11,android,5g,High (2K-10K),77,0,0.0,0.0
karnataka,11,android,5g,Very High (>10K),3,0,0.0,0.0
karnataka,11,android,wifi,Small (<500),70,0,0.0,0.0
karnataka,11,android,wifi,Medium (500-2K),42,0,0.0,0.0
karnataka,11,android,wifi,High (2K-10K),31,0,0.0,0.0
karnataka,11,android,wifi,Very High (>10K),3,0,0.0,0.0
karnataka,11,ios,3g,Small (<500),6,0,0.0,0.0
karnataka,11,ios,3g,Medium (500-2K),5,0,0.0,0.0
karnataka,11,ios,4g,Small (<500),102,1,0.9803921568627451,95.0
karnataka,11,ios,4g,Medium (500-2K),88,0,0.0,0.0
karnataka,11,ios,4g,High (2K-10K),41,0,0.0,0.0
karnataka,11,ios,4g,Very High (>10K),3,0,0.0,0.0
karnataka,11,ios,5g,Small (<500),37,0,0.0,0.0
karnataka,11,ios,5g,Medium (500-2K),45,0,0.0,0.0
karnataka,11,ios,5g,High (2K-10K),17,0,0.0,0.0
karnataka,11,ios,wifi,Small (<500),20,0,0.0,0.0
karnataka,11,ios,wifi,Medium (500-2K),5,0,0.0,0.0
karnataka,11,ios,wifi,High (2K-10K),9,0,0.0,0.0
karnataka,11,web,3g,Small (<500),1,0,0.0,0.0
karnataka,11,web,3g,Medium (500-2K),2,0,0.0,0.0
karnataka,11,web,3g,High (2K-10K),1,0,0.0,0.0
karnataka,11,web,4g,Small (<500),31,1,3.225806451612903,162.0
karnataka,11,web,4g,Medium (500-2K),23,0,0.0,0.0
karnataka,11,web,4g,High (2K-10K),9,0,0.0,0.0
karnataka,11,web,5g,Small (<500),12,0,0.0,0.0
karnataka,11,web,5g,Medium (500-2K),15,0,0.0,0.0
karnataka,11,web,5g,High (2K-10K),4,0,0.0,0.0
karnataka,11,web,wifi,Small (<500),7,0,0.0,0.0
karnataka,11,web,wifi,Medium (500-2K),4,0,0.0,0.0
karnataka,11,web,wifi,High (2K-10K),1,0,0.0,0.0
karnataka,12,android,3g,Small (<500),25,1,4.0,203.0
karnataka,12,android,3g,Medium (500-2K),20,0,0.0,0.0
karnataka,12,android,3g,High (2K-10K),21,0,0.0,0.0
karnataka,12,android,4g,Small (<500),415,1,0.24096385542168677,288.0
karnataka,12,android,4g,Medium (500-2K),368,2,0.5434782608695652,1354.5
karnataka,12,android,4g,High (2K-10K),185,0,0.0,0.0
karnataka,12,android,4g,Very High (>10K),6,0,0.0,0.0
karnataka,12,android,5g,Small (<500),185,1,0.5405405405405406,292.0
karnataka,12,android,5g,Medium (500-2K),153,0,0.0,0.0
karnataka,12,android,5g,High (2K-10K),62,0,0.0,0.0
karnataka,12,android,5g,Very High (>10K),1,0,0.0,0.0
karnataka,12,android,wifi,Small (<500),74,0,0.0,0.0
karnataka,12,android,wifi,Medium (500-2K),62,1,1.6129032258064515,1058.0
karnataka,12,android,wifi,High (2K-10K),26,0,0.0,0.0
karnataka,12,android,wifi,Very High (>10K),1,0,0.0,0.0
karnataka,12,ios,3g,Small (<500),7,0,0.0,0.0
karnataka,12,ios,3g,Medium (500-2K),9,0,0.0,0.0
karnataka,12,ios,3g,High (2K-10K),3,0,0.0,0.0
karnataka,12,ios,4g,Small (<500),118,0,0.0,0.0
karnataka,12,ios,4g,Medium (500-2K),106,0,0.0,0.0
karnataka,12,ios,4g,High (2K-10K),45,0,0.0,0.0
karnataka,12,ios,4g,Very High (>10K),2,0,0.0,0.0
karnataka,12,ios,5g,Small (<500),51,0,0.0,0.0
karnataka,12,ios,5g,Medium (500-2K),38,0,0.0,0.0
karnataka,12,ios,5g,High (2K-10K),17,0,0.0,0.0
karnataka,12,ios,wifi,Small (<500),14,0,0.0,0.0
karnataka,12,ios,wifi,Medium (500-2K),21,0,0.0,0.0
karnataka,12,ios,wifi,High (2K-10K),9,0,0.0,0.0
karnataka,12,web,3g,Small (<500),4,0,0.0,0.0
karnataka,12,web,3g,Medium (500-2K),1,0,0.0,0.0
karnataka,12,web,4g,Small (<500),30,0,0.0,0.0
karnataka,12,web,4g,Medium (500-2K),21,0,0.0,0.0
karnataka,12,web,4g,High (2K-10K),16,0,0.0,0.0
karnataka,12,web,4g,Very High (>10K),2,0,0.0,0.0
karnataka,12,web,5g,Small (<500),7,0,0.0,0.0
karnataka,12,web,5g,Medium (500-2K),9,0,0.0,0.0
karnataka,12,web,5g,High (2K-10K),4,0,0.0,0.0
karnataka,12,web,5g,Very High (>10K),1,0,0.0,0.0
karnataka,12,web,wifi,Small (<500),4,0,0.0,0.0
karnataka,12,web,wifi,Medium (500-2K),2,0,0.0,0.0
karnataka,12,web,wifi,High (2K-10K),2,0,0.0,0.0
karnataka,13,android,3g,Small (<500),32,0,0.0,0.0
karnataka,13,android,3g,Medium (500-2K),34,1,2.941176470588235,1275.0
karnataka,13,android,3g,High (2K-10K),11,0,0.0,0.0
karnataka,13,android,4g,Small (<500),345,1,0.2898550724637681,405.0
karnataka,13,android,4g,Medium (500-2K),299,1,0.33444816053511706,1752.0
karnataka,13,android,4g,High (2K-10K),155,0,0.0,0.0
karnataka,13,android,4g,Very High (>10K),5,0,0.0,0.0
karnataka,13,android,5g,Small (<500),154,0,0.0,0.0
karnataka,13,android,5g,Medium (500-2K),104,0,0.0,0.0
karnataka,13,android,5g,High (2K-10K),65,0,0.0,0.0
karnataka,13,android,5g,Very High (>10K),2,0,0.0,0.0
karnataka,13,android,wifi,Small (<500),64,0,0.0,0.0
karnataka,13,android,wifi,Medium (500-2K),46,0,0.0,0.0
karnataka,13,android,wifi,High (2K-10K),19,0,0.0,0.0
karnataka,13,android,wifi,Very High (>10K),2,0,0.0,0.0
karnataka,13,ios,3g,Small (<500),4,0,0.0,0.0
karnataka,13,ios,3g,Medium (500-2K),7,0,0.0,0.0
karnataka,13,ios,3g,High (2K-10K),6,0,0.0,0.0
karnataka,13,ios,4g,Small (<500),101,1,0.9900990099009901,376.0
karnataka,13,ios,4g,Medium (500-2K),83,0,0.0,0.0
karnataka,13,ios,4g,High (2K-10K),35,0,0.0,0.0
karnataka,13,ios,5g,Small (<500),42,0,0.0,0.0
karnataka,13,ios,5g,Medium (500-2K),39,0,0.0,0.0
karnataka,13,ios,5g,High (2K-10K),15,1,6.666666666666667,2111.0
karnataka,13,ios,wifi,Small (<500),17,0,0.0,0.0
karnataka,13,ios,wifi,Medium (500-2K),19,0,0.0,0.0
karnataka,13,ios,wifi,High (2K-10K),10,0,0.0,0.0
karnataka,13,web,3g,Small (<500),1,0,0.0,0.0
karnataka,13,web,3g,Medium (500-2K),1,0,0.0,0.0
karnataka,13,web,3g,High (2K-10K),3,0,0.0,0.0
karnataka,13,web,4g,Small (<500),22,0,0.0,0.0
karnataka,13,web,4g,Medium (500-2K),21,0,0.0,0.0
karnataka,13,web,4g,High (2K-10K),6,0,0.0,0.0
karnataka,13,web,5g,Small (<500),10,0,0.0,0.0
karnataka,13,web,5g,Medium (500-2K),9,0,0.0,0.0
karnataka,13,web,5g,High (2K-10K),6,0,0.0,0.0
karnataka,13,web,wifi,Small (<500),1,0,0.0,0.0
karnataka,13,web,wifi,Medium (500-2K),2,0,0.0,0.0
karnataka,13,web,wifi,High (2K-10K),1,0,0.0,0.0
karnataka,14,android,3g,Small (<500),20,0,0.0,0.0
karnataka,14,android,3g,Medium (500-2K),28,0,0.0,0.0
karnataka,14,android,3g,High (2K-10K),11,0,0.0,0.0
karnataka,14,android,3g,Very High (>10K),1,0,0.0,0.0
karnataka,14,android,4g,Small (<500),292,1,0.3424657534246575,429.0
karnataka,14,android,4g,Medium (500-2K),236,0,0.0,0.0
karnataka,14,android,4g,High (2K-10K),118,0,0.0,0.0
karnataka,14,android,4g,Very High (>10K),2,0,0.0,0.0
karnataka,14,android,5g,Small (<500),136,0,0.0,0.0
karnataka,14,android,5g,Medium (500-2K),101,1,0.9900990099009901,1781.0
karnataka,14,android,5g,High (2K-10K),47,0,0.0,0.0
karnataka,14,android,5g,Very High (>10K),4,0,0.0,0.0
karnataka,14,android,wifi,Small (<500),39,0,0.0,0.0
karnataka,14,android,wifi,Medium (500-2K),31,0,0.0,0.0
karnataka,14,android,wifi,High (2K-10K),17,0,0.0,0.0
karnataka,14,ios,3g,Small (<500),4,0,0.0,0.0
karnataka,14,ios,3g,Medium (500-2K),5,0,0.0,0.0
karnataka,14,ios,3g,High (2K-10K),2,0,0.0,0.0
karnataka,14,ios,4g,Small (<500),67,1,1.4925373134328357,49.0
karnataka,14,ios,4g,Medium (500-2K),71,0,0.0,0.0
karnataka,14,ios,4g,High (2K-10K),23,0,0.0,0.0
karnataka,14,ios,4g,Very High (>10K),1,0,0.0,0.0
karnataka,14,ios,5g,Small (<500),25,0,0.0,0.0
karnataka,14,ios,5g,Medium (500-2K),29,0,0.0,0.0
karnataka,14,ios,5g,High (2K-10K),9,0,0.0,0.0
karnataka,14,ios,wifi,Small (<500),9,0,0.0,0.0
karnataka,14,ios,wifi,Medium (500-2K),15,0,0.0,0.0
karnataka,14,ios,wifi,High (2K-10K),8,0,0.0,0.0
karnataka,14,web,3g,Small (<500),2,0,0.0,0.0
karnataka,14,web,3g,Medium (500-2K),3,0,0.0,0.0
karnataka,14,web,3g,High (2K-10K),2,0,0.0,0.0
karnataka,14,web,4g,Small (<500),20,0,0.0,0.0
karnataka,14,web,4g,Medium (500-2K),16,0,0.0,0.0
karnataka,14,web,4g,High (2K-10K),5,0,0.0,0.0
karnataka,14,web,4g,Very High (>10K),1,0,0.0,0.0
karnataka,14,web,5g,Small (<500),5,0,0.0,0.0
karnataka,14,web,5g,Medium (500-2K),4,0,0.0,0.0
karnataka,14,web,5g,High (2K-10K),4,0,0.0,0.0
karnataka,14,web,5g,Very High (>10K),1,0,0.0,0.0
karnataka,14,web,wifi,Small (<500),4,0,0.0,0.0
karnataka,14,web,wifi,Medium (500-2K),5,0,0.0,0.0
karnataka,14,web,wifi,High (2K-10K),3,0,0.0,0.0
karnataka,14,web,wifi,Very High (>10K),1,0,0.0,0.0
karnataka,15,android,3g,Small (<500),29,0,0.0,0.0
karnataka,15,android,3g,Medium (500-2K),17,0,0.0,0.0
karnataka,15,android,3g,High (2K-10K),3,0,0.0,0.0
karnataka,15,android,4g,Small (<500),262,0,0.0,0.0
karnataka,15,android,4g,Medium (500-2K),241,4,1.6597510373443984,712.25
karnataka,15,android,4g,High (2K-10K),122,0,0.0,0.0
karnataka,15,android,4g,Very High (>10K),4,0,0.0,0.0
karnataka,15,android,5g,Small (<500),103,0,0.0,0.0
karnataka,15,android,5g,Medium (500-2K),111,0,0.0,0.0
karnataka,15,android,5g,High (2K-10K),48,0,0.0,0.0
karnataka,15,android,5g,Very High (>10K),1,0,0.0,0.0
karnataka,15,android,wifi,Small (<500),52,0,0.0,0.0
karnataka,15,android,wifi,Medium (500-2K),41,0,0.0,0.0
karnataka,15,android,wifi,High (2K-10K),26,0,0.0,0.0
karnataka,15,android,wifi,Very High (>10K),1,0,0.0,0.0
karnataka,15,ios,3g,Small (<500),10,0,0.0,0.0
karnataka,15,ios,3g,Medium (500-2K),8,0,0.0,0.0
karnataka,15,ios,3g,High (2K-10K),3,0,0.0,0.0
karnataka,15,ios,4g,Small (<500),71,0,0.0,0.0
karnataka,15,ios,4g,Medium (500-2K),67,0,0.0,0.0
karnataka,15,ios,4g,High (2K-10K),32,0,0.0,0.0
karnataka,15,ios,4g,Very High (>10K),3,0,0.0,0.0
karnataka,15,ios,5g,Small (<500),39,0,0.0,0.0
karnataka,15,ios,5g,Medium (500-2K),28,0,0.0,0.0
karnataka,15,ios,5g,High (2K-10K),15,0,0.0,0.0
karnataka,15,ios,5g,Very High (>10K),2,0,0.0,0.0
karnataka,15,ios,wifi,Small (<500),12,0,0.0,0.0
karnataka,15,ios,wifi,Medium (500-2K),8,0,0.0,0.0
karnataka,15,ios,wifi,High (2K-10K),4,0,0.0,0.0
karnataka,15,ios,wifi,Very High (>10K),1,0,0.0,0.0
karnataka,15,web,3g,Small (<500),1,0,0.0,0.0
karnataka,15,web,3g,Medium (500-2K),2,0,0.0,0.0
karnataka,15,web,4g,Small (<500),24,0,0.0,0.0
karnataka,15,web,4g,Medium (500-2K),14,0,0.0,0.0
karnataka,15,web,4g,High (2K-10K),8,0,0.0,0.0
karnataka,15,web,4g,Very High (>10K),1,0,0.0,0.0
karnataka,15,web,5g,Small (<500),9,0,0.0,0.0
karnataka,15,web,5g,Medium (500-2K),2,0,0.0,0.0
karnataka,15,web,5g,High (2K-10K),7,0,0.0,0.0
karnataka,15,web,wifi,Small (<500),5,0,0.0,0.0
karnataka,15,web,wifi,Medium (500-2K),2,0,0.0,0.0
karnataka,15,web,wifi,High (2K-10K),2,0,0.0,0.0
karnataka,16,android,3g,Small (<500),30,0,0.0,0.0
karnataka,16,android,3g,Medium (500-2K),25,0,0.0,0.0
karnataka,16,android,3g,High (2K-10K),19,0,0.0,0.0
karnataka,16,android,4g,Small (<500),328,2,0.6097560975609756,210.5
karnataka,16,android,4g,Medium (500-2K),300,1,0.33333333333333337,1276.0
karnataka,16,android,4g,High (2K-10K),124,0,0.0,0.0
karnataka,16,android,4g,Very High (>10K),4,0,0.0,0.0
karnataka,16,android,5g,Small (<500),128,0,0.0,0.0
karnataka,16,android,5g,Medium (500-2K),119,0,0.0,0.0
karnataka,16,android,5g,High (2K-10K),61,0,0.0,0.0
karnataka,16,android,5g,Very High (>10K),2,0,0.0,0.0
karnataka,16,android,wifi,Small (<500),50,0,0.0,0.0
karnataka,16,android,wifi,Medium (500-2K),42,0,0.0,0.0
karnataka,16,android,wifi,High (2K-10K),25,0,0.0,0.0
karnataka,16,ios,3g,Small (<500),8,0,0.0,0.0
karnataka,16,ios,3g,Medium (500-2K),10,0,0.0,0.0
karnataka,16,ios,3g,High (2K-10K),2,0,0.0,0.0
karnataka,16,ios,4g,Small (<500),86,1,1.1627906976744187,283.0
karnataka,16,ios,4g,Medium (500-2K),71,0,0.0,0.0
karnataka,16,ios,4g,High (2K-10K),30,0,0.0,0.0
karnataka,16,ios,4g,Very High (>10K),1,0,0.0,0.0
karnataka,16,ios,5g,Small (<500),30,0,0.0,0.0
karnataka,16,ios,5g,Medium (500-2K),34,0,0.0,0.0
karnataka,16,ios,5g,High (2K-10K),11,0,0.0,0.0
karnataka,16,ios,5g,Very High (>10K),1,0,0.0,0.0
karnataka,16,ios,wifi,Small (<500),17,1,5.88235294117647,374.0
karnataka,16,ios,wifi,Medium (500-2K),13,0,0.0,0.0
karnataka,16,ios,wifi,High (2K-10K),6,0,0.0,0.0
karnataka,16,ios,wifi,Very High (>10K),1,0,0.0,0.0
karnataka,16,web,3g,Small (<500),1,0,0.0,0.0
karnataka,16,web,3g,High (2K-10K),1,0,0.0,0.0
karnataka,16,web,4g,Small (<500),16,0,0.0,0.0
karnataka,16,web,4g,Medium (500-2K),22,0,0.0,0.0
karnataka,16,web,4g,High (2K-10K),4,0,0.0,0.0
karnataka,16,web,4g,Very High (>10K),1,0,0.0,0.0
karnataka,16,web,5g,Small (<500),12,0,0.0,0.0
karnataka,16,web,5g,Medium (500-2K),3,0,0.0,0.0
karnataka,16,web,5g,High (2K-10K),7,0,0.0,0.0
karnataka,16,web,wifi,Small (<500),4,0,0.0,0.0
karnataka,16,web,wifi,Medium (500-2K),3,0,0.0,0.0
karnataka,16,web,wifi,High (2K-10K),1,0,0.0,0.0
karnataka,17,android,3g,Small (<500),31,0,0.0,0.0
karnataka,17,android,3g,Medium (500-2K),39,0,0.0,0.0
karnataka,17,android,3g,High (2K-10K),16,1,6.25,5990.0
karnataka,17,android,4g,Small (<500),415,1,0.24096385542168677,225.0
karnataka,17,android,4g,Medium (500-2K),363,1,0.27548209366391185,518.0
karnataka,17,android,4g,High (2K-10K),192,0,0.0,0.0
karnataka,17,android,4g,Very High (>10K),5,0,0.0,0.0
karnataka,17,android,5g,Small (<500),168,1,0.5952380952380952,361.0
karnataka,17,android,5g,Medium (500-2K),172,0,0.0,0.0
karnataka,17,android,5g,High (2K-10K),82,0,0.0,0.0
karnataka,17,android,wifi,Small (<500),67,0,0.0,0.0
karnataka,17,android,wifi,Medium (500-2K),54,0,0.0,0.0
karnataka,17,android,wifi,High (2K-10K),32,0,0.0,0.0
karnataka,17,ios,3g,Small (<500),2,0,0.0,0.0
karnataka,17,ios,3g,Medium (500-2K),10,0,0.0,0.0
karnataka,17,ios,3g,High (2K-10K),2,0,0.0,0.0
karnataka,17,ios,4g,Small (<500),118,0,0.0,0.0
karnataka,17,ios,4g,Medium (500-2K),90,0,0.0,0.0
karnataka,17,ios,4g,High (2K-10K),51,0,0.0,0.0
karnataka,17,ios,4g,Very High (>10K),2,0,0.0,0.0
karnataka,17,ios,5g,Small (<500),50,0,0.0,0.0
karnataka,17,ios,5g,Medium (500-2K),52,1,1.9230769230769231,1356.0
karnataka,17,ios,5g,High (2K-10K),16,0,0.0,0.0
karnataka,17,ios,5g,Very High (>10K),2,0,0.0,0.0
karnataka,17,ios,wifi,Small (<500),14,0,0.0,0.0
karnataka,17,ios,wifi,Medium (500-2K),17,0,0.0,0.0
karnataka,17,ios,wifi,High (2K-10K),13,0,0.0,0.0
karnataka,17,web,3g,Small (<500),2,0,0.0,0.0
karnataka,17,web,3g,Medium (500-2K),4,0,0.0,0.0
karnataka,17,web,3g,High (2K-10K),3,0,0.0,0.0
karnataka,17,web,4g,Small (<500),28,0,0.0,0.0
karnataka,17,web,4g,Medium (500-2K),28,0,0.0,0.0
karnataka,17,web,4g,High (2K-10K),19,0,0.0,0.0
karnataka,17,web,5g,Small (<500),14,1,7.142857142857142,217.0
karnataka,17,web,5g,Medium (500-2K),15,0,0.0,0.0
karnataka,17,web,5g,High (2K-10K),2,0,0.0,0.0
karnataka,17,web,wifi,Small (<500),5,0,0.0,0.0
karnataka,17,web,wifi,Medium (500-2K),5,0,0.0,0.0
karnataka,17,web,wifi,High (2K-10K),1,0,0.0,0.0
karnataka,18,android,3g,Small (<500),36,0,0.0,0.0
karnataka,18,android,3g,Medium (500-2K),31,0,0.0,0.0
karnataka,18,android,3g,High (2K-10K),15,0,0.0,0.0
karnataka,18,android,4g,Small (<500),463,0,0.0,0.0
karnataka,18,android,4g,Medium (500-2K),408,2,0.49019607843137253,994.0
karnataka,18,android,4g,High (2K-10K),200,0,0.0,0.0
karnataka,18,android,4g,Very High (>10K),12,0,0.0,0.0
karnataka,18,android,5g,Small (<500),205,0,0.0,0.0
karnataka,18,android,5g,Medium (500-2K),185,1,0.5405405405405406,1214.0
karnataka,18,android,5g,High (2K-10K),74,0,0.0,0.0
karnataka,18,android,5g,Very High (>10K),4,0,0.0,0.0
karnataka,18,android,wifi,Small (<500),77,1,1.2987012987012987,179.0
karnataka,18,android,wifi,Medium (500-2K),52,0,0.0,0.0
karnataka,18,android,wifi,High (2K-10K),28,0,0.0,0.0
karnataka,18,ios,3g,Small (<500),14,0,0.0,0.0
karnataka,18,ios,3g,Medium (500-2K),7,0,0.0,0.0
karnataka,18,ios,3g,High (2K-10K),1,0,0.0,0.0
karnataka,18,ios,4g,Small (<500),116,0,0.0,0.0
karnataka,18,ios,4g,Medium (500-2K),109,0,0.0,0.0
karnataka,18,ios,4g,High (2K-10K),70,0,0.0,0.0
karnataka,18,ios,4g,Very High (>10K),1,0,0.0,0.0
karnataka,18,ios,5g,Small (<500),41,0,0.0,0.0
karnataka,18,ios,5g,Medium (500-2K),60,0,0.0,0.0
karnataka,18,ios,5g,High (2K-10K),26,0,0.0,0.0
karnataka,18,ios,wifi,Small (<500),9,0,0.0,0.0
karnataka,18,ios,wifi,Medium (500-2K),16,0,0.0,0.0
karnataka,18,ios,wifi,High (2K-10K),5,0,0.0,0.0
karnataka,18,web,3g,Small (<500),1,0,0.0,0.0
karnataka,18,web,3g,Medium (500-2K),3,0,0.0,0.0
karnataka,18,web,3g,High (2K-10K),1,0,0.0,0.0
karnataka,18,web,4g,Small (<500),32,0,0.0,0.0
karnataka,18,web,4g,Medium (500-2K),25,0,0.0,0.0
karnataka,18,web,4g,High (2K-10K),9,0,0.0,0.0
karnataka,18,web,5g,Small (<500),8,0,0.0,0.0
karnataka,18,web,5g,Medium (500-2K),7,0,0.0,0.0
karnataka,18,web,5g,High (2K-10K),7,0,0.0,0.0
karnataka,18,web,5g,Very High (>10K),1,0,0.0,0.0
karnataka,18,web,wifi,Small (<500),4,0,0.0,0.0
karnataka,18,web,wifi,Medium (500-2K),6,0,0.0,0.0
karnataka,19,android,3g,Small (<500),43,0,0.0,0.0
karnataka,19,android,3g,Medium (500-2K),45,0,0.0,0.0
karnataka,19,android,3g,High (2K-10K),23,0,0.0,0.0
karnataka,19,android,3g,Very High (>10K),1,0,0.0,0.0
karnataka,19,android,4g,Small (<500),475,1,0.21052631578947367,152.0
karnataka,19,android,4g,Medium (500-2K),440,0,0.0,0.0
karnataka,19,android,4g,High (2K-10K),204,0,0.0,0.0
karnataka,19,android,4g,Very High (>10K),12,0,0.0,0.0
karnataka,19,android,5g,Small (<500),184,0,0.0,0.0
karnataka,19,android,5g,Medium (500-2K),176,1,0.5681818181818182,754.0
karnataka,19,android,5g,High (2K-10K),76,0,0.0,0.0
karnataka,19,android,5g,Very High (>10K),3,0,0.0,0.0
karnataka,19,android,wifi,Small (<500),93,0,0.0,0.0
karnataka,19,android,wifi,Medium (500-2K),70,0,0.0,0.0
karnataka,19,android,wifi,High (2K-10K),37,0,0.0,0.0
karnataka,19,android,wifi,Very High (>10K),1,0,0.0,0.0
karnataka,19,ios,3g,Small (<500),9,0,0.0,0.0
karnataka,19,ios,3g,Medium (500-2K),7,0,0.0,0.0
karnataka,19,ios,3g,High (2K-10K),4,0,0.0,0.0
karnataka,19,ios,3g,Very High (>10K),1,0,0.0,0.0
karnataka,19,ios,4g,Small (<500),143,0,0.0,0.0
karnataka,19,ios,4g,Medium (500-2K),120,1,0.8333333333333334,1354.0
karnataka,19,ios,4g,High (2K-10K),58,0,0.0,0.0
karnataka,19,ios,4g,Very High (>10K),2,0,0.0,0.0
karnataka,19,ios,5g,Small (<500),52,0,0.0,0.0
karnataka,19,ios,5g,Medium (500-2K),58,0,0.0,0.0
karnataka,19,ios,5g,High (2K-10K),12,0,0.0,0.0
karnataka,19,ios,5g,Very High (>10K),3,0,0.0,0.0
karnataka,19,ios,wifi,Small (<500),21,0,0.0,0.0
karnataka,19,ios,wifi,Medium (500-2K),17,0,0.0,0.0
karnataka,19,ios,wifi,High (2K-10K),9,0,0.0,0.0
karnataka,19,web,3g,Small (<500),2,0,0.0,0.0
karnataka,19,web,3g,Medium (500-2K),2,0,0.0,0.0
karnataka,19,web,3g,High (2K-10K),3,0,0.0,0.0
karnataka,19,web,4g,Small (<500),39,1,2.564102564102564,62.0
karnataka,19,web,4g,Medium (500-2K),30,0,0.0,0.0
karnataka,19,web,4g,High (2K-10K),11,0,0.0,0.0
karnataka,19,web,5g,Small (<500),14,0,0.0,0.0
karnataka,19,web,5g,Medium (500-2K),14,0,0.0,0.0
karnataka,19,web,5g,High (2K-10K),8,0,0.0,0.0
karnataka,19,web,wifi,Small (<500),1,0,0.0,0.0
karnataka,19,web,wifi,Medium (500-2K),5,0,0.0,0.0
karnataka,19,web,wifi,High (2K-10K),3,0,0.0,0.0
karnataka,20,android,3g,Small (<500),25,0,0.0,0.0
karnataka,20,android,3g,Medium (500-2K),23,0,0.0,0.0
karnataka,20,android,3g,High (2K-10K),10,0,0.0,0.0
karnataka,20,android,4g,Small (<500),436,0,0.0,0.0
karnataka,20,android,4g,Medium (500-2K),350,2,0.5714285714285714,737.5
karnataka,20,android,4g,High (2K-10K),163,1,0.6134969325153374,2756.0
karnataka,20,android,4g,Very High (>10K),7,0,0.0,0.0
karnataka,20,android,5g,Small (<500),150,0,0.0,0.0
karnataka,20,android,5g,Medium (500-2K),165,0,0.0,0.0
karnataka,20,android,5g,High (2K-10K),86,0,0.0,0.0
karnataka,20,android,5g,Very High (>10K),1,0,0.0,0.0
karnataka,20,android,wifi,Small (<500),78,0,0.0,0.0
karnataka,20,android,wifi,Medium (500-2K),49,0,0.0,0.0
karnataka,20,android,wifi,High (2K-10K),37,0,0.0,0.0
karnataka,20,ios,3g,Small (<500),8,0,0.0,0.0
karnataka,20,ios,3g,Medium (500-2K),11,0,0.0,0.0
karnataka,20,ios,3g,High (2K-10K),5,0,0.0,0.0
karnataka,20,ios,4g,Small (<500),112,0,0.0,0.0
karnataka,20,ios,4g,Medium (500-2K),103,0,0.0,0.0
karnataka,20,ios,4g,High (2K-10K),45,0,0.0,0.0
karnataka,20,ios,4g,Very High (>10K),1,0,0.0,0.0
karnataka,20,ios,5g,Small (<500),41,1,2.4390243902439024,160.0
karnataka,20,ios,5g,Medium (500-2K),39,0,0.0,0.0
karnataka,20,ios,5g,High (2K-10K),24,0,0.0,0.0
karnataka,20,ios,5g,Very High (>10K),2,0,0.0,0.0
karnataka,20,ios,wifi,Small (<500),21,0,0.0,0.0
karnataka,20,ios,wifi,Medium (500-2K),14,0,0.0,0.0
karnataka,20,ios,wifi,High (2K-10K),9,0,0.0,0.0
karnataka,20,web,3g,Small (<500),4,0,0.0,0.0
karnataka,20,web,3g,High (2K-10K),1,0,0.0,0.0
karnataka,20,web,4g,Small (<500),31,0,0.0,0.0
karnataka,20,web,4g,Medium (500-2K),26,0,0.0,0.0
karnataka,20,web,4g,High (2K-10K),13,0,0.0,0.0
karnataka,20,web,5g,Small (<500),19,0,0.0,0.0
karnataka,20,web,5g,Medium (500-2K),12,0,0.0,0.0
karnataka,20,web,5g,High (2K-10K),6,0,0.0,0.0
karnataka,20,web,wifi,Small (<500),3,0,0.0,0.0
karnataka,20,web,wifi,Medium (500-2K),4,0,0.0,0.0
karnataka,20,web,wifi,High (2K-10K),1,0,0.0,0.0
karnataka,21,android,3g,Small (<500),37,0,0.0,0.0
karnataka,21,android,3g,Medium (500-2K),26,0,0.0,0.0
karnataka,21,android,3g,High (2K-10K),12,0,0.0,0.0
karnataka,21,android,4g,Small (<500),361,1,0.2770083102493075,477.0
karnataka,21,android,4g,Medium (500-2K),309,3,0.9708737864077669,670.3333333333334
karnataka,21,android,4g,High (2K-10K),169,0,0.0,0.0
karnataka,21,android,4g,Very High (>10K),5,0,0.0,0.0
karnataka,21,android,5g,Small (<500),167,1,0.5988023952095809,79.0
karnataka,21,android,5g,Medium (500-2K),111,0,0.0,0.0
karnataka,21,android,5g,High (2K-10K),66,0,0.0,0.0
karnataka,21,android,5g,Very High (>10K),3,0,0.0,0.0
karnataka,21,android,wifi,Small (<500),70,1,1.4285714285714286,221.0
karnataka,21,android,wifi,Medium (500-2K),69,0,0.0,0.0
karnataka,21,android,wifi,High (2K-10K),21,0,0.0,0.0
karnataka,21,android,wifi,Very High (>10K),2,0,0.0,0.0
karnataka,21,ios,3g,Small (<500),8,0,0.0,0.0
karnataka,21,ios,3g,Medium (500-2K),8,0,0.0,0.0
karnataka,21,ios,3g,High (2K-10K),7,0,0.0,0.0
karnataka,21,ios,4g,Small (<500),98,1,1.0204081632653061,188.0
karnataka,21,ios,4g,Medium (500-2K),70,0,0.0,0.0
karnataka,21,ios,4g,High (2K-10K),37,0,0.0,0.0
karnataka,21,ios,4g,Very High (>10K),2,0,0.0,0.0
karnataka,21,ios,5g,Small (<500),43,0,0.0,0.0
karnataka,21,ios,5g,Medium (500-2K),32,0,0.0,0.0
karnataka,21,ios,5g,High (2K-10K),17,0,0.0,0.0
karnataka,21,ios,5g,Very High (>10K),1,0,0.0,0.0
karnataka,21,ios,wifi,Small (<500),18,0,0.0,0.0
karnataka,21,ios,wifi,Medium (500-2K),14,0,0.0,0.0
karnataka,21,ios,wifi,High (2K-10K),4,0,0.0,0.0
karnataka,21,web,3g,Small (<500),4,0,0.0,0.0
karnataka,21,web,3g,Medium (500-2K),3,0,0.0,0.0
karnataka,21,web,4g,Small (<500),20,0,0.0,0.0
karnataka,21,web,4g,Medium (500-2K),19,0,0.0,0.0
karnataka,21,web,4g,High (2K-10K),11,0,0.0,0.0
karnataka,21,web,5g,Small (<500),15,0,0.0,0.0
karnataka,21,web,5g,Medium (500-2K),9,0,0.0,0.0
karnataka,21,web,5g,High (2K-10K),5,0,0.0,0.0
karnataka,21,web,wifi,Small (<500),2,0,0.0,0.0
karnataka,21,web,wifi,Medium (500-2K),3,0,0.0,0.0
karnataka,21,web,wifi,High (2K-10K),1,0,0.0,0.0
karnataka,21,web,wifi,Very High (>10K),1,0,0.0,0.0
karnataka,22,android,3g,Small (<500),14,1,7.142857142857142,228.0
karnataka,22,android,3g,Medium (500-2K),9,0,0.0,0.0
karnataka,22,android,3g,High (2K-10K),9,0,0.0,0.0
karnataka,22,android,4g,Small (<500),202,2,0.9900990099009901,327.0
karnataka,22,android,4g,Medium (500-2K),197,1,0.5076142131979695,732.0
karnataka,22,android,4g,High (2K-10K),87,0,0.0,0.0
karnataka,22,android,4g,Very High (>10K),3,0,0.0,0.0
karnataka,22,android,5g,Small (<500),87,0,0.0,0.0
karnataka,22,android,5g,Medium (500-2K),85,0,0.0,0.0
karnataka,22,android,5g,High (2K-10K),42,0,0.0,0.0
karnataka,22,android,5g,Very High (>10K),1,0,0.0,0.0
karnataka,22,android,wifi,Small (<500),40,1,2.5,222.0
karnataka,22,android,wifi,Medium (500-2K),37,0,0.0,0.0
karnataka,22,android,wifi,High (2K-10K),19,0,0.0,0.0
karnataka,22,android,wifi,Very High (>10K),1,0,0.0,0.0
karnataka,22,ios,3g,Small (<500),4,0,0.0,0.0
karnataka,22,ios,3g,Medium (500-2K),5,0,0.0,0.0
karnataka,22,ios,4g,Small (<500),57,0,0.0,0.0
karnataka,22,ios,4g,Medium (500-2K),44,1,2.272727272727273,1504.0
karnataka,22,ios,4g,High (2K-10K),26,0,0.0,0.0
karnataka,22,ios,5g,Small (<500),25,1,4.0,327.0
karnataka,22,ios,5g,Medium (500-2K),16,0,0.0,0.0
karnataka,22,ios,5g,High (2K-10K),15,0,0.0,0.0
karnataka,22,ios,wifi,Small (<500),4,0,0.0,0.0
karnataka,22,ios,wifi,Medium (500-2K),7,0,0.0,0.0
karnataka,22,ios,wifi,High (2K-10K),11,0,0.0,0.0
karnataka,22,web,3g,Small (<500),2,0,0.0,0.0
karnataka,22,web,3g,High (2K-10K),1,0,0.0,0.0
karnataka,22,web,4g,Small (<500),9,0,0.0,0.0
karnataka,22,web,4g,Medium (500-2K),11,0,0.0,0.0
karnataka,22,web,4g,High (2K-10K),8,0,0.0,0.0
karnataka,22,web,4g,Very High (>10K),1,0,0.0,0.0
karnataka,22,web,5g,Small (<500),6,0,0.0,0.0
karnataka,22,web,5g,Medium (500-2K),8,0,0.0,0.0
karnataka,22,web,5g,High (2K-10K),3,0,0.0,0.0
karnataka,22,web,wifi,Small (<500),3,0,0.0,0.0
karnataka,22,web,wifi,Medium (500-2K),1,0,0.0,0.0
karnataka,22,web,wifi,High (2K-10K),1,0,0.0,0.0
karnataka,23,android,3g,Small (<500),14,0,0.0,0.0
karnataka,23,android,3g,Medium (500-2K),7,0,0.0,0.0
karnataka,23,android,3g,High (2K-10K),7,0,0.0,0.0
karnataka,23,android,4g,Small (<500),148,0,0.0,0.0
karnataka,23,android,4g,Medium (500-2K),119,0,0.0,0.0
karnataka,23,android,4g,High (2K-10K),45,0,0.0,0.0
karnataka,23,android,4g,Very High (>10K),2,0,0.0,0.0
karnataka,23,android,5g,Small (<500),69,0,0.0,0.0
karnataka,23,android,5g,Medium (500-2K),64,0,0.0,0.0
karnataka,23,android,5g,High (2K-10K),21,0,0.0,0.0
karnataka,23,android,5g,Very High (>10K),3,0,0.0,0.0
karnataka,23,android,wifi,Small (<500),30,0,0.0,0.0
karnataka,23,android,wifi,Medium (500-2K),18,0,0.0,0.0
karnataka,23,android,wifi,High (2K-10K),12,0,0.0,0.0
karnataka,23,ios,3g,Small (<500),2,0,0.0,0.0
karnataka,23,ios,3g,Medium (500-2K),1,0,0.0,0.0
karnataka,23,ios,3g,High (2K-10K),3,0,0.0,0.0
karnataka,23,ios,4g,Small (<500),40,0,0.0,0.0
karnataka,23,ios,4g,Medium (500-2K),37,0,0.0,0.0
karnataka,23,ios,4g,High (2K-10K),13,0,0.0,0.0
karnataka,23,ios,5g,Small (<500),17,0,0.0,0.0
karnataka,23,ios,5g,Medium (500-2K),6,0,0.0,0.0
karnataka,23,ios,5g,High (2K-10K),8,0,0.0,0.0
karnataka,23,ios,5g,Very High (>10K),1,0,0.0,0.0
karnataka,23,ios,wifi,Small (<500),2,0,0.0,0.0
karnataka,23,ios,wifi,Medium (500-2K),10,0,0.0,0.0
karnataka,23,ios,wifi,High (2K-10K),2,0,0.0,0.0
karnataka,23,web,3g,Medium (500-2K),1,0,0.0,0.0
karnataka,23,web,3g,High (2K-10K),1,0,0.0,0.0
karnataka,23,web,4g,Small (<500),11,0,0.0,0.0
karnataka,23,web,4g,Medium (500-2K),7,0,0.0,0.0
karnataka,23,web,4g,High (2K-10K),4,0,0.0,0.0
karnataka,23,web,5g,Small (<500),2,0,0.0,0.0
karnataka,23,web,5g,Medium (500-2K),7,0,0.0,0.0
karnataka,23,web,5g,High (2K-10K),1,0,0.0,0.0
karnataka,23,web,wifi,Small (<500),1,0,0.0,0.0
karnataka,23,web,wifi,Medium (500-2K),1,0,0.0,0.0
maharashtra,0,android,3g,Small (<500),10,0,0.0,0.0
maharashtra,0,android,3g,Medium (500-2K),7,0,0.0,0.0
maharashtra,0,android,3g,High (2K-10K),4,0,0.0,0.0
maharashtra,0,android,4g,Small (<500),100,0,0.0,0.0
maharashtra,0,android,4g,Medium (500-2K),98,0,0.0,0.0
maharashtra,0,android,4g,High (2K-10K),48,0,0.0,0.0
maharashtra,0,android,4g,Very High (>10K),3,0,0.0,0.0
maharashtra,0,android,5g,Small (<500),44,0,0.0,0.0
maharashtra,0,android,5g,Medium (500-2K),53,0,0.0,0.0
maharashtra,0,android,5g,High (2K-10K),19,0,0.0,0.0
maharashtra,0,android,wifi,Small (<500),18,0,0.0,0.0
maharashtra,0,android,wifi,Medium (500-2K),18,1,5.555555555555555,1801.0
maharashtra,0,android,wifi,High (2K-10K),9,0,0.0,0.0
maharashtra,0,ios,3g,Medium (500-2K),3,0,0.0,0.0
maharashtra,0,ios,3g,High (2K-10K),1,0,0.0,0.0
maharashtra,0,ios,4g,Small (<500),23,0,0.0,0.0
maharashtra,0,ios,4g,Medium (500-2K),25,0,0.0,0.0
maharashtra,0,ios,4g,High (2K-10K),17,0,0.0,0.0
maharashtra,0,ios,4g,Very High (>10K),2,0,0.0,0.0
maharashtra,0,ios,5g,Small (<500),11,1,9.090909090909092,322.0
maharashtra,0,ios,5g,Medium (500-2K),5,0,0.0,0.0
maharashtra,0,ios,5g,High (2K-10K),2,0,0.0,0.0
maharashtra,0,ios,wifi,Small (<500),16,0,0.0,0.0
maharashtra,0,ios,wifi,Medium (500-2K),4,0,0.0,0.0
maharashtra,0,ios,wifi,High (2K-10K),3,0,0.0,0.0
maharashtra,0,web,4g,Small (<500),7,0,0.0,0.0
maharashtra,0,web,4g,Medium (500-2K),2,0,0.0,0.0
maharashtra,0,web,4g,High (2K-10K),2,0,0.0,0.0
maharashtra,0,web,4g,Very High (>10K),1,0,0.0,0.0
maharashtra,0,web,5g,Small (<500),5,0,0.0,0.0
maharashtra,0,web,5g,Medium (500-2K),6,0,0.0,0.0
maharashtra,0,web,5g,High (2K-10K),3,0,0.0,0.0
maharashtra,0,web,wifi,Small (<500),1,0,0.0,0.0
maharashtra,0,web,wifi,Medium (500-2K),2,0,0.0,0.0
maharashtra,1,android,3g,Small (<500),8,0,0.0,0.0
maharashtra,1,android,3g,Medium (500-2K),4,0,0.0,0.0
maharashtra,1,android,3g,High (2K-10K),3,0,0.0,0.0
maharashtra,1,android,4g,Small (<500),67,0,0.0,0.0
maharashtra,1,android,4g,Medium (500-2K),55,0,0.0,0.0
maharashtra,1,android,4g,High (2K-10K),32,0,0.0,0.0
maharashtra,1,android,5g,Small (<500),31,0,0.0,0.0
maharashtra,1,android,5g,Medium (500-2K),35,0,0.0,0.0
maharashtra,1,android,5g,High (2K-10K),11,0,0.0,0.0
maharashtra,1,android,wifi,Small (<500),11,0,0.0,0.0
maharashtra,1,android,wifi,Medium (500-2K),11,0,0.0,0.0
maharashtra,1,android,wifi,High (2K-10K),8,0,0.0,0.0
maharashtra,1,ios,3g,Medium (500-2K),1,0,0.0,0.0
maharashtra,1,ios,4g,Small (<500),22,0,0.0,0.0
maharashtra,1,ios,4g,Medium (500-2K),15,0,0.0,0.0
maharashtra,1,ios,4g,High (2K-10K),11,0,0.0,0.0
maharashtra,1,ios,5g,Small (<500),4,0,0.0,0.0
maharashtra,1,ios,5g,Medium (500-2K),5,0,0.0,0.0
maharashtra,1,ios,5g,High (2K-10K),2,0,0.0,0.0
maharashtra,1,ios,wifi,Small (<500),3,0,0.0,0.0
maharashtra,1,ios,wifi,Medium (500-2K),3,0,0.0,0.0
maharashtra,1,ios,wifi,High (2K-10K),1,0,0.0,0.0
maharashtra,1,web,4g,Small (<500),3,0,0.0,0.0
maharashtra,1,web,4g,Medium (500-2K),6,0,0.0,0.0
maharashtra,1,web,4g,High (2K-10K),2,0,0.0,0.0
maharashtra,1,web,5g,Medium (500-2K),2,0,0.0,0.0
maharashtra,1,web,5g,High (2K-10K),1,0,0.0,0.0
maharashtra,2,android,3g,Small (<500),4,0,0.0,0.0
maharashtra,2,android,3g,Medium (500-2K),3,0,0.0,0.0
maharashtra,2,android,3g,High (2K-10K),3,0,0.0,0.0
maharashtra,2,android,4g,Small (<500),52,0,0.0,0.0
maharashtra,2,android,4g,Medium (500-2K),51,0,0.0,0.0
maharashtra,2,android,4g,High (2K-10K),15,0,0.0,0.0
maharashtra,2,android,5g,Small (<500),22,0,0.0,0.0
maharashtra,2,android,5g,Medium (500-2K),19,0,0.0,0.0
maharashtra,2,android,5g,High (2K-10K),10,0,0.0,0.0
maharashtra,2,android,wifi,Small (<500),13,0,0.0,0.0
maharashtra,2,android,wifi,Medium (500-2K),5,0,0.0,0.0
maharashtra,2,android,wifi,High (2K-10K),6,0,0.0,0.0
maharashtra,2,ios,3g,Small (<500),1,0,0.0,0.0
maharashtra,2,ios,3g,Medium (500-2K),2,0,0.0,0.0
maharashtra,2,ios,4g,Small (<500),11,0,0.0,0.0
maharashtra,2,ios,4g,Medium (500-2K),9,0,0.0,0.0
maharashtra,2,ios,4g,High (2K-10K),7,0,0.0,0.0
maharashtra,2,ios,5g,Small (<500),3,0,0.0,0.0
maharashtra,2,ios,5g,Medium (500-2K),6,0,0.0,0.0
maharashtra,2,ios,5g,High (2K-10K),3,0,0.0,0.0
maharashtra,2,ios,wifi,Small (<500),3,0,0.0,0.0
maharashtra,2,ios,wifi,Medium (500-2K),2,0,0.0,0.0
maharashtra,2,ios,wifi,High (2K-10K),1,0,0.0,0.0
maharashtra,2,web,4g,Small (<500),4,0,0.0,0.0
maharashtra,2,web,4g,Medium (500-2K),5,0,0.0,0.0
maharashtra,2,web,4g,High (2K-10K),5,0,0.0,0.0
maharashtra,2,web,5g,Small (<500),3,0,0.0,0.0
maharashtra,2,web,5g,Medium (500-2K),4,0,0.0,0.0
maharashtra,3,android,3g,Small (<500),6,0,0.0,0.0
maharashtra,3,android,3g,Medium (500-2K),3,0,0.0,0.0
maharashtra,3,android,3g,High (2K-10K),1,0,0.0,0.0
maharashtra,3,android,4g,Small (<500),39,0,0.0,0.0
maharashtra,3,android,4g,Medium (500-2K),40,0,0.0,0.0
maharashtra,3,android,4g,High (2K-10K),18,0,0.0,0.0
maharashtra,3,android,4g,Very High (>10K),1,0,0.0,0.0
maharashtra,3,android,5g,Small (<500),10,0,0.0,0.0
maharashtra,3,android,5g,Medium (500-2K),18,0,0.0,0.0
maharashtra,3,android,5g,High (2K-10K),8,0,0.0,0.0
maharashtra,3,android,5g,Very High (>10K),1,0,0.0,0.0
maharashtra,3,android,wifi,Small (<500),10,0,0.0,0.0
maharashtra,3,android,wifi,Medium (500-2K),4,0,0.0,0.0
maharashtra,3,android,wifi,High (2K-10K),2,0,0.0,0.0
maharashtra,3,ios,3g,Small (<500),2,0,0.0,0.0
maharashtra,3,ios,4g,Small (<500),9,0,0.0,0.0
maharashtra,3,ios,4g,Medium (500-2K),10,0,0.0,0.0
maharashtra,3,ios,4g,High (2K-10K),3,0,0.0,0.0
maharashtra,3,ios,5g,Small (<500),5,0,0.0,0.0
maharashtra,3,ios,5g,Medium (500-2K),4,0,0.0,0.0
maharashtra,3,ios,5g,High (2K-10K),2,0,0.0,0.0
maharashtra,3,ios,wifi,Small (<500),4,0,0.0,0.0
maharashtra,3,ios,wifi,Medium (500-2K),1,0,0.0,0.0
maharashtra,3,web,4g,Small (<500),1,0,0.0,0.0
maharashtra,3,web,4g,High (2K-10K),3,0,0.0,0.0
maharashtra,3,web,5g,Small (<500),1,0,0.0,0.0
maharashtra,3,web,5g,Medium (500-2K),1,0,0.0,0.0
maharashtra,4,android,3g,Small (<500),2,0,0.0,0.0
maharashtra,4,android,3g,Medium (500-2K),5,0,0.0,0.0
maharashtra,4,android,3g,Very High (>10K),1,0,0.0,0.0
maharashtra,4,android,4g,Small (<500),27,0,0.0,0.0
maharashtra,4,android,4g,Medium (500-2K),34,0,0.0,0.0
maharashtra,4,android,4g,High (2K-10K),15,0,0.0,0.0
maharashtra,4,android,5g,Small (<500),12,0,0.0,0.0
maharashtra,4,android,5g,Medium (500-2K),15,0,0.0,0.0
maharashtra,4,android,5g,High (2K-10K),3,0,0.0,0.0
maharashtra,4,android,wifi,Small (<500),5,0,0.0,0.0
maharashtra,4,android,wifi,Medium (500-2K),5,0,0.0,0.0
maharashtra,4,android,wifi,High (2K-10K),3,0,0.0,0.0
maharashtra,4,ios,3g,Medium (500-2K),2,0,0.0,0.0
maharashtra,4,ios,4g,Small (<500),7,0,0.0,0.0
maharashtra,4,ios,4g,Medium (500-2K),9,0,0.0,0.0
maharashtra,4,ios,4g,High (2K-10K),6,0,0.0,0.0
maharashtra,4,ios,4g,Very High (>10K),1,0,0.0,0.0
maharashtra,4,ios,5g,Small (<500),4,0,0.0,0.0
maharashtra,4,ios,5g,Medium (500-2K),3,0,0.0,0.0
maharashtra,4,ios,5g,High (2K-10K),1,0,0.0,0.0
maharashtra,4,ios,wifi,Small (<500),3,0,0.0,0.0
maharashtra,4,ios,wifi,Medium (500-2K),2,0,0.0,0.0
maharashtra,4,web,3g,Small (<500),1,0,0.0,0.0
maharashtra,4,web,3g,High (2K-10K),1,0,0.0,0.0
maharashtra,4,web,4g,Small (<500),3,0,0.0,0.0
maharashtra,4,web,4g,Medium (500-2K),2,0,0.0,0.0
maharashtra,4,web,5g,Small (<500),1,0,0.0,0.0
maharashtra,4,web,5g,High (2K-10K),2,0,0.0,0.0
maharashtra,5,android,3g,Small (<500),3,0,0.0,0.0
maharashtra,5,android,3g,Medium (500-2K),2,0,0.0,0.0
maharashtra,5,android,3g,High (2K-10K),2,0,0.0,0.0
maharashtra,5,android,4g,Small (<500),48,0,0.0,0.0
maharashtra,5,android,4g,Medium (500-2K),41,0,0.0,0.0
maharashtra,5,android,4g,High (2K-10K),13,0,0.0,0.0
maharashtra,5,android,4g,Very High (>10K),2,0,0.0,0.0
maharashtra,5,android,5g,Small (<500),25,0,0.0,0.0
maharashtra,5,android,5g,Medium (500-2K),16,0,0.0,0.0
maharashtra,5,android,5g,High (2K-10K),4,0,0.0,0.0
maharashtra,5,android,wifi,Small (<500),9,0,0.0,0.0
maharashtra,5,android,wifi,Medium (500-2K),8,0,0.0,0.0
maharashtra,5,android,wifi,High (2K-10K),2,0,0.0,0.0
maharashtra,5,ios,3g,Medium (500-2K),2,0,0.0,0.0
maharashtra,5,ios,4g,Small (<500),15,0,0.0,0.0
maharashtra,5,ios,4g,Medium (500-2K),11,0,0.0,0.0
maharashtra,5,ios,4g,High (2K-10K),6,0,0.0,0.0
maharashtra,5,ios,4g,Very High (>10K),1,0,0.0,0.0
maharashtra,5,ios,5g,Small (<500),4,0,0.0,0.0
maharashtra,5,ios,5g,Medium (500-2K),3,0,0.0,0.0
maharashtra,5,ios,5g,High (2K-10K),2,0,0.0,0.0
maharashtra,5,ios,5g,Very High (>10K),1,0,0.0,0.0
maharashtra,5,ios,wifi,Small (<500),5,0,0.0,0.0
maharashtra,5,ios,wifi,Medium (500-2K),2,0,0.0,0.0
maharashtra,5,web,3g,High (2K-10K),1,0,0.0,0.0
maharashtra,5,web,4g,Small (<500),6,0,0.0,0.0
maharashtra,5,web,4g,Medium (500-2K),1,0,0.0,0.0
maharashtra,5,web,4g,High (2K-10K),3,0,0.0,0.0
maharashtra,5,web,5g,Small (<500),2,0,0.0,0.0
maharashtra,5,web,5g,Medium (500-2K),1,0,0.0,0.0
maharashtra,5,web,5g,High (2K-10K),1,0,0.0,0.0
maharashtra,6,android,3g,Small (<500),9,0,0.0,0.0
maharashtra,6,android,3g,Medium (500-2K),7,0,0.0,0.0
maharashtra,6,android,3g,High (2K-10K),2,0,0.0,0.0
maharashtra,6,android,4g,Small (<500),82,0,0.0,0.0
maharashtra,6,android,4g,Medium (500-2K),84,0,0.0,0.0
maharashtra,6,android,4g,High (2K-10K),36,0,0.0,0.0
maharashtra,6,android,4g,Very High (>10K),2,0,0.0,0.0
maharashtra,6,android,5g,Small (<500),45,0,0.0,0.0
maharashtra,6,android,5g,Medium (500-2K),47,0,0.0,0.0
maharashtra,6,android,5g,High (2K-10K),17,0,0.0,0.0
maharashtra,6,android,wifi,Small (<500),14,0,0.0,0.0
maharashtra,6,android,wifi,Medium (500-2K),16,0,0.0,0.0
maharashtra,6,android,wifi,High (2K-10K),8,0,0.0,0.0
maharashtra,6,android,wifi,Very High (>10K),1,0,0.0,0.0
maharashtra,6,ios,3g,Small (<500),1,0,0.0,0.0
maharashtra,6,ios,3g,Medium (500-2K),7,0,0.0,0.0
maharashtra,6,ios,4g,Small (<500),24,0,0.0,0.0
maharashtra,6,ios,4g,Medium (500-2K),32,0,0.0,0.0
maharashtra,6,ios,4g,High (2K-10K),14,0,0.0,0.0
maharashtra,6,ios,4g,Very High (>10K),1,0,0.0,0.0
maharashtra,6,ios,5g,Small (<500),6,0,0.0,0.0
maharashtra,6,ios,5g,Medium (500-2K),13,0,0.0,0.0
maharashtra,6,ios,5g,High (2K-10K),1,0,0.0,0.0
maharashtra,6,ios,wifi,Small (<500),5,0,0.0,0.0
maharashtra,6,ios,wifi,Medium (500-2K),3,0,0.0,0.0
maharashtra,6,web,3g,Small (<500),1,0,0.0,0.0
maharashtra,6,web,4g,Small (<500),5,0,0.0,0.0
maharashtra,6,web,4g,Medium (500-2K),5,0,0.0,0.0
maharashtra,6,web,4g,High (2K-10K),5,1,20.0,3104.0
maharashtra,6,web,5g,Medium (500-2K),3,0,0.0,0.0
maharashtra,6,web,5g,High (2K-10K),2,0,0.0,0.0
maharashtra,6,web,wifi,Medium (500-2K),4,0,0.0,0.0
maharashtra,7,android,3g,Small (<500),13,0,0.0,0.0
maharashtra,7,android,3g,Medium (500-2K),14,0,0.0,0.0
maharashtra,7,android,3g,High (2K-10K),4,0,0.0,0.0
maharashtra,7,android,4g,Small (<500),170,0,0.0,0.0
maharashtra,7,android,4g,Medium (500-2K),131,0,0.0,0.0
maharashtra,7,android,4g,High (2K-10K),64,0,0.0,0.0
maharashtra,7,android,4g,Very High (>10K),2,0,0.0,0.0
maharashtra,7,android,5g,Small (<500),52,0,0.0,0.0
maharashtra,7,android,5g,Medium (500-2K),56,0,0.0,0.0
maharashtra,7,android,5g,High (2K-10K),32,0,0.0,0.0
maharashtra,7,android,wifi,Small (<500),29,0,0.0,0.0
maharashtra,7,android,wifi,Medium (500-2K),26,0,0.0,0.0
maharashtra,7,android,wifi,High (2K-10K),9,0,0.0,0.0
maharashtra,7,android,wifi,Very High (>10K),1,0,0.0,0.0
maharashtra,7,ios,3g,Small (<500),4,0,0.0,0.0
maharashtra,7,ios,3g,Medium (500-2K),3,0,0.0,0.0
maharashtra,7,ios,3g,High (2K-10K),2,0,0.0,0.0
maharashtra,7,ios,4g,Small (<500),38,0,0.0,0.0
maharashtra,7,ios,4g,Medium (500-2K),43,0,0.0,0.0
maharashtra,7,ios,4g,High (2K-10K),23,0,0.0,0.0
maharashtra,7,ios,5g,Small (<500),15,0,0.0,0.0
maharashtra,7,ios,5g,Medium (500-2K),23,0,0.0,0.0
maharashtra,7,ios,5g,High (2K-10K),8,0,0.0,0.0
maharashtra,7,ios,wifi,Small (<500),6,0,0.0,0.0
maharashtra,7,ios,wifi,Medium (500-2K),5,0,0.0,0.0
maharashtra,7,ios,wifi,High (2K-10K),4,0,0.0,0.0
maharashtra,7,web,3g,Small (<500),1,0,0.0,0.0
maharashtra,7,web,4g,Small (<500),12,0,0.0,0.0
maharashtra,7,web,4g,Medium (500-2K),11,0,0.0,0.0
maharashtra,7,web,4g,High (2K-10K),5,0,0.0,0.0
maharashtra,7,web,5g,Small (<500),4,0,0.0,0.0
maharashtra,7,web,5g,Medium (500-2K),2,0,0.0,0.0
maharashtra,7,web,5g,High (2K-10K),2,0,0.0,0.0
maharashtra,7,web,wifi,Small (<500),1,0,0.0,0.0
maharashtra,7,web,wifi,Medium (500-2K),2,0,0.0,0.0
maharashtra,7,web,wifi,High (2K-10K),1,0,0.0,0.0
maharashtra,8,android,3g,Small (<500),20,0,0.0,0.0
maharashtra,8,android,3g,Medium (500-2K),18,0,0.0,0.0
maharashtra,8,android,3g,High (2K-10K),6,0,0.0,0.0
maharashtra,8,android,4g,Small (<500),226,2,0.8849557522123894,193.5
maharashtra,8,android,4g,Medium (500-2K),195,0,0.0,0.0
maharashtra,8,android,4g,High (2K-10K),92,1,1.0869565217391304,4968.0
maharashtra,8,android,4g,Very High (>10K),4,0,0.0,0.0
maharashtra,8,android,5g,Small (<500),105,0,0.0,0.0
maharashtra,8,android,5g,Medium (500-2K),96,0,0.0,0.0
maharashtra,8,android,5g,High (2K-10K),35,0,0.0,0.0
maharashtra,8,android,wifi,Small (<500),38,0,0.0,0.0
maharashtra,8,android,wifi,Medium (500-2K),34,0,0.0,0.0
maharashtra,8,android,wifi,High (2K-10K),10,0,0.0,0.0
maharashtra,8,android,wifi,Very High (>10K),1,0,0.0,0.0
maharashtra,8,ios,3g,Small (<500),7,0,0.0,0.0
maharashtra,8,ios,3g,Medium (500-2K),8,0,0.0,0.0
maharashtra,8,ios,3g,High (2K-10K),2,0,0.0,0.0
maharashtra,8,ios,4g,Small (<500),73,0,0.0,0.0
maharashtra,8,ios,4g,Medium (500-2K),69,0,0.0,0.0
maharashtra,8,ios,4g,High (2K-10K),24,0,0.0,0.0
maharashtra,8,ios,4g,Very High (>10K),2,0,0.0,0.0
maharashtra,8,ios,5g,Small (<500),26,0,0.0,0.0
maharashtra,8,ios,5g,Medium (500-2K),27,0,0.0,0.0
maharashtra,8,ios,5g,High (2K-10K),12,1,8.333333333333332,5312.0
maharashtra,8,ios,5g,Very High (>10K),1,0,0.0,0.0
maharashtra,8,ios,wifi,Small (<500),17,0,0.0,0.0
maharashtra,8,ios,wifi,Medium (500-2K),12,0,0.0,0.0
maharashtra,8,ios,wifi,High (2K-10K),5,0,0.0,0.0
maharashtra,8,web,3g,High (2K-10K),1,0,0.0,0.0
maharashtra,8,web,4g,Small (<500),16,0,0.0,0.0
maharashtra,8,web,4g,Medium (500-2K),19,0,0.0,0.0
maharashtra,8,web,4g,High (2K-10K),5,0,0.0,0.0
maharashtra,8,web,5g,Small (<500),3,0,0.0,0.0
maharashtra,8,web,5g,Medium (500-2K),7,0,0.0,0.0
maharashtra,8,web,5g,High (2K-10K),6,0,0.0,0.0
maharashtra,8,web,wifi,Small (<500),3,0,0.0,0.0
maharashtra,8,web,wifi,Medium (500-2K),7,0,0.0,0.0
maharashtra,8,web,wifi,High (2K-10K),1,0,0.0,0.0
maharashtra,9,android,3g,Small (<500),23,0,0.0,0.0
maharashtra,9,android,3g,Medium (500-2K),18,0,0.0,0.0
maharashtra,9,android,3g,High (2K-10K),10,0,0.0,0.0
maharashtra,9,android,4g,Small (<500),304,2,0.6578947368421052,288.0
maharashtra,9,android,4g,Medium (500-2K),283,0,0.0,0.0
maharashtra,9,android,4g,High (2K-10K),124,0,0.0,0.0
maharashtra,9,android,4g,Very High (>10K),4,0,0.0,0.0
maharashtra,9,android,5g,Small (<500),123,1,0.8130081300813009,72.0
maharashtra,9,android,5g,Medium (500-2K),100,0,0.0,0.0
maharashtra,9,android,5g,High (2K-10K),55,0,0.0,0.0
maharashtra,9,android,5g,Very High (>10K),2,0,0.0,0.0
maharashtra,9,android,wifi,Small (<500),45,1,2.2222222222222223,113.0
maharashtra,9,android,wifi,Medium (500-2K),54,0,0.0,0.0
maharashtra,9,android,wifi,High (2K-10K),31,0,0.0,0.0
maharashtra,9,ios,3g,Small (<500),8,0,0.0,0.0
maharashtra,9,ios,3g,Medium (500-2K),5,0,0.0,0.0
maharashtra,9,ios,3g,High (2K-10K),2,0,0.0,0.0
maharashtra,9,ios,4g,Small (<500),70,0,0.0,0.0
maharashtra,9,ios,4g,Medium (500-2K),68,0,0.0,0.0
maharashtra,9,ios,4g,High (2K-10K),35,0,0.0,0.0
maharashtra,9,ios,5g,Small (<500),33,0,0.0,0.0
maharashtra,9,ios,5g,Medium (500-2K),24,0,0.0,0.0
maharashtra,9,ios,5g,High (2K-10K),16,0,0.0,0.0
maharashtra,9,ios,wifi,Small (<500),11,0,0.0,0.0
maharashtra,9,ios,wifi,Medium (500-2K),11,0,0.0,0.0
maharashtra,9,ios,wifi,High (2K-10K),6,0,0.0,0.0
maharashtra,9,web,3g,Small (<500),1,0,0.0,0.0
maharashtra,9,web,3g,Medium (500-2K),1,0,0.0,0.0
maharashtra,9,web,4g,Small (<500),24,0,0.0,0.0
maharashtra,9,web,4g,Medium (500-2K),20,0,0.0,0.0
maharashtra,9,web,4g,High (2K-10K),9,0,0.0,0.0
maharashtra,9,web,5g,Small (<500),14,0,0.0,0.0
maharashtra,9,web,5g,Medium (500-2K),11,0,0.0,0.0
maharashtra,9,web,5g,High (2K-10K),3,0,0.0,0.0
maharashtra,9,web,wifi,Small (<500),2,0,0.0,0.0
maharashtra,9,web,wifi,Medium (500-2K),4,0,0.0,0.0
maharashtra,10,android,3g,Small (<500),44,1,2.272727272727273,191.0
maharashtra,10,android,3g,Medium (500-2K),31,0,0.0,0.0
maharashtra,10,android,3g,High (2K-10K),11,0,0.0,0.0
maharashtra,10,android,3g,Very High (>10K),1,0,0.0,0.0
maharashtra,10,android,4g,Small (<500),425,0,0.0,0.0
maharashtra,10,android,4g,Medium (500-2K),345,1,0.2898550724637681,522.0
maharashtra,10,android,4g,High (2K-10K),184,0,0.0,0.0
maharashtra,10,android,4g,Very High (>10K),8,0,0.0,0.0
maharashtra,10,android,5g,Small (<500),169,0,0.0,0.0
maharashtra,10,android,5g,Medium (500-2K),165,0,0.0,0.0
maharashtra,10,android,5g,High (2K-10K),76,0,0.0,0.0
maharashtra,10,android,5g,Very High (>10K),3,0,0.0,0.0
maharashtra,10,android,wifi,Small (<500),60,0,0.0,0.0
maharashtra,10,android,wifi,Medium (500-2K),60,0,0.0,0.0
maharashtra,10,android,wifi,High (2K-10K),43,0,0.0,0.0
maharashtra,10,android,wifi,Very High (>10K),1,0,0.0,0.0
maharashtra,10,ios,3g,Small (<500),12,0,0.0,0.0
maharashtra,10,ios,3g,Medium (500-2K),10,0,0.0,0.0
maharashtra,10,ios,3g,High (2K-10K),3,0,0.0,0.0
maharashtra,10,ios,4g,Small (<500),106,0,0.0,0.0
maharashtra,10,ios,4g,Medium (500-2K),92,0,0.0,0.0
maharashtra,10,ios,4g,High (2K-10K),50,0,0.0,0.0
maharashtra,10,ios,5g,Small (<500),41,0,0.0,0.0
maharashtra,10,ios,5g,Medium (500-2K),40,0,0.0,0.0
maharashtra,10,ios,5g,High (2K-10K),27,0,0.0,0.0
maharashtra,10,ios,wifi,Small (<500),12,0,0.0,0.0
maharashtra,10,ios,wifi,Medium (500-2K),10,0,0.0,0.0
maharashtra,10,ios,wifi,High (2K-10K),7,0,0.0,0.0
maharashtra,10,web,3g,Small (<500),2,0,0.0,0.0
maharashtra,10,web,3g,Medium (500-2K),1,0,0.0,0.0
maharashtra,10,web,4g,Small (<500),19,0,0.0,0.0
maharashtra,10,web,4g,Medium (500-2K),19,0,0.0,0.0
maharashtra,10,web,4g,High (2K-10K),15,0,0.0,0.0
maharashtra,10,web,4g,Very High (>10K),1,0,0.0,0.0
maharashtra,10,web,5g,Small (<500),14,0,0.0,0.0
maharashtra,10,web,5g,Medium (500-2K),14,0,0.0,0.0
maharashtra,10,web,5g,High (2K-10K),6,0,0.0,0.0
maharashtra,10,web,wifi,Small (<500),3,0,0.0,0.0
maharashtra,10,web,wifi,Medium (500-2K),1,0,0.0,0.0
maharashtra,10,web,wifi,High (2K-10K),3,0,0.0,0.0
maharashtra,11,android,3g,Small (<500),35,0,0.0,0.0
maharashtra,11,android,3g,Medium (500-2K),41,0,0.0,0.0
maharashtra,11,android,3g,High (2K-10K),18,0,0.0,0.0
maharashtra,11,android,4g,Small (<500),469,1,0.21321961620469082,203.0
maharashtra,11,android,4g,Medium (500-2K),422,1,0.23696682464454977,1194.0
maharashtra,11,android,4g,High (2K-10K),225,1,0.4444444444444444,2852.0
maharashtra,11,android,4g,Very High (>10K),5,0,0.0,0.0
maharashtra,11,android,5g,Small (<500),173,0,0.0,0.0
maharashtra,11,android,5g,Medium (500-2K),164,0,0.0,0.0
maharashtra,11,android,5g,High (2K-10K),101,1,0.9900990099009901,2340.0
maharashtra,11,android,5g,Very High (>10K),3,0,0.0,0.0
maharashtra,11,android,wifi,Small (<500),78,0,0.0,0.0
maharashtra,11,android,wifi,Medium (500-2K),73,0,0.0,0.0
maharashtra,11,android,wifi,High (2K-10K),30,0,0.0,0.0
maharashtra,11,android,wifi,Very High (>10K),1,0,0.0,0.0
maharashtra,11,ios,3g,Small (<500),17,0,0.0,0.0
maharashtra,11,ios,3g,Medium (500-2K),8,0,0.0,0.0
maharashtra,11,ios,3g,High (2K-10K),5,0,0.0,0.0
maharashtra,11,ios,3g,Very High (>10K),1,0,0.0,0.0
maharashtra,11,ios,4g,Small (<500),131,0,0.0,0.0
maharashtra,11,ios,4g,Medium (500-2K),82,0,0.0,0.0
maharashtra,11,ios,4g,High (2K-10K),48,0,0.0,0.0
maharashtra,11,ios,4g,Very High (>10K),2,0,0.0,0.0
maharashtra,11,ios,5g,Small (<500),43,0,0.0,0.0
maharashtra,11,ios,5g,Medium (500-2K),37,0,0.0,0.0
maharashtra,11,ios,5g,High (2K-10K),21,0,0.0,0.0
maharashtra,11,ios,wifi,Small (<500),13,0,0.0,0.0
maharashtra,11,ios,wifi,Medium (500-2K),26,0,0.0,0.0
maharashtra,11,ios,wifi,High (2K-10K),8,0,0.0,0.0
maharashtra,11,ios,wifi,Very High (>10K),1,0,0.0,0.0
maharashtra,11,web,3g,Small (<500),2,0,0.0,0.0
maharashtra,11,web,3g,Medium (500-2K),3,0,0.0,0.0
maharashtra,11,web,3g,High (2K-10K),2,0,0.0,0.0
maharashtra,11,web,4g,Small (<500),35,0,0.0,0.0
maharashtra,11,web,4g,Medium (500-2K),29,0,0.0,0.0
maharashtra,11,web,4g,High (2K-10K),13,0,0.0,0.0
maharashtra,11,web,4g,Very High (>10K),1,0,0.0,0.0
maharashtra,11,web,5g,Small (<500),26,0,0.0,0.0
maharashtra,11,web,5g,Medium (500-2K),12,0,0.0,0.0
maharashtra,11,web,5g,High (2K-10K),9,0,0.0,0.0
maharashtra,11,web,wifi,Small (<500),9,1,11.11111111111111,319.0
maharashtra,11,web,wifi,Medium (500-2K),8,0,0.0,0.0
maharashtra,11,web,wifi,High (2K-10K),2,0,0.0,0.0
maharashtra,12,android,3g,Small (<500),43,0,0.0,0.0
maharashtra,12,android,3g,Medium (500-2K),41,0,0.0,0.0
maharashtra,12,android,3g,High (2K-10K),13,0,0.0,0.0
maharashtra,12,android,4g,Small (<500),504,0,0.0,0.0
maharashtra,12,android,4g,Medium (500-2K),444,0,0.0,0.0
maharashtra,12,android,4g,High (2K-10K),213,0,0.0,0.0
maharashtra,12,android,4g,Very High (>10K),18,0,0.0,0.0
maharashtra,12,android,5g,Small (<500),217,1,0.4608294930875576,241.0
maharashtra,12,android,5g,Medium (500-2K),197,0,0.0,0.0
maharashtra,12,android,5g,High (2K-10K),92,0,0.0,0.0
maharashtra,12,android,5g,Very High (>10K),8,0,0.0,0.0
maharashtra,12,android,wifi,Small (<500),81,0,0.0,0.0
maharashtra,12,android,wifi,Medium (500-2K),69,0,0.0,0.0
maharashtra,12,android,wifi,High (2K-10K),33,1,3.0303030303030303,2207.0
maharashtra,12,android,wifi,Very High (>10K),2,0,0.0,0.0
maharashtra,12,ios,3g,Small (<500),11,0,0.0,0.0
maharashtra,12,ios,3g,Medium (500-2K),9,0,0.0,0.0
maharashtra,12,ios,3g,High (2K-10K),6,0,0.0,0.0
maharashtra,12,ios,4g,Small (<500),130,0,0.0,0.0
maharashtra,12,ios,4g,Medium (500-2K),137,0,0.0,0.0
maharashtra,12,ios,4g,High (2K-10K),69,0,0.0,0.0
maharashtra,12,ios,4g,Very High (>10K),2,0,0.0,0.0
maharashtra,12,ios,5g,Small (<500),54,0,0.0,0.0
maharashtra,12,ios,5g,Medium (500-2K),47,0,0.0,0.0
maharashtra,12,ios,5g,High (2K-10K),20,0,0.0,0.0
maharashtra,12,ios,5g,Very High (>10K),1,0,0.0,0.0
maharashtra,12,ios,wifi,Small (<500),17,0,0.0,0.0
maharashtra,12,ios,wifi,Medium (500-2K),18,0,0.0,0.0
maharashtra,12,ios,wifi,High (2K-10K),8,0,0.0,0.0
maharashtra,12,web,3g,Small (<500),2,0,0.0,0.0
maharashtra,12,web,3g,Medium (500-2K),4,0,0.0,0.0
maharashtra,12,web,4g,Small (<500),45,0,0.0,0.0
maharashtra,12,web,4g,Medium (500-2K),24,0,0.0,0.0
maharashtra,12,web,4g,High (2K-10K),16,1,6.25,3841.0
maharashtra,12,web,4g,Very High (>10K),2,0,0.0,0.0
maharashtra,12,web,5g,Small (<500),22,0,0.0,0.0
maharashtra,12,web,5g,Medium (500-2K),13,0,0.0,0.0
maharashtra,12,web,5g,High (2K-10K),9,0,0.0,0.0
maharashtra,12,web,5g,Very High (>10K),1,0,0.0,0.0
maharashtra,12,web,wifi,Small (<500),7,0,0.0,0.0
maharashtra,12,web,wifi,Medium (500-2K),6,0,0.0,0.0
maharashtra,12,web,wifi,High (2K-10K),5,0,0.0,0.0
maharashtra,13,android,3g,Small (<500),42,0,0.0,0.0
maharashtra,13,android,3g,Medium (500-2K),36,0,0.0,0.0
maharashtra,13,android,3g,High (2K-10K),16,0,0.0,0.0
maharashtra,13,android,4g,Small (<500),444,0,0.0,0.0
maharashtra,13,android,4g,Medium (500-2K),372,0,0.0,0.0
maharashtra,13,android,4g,High (2K-10K),188,1,0.5319148936170213,2986.0
maharashtra,13,android,4g,Very High (>10K),5,0,0.0,0.0
maharashtra,13,android,5g,Small (<500),207,1,0.4830917874396135,426.0
maharashtra,13,android,5g,Medium (500-2K),153,0,0.0,0.0
maharashtra,13,android,5g,High (2K-10K),78,0,0.0,0.0
maharashtra,13,android,5g,Very High (>10K),2,0,0.0,0.0
maharashtra,13,android,wifi,Small (<500),75,0,0.0,0.0
maharashtra,13,android,wifi,Medium (500-2K),70,1,1.4285714285714286,1013.0
maharashtra,13,android,wifi,High (2K-10K),25,0,0.0,0.0
maharashtra,13,android,wifi,Very High (>10K),1,0,0.0,0.0
maharashtra,13,ios,3g,Small (<500),10,0,0.0,0.0
maharashtra,13,ios,3g,Medium (500-2K),9,0,0.0,0.0
maharashtra,13,ios,3g,High (2K-10K),2,0,0.0,0.0
maharashtra,13,ios,4g,Small (<500),90,0,0.0,0.0
maharashtra,13,ios,4g,Medium (500-2K),119,0,0.0,0.0
maharashtra,13,ios,4g,High (2K-10K),51,0,0.0,0.0
maharashtra,13,ios,5g,Small (<500),40,0,0.0,0.0
maharashtra,13,ios,5g,Medium (500-2K),49,0,0.0,0.0
maharashtra,13,ios,5g,High (2K-10K),17,0,0.0,0.0
maharashtra,13,ios,wifi,Small (<500),21,1,4.761904761904762,300.0
maharashtra,13,ios,wifi,Medium (500-2K),23,0,0.0,0.0
maharashtra,13,ios,wifi,High (2K-10K),8,0,0.0,0.0
maharashtra,13,web,3g,Small (<500),2,0,0.0,0.0
maharashtra,13,web,3g,Medium (500-2K),3,0,0.0,0.0
maharashtra,13,web,4g,Small (<500),33,0,0.0,0.0
maharashtra,13,web,4g,Medium (500-2K),30,0,0.0,0.0
maharashtra,13,web,4g,High (2K-10K),6,0,0.0,0.0
maharashtra,13,web,4g,Very High (>10K),1,0,0.0,0.0
maharashtra,13,web,5g,Small (<500),7,0,0.0,0.0
maharashtra,13,web,5g,Medium (500-2K),3,0,0.0,0.0
maharashtra,13,web,5g,High (2K-10K),11,0,0.0,0.0
maharashtra,13,web,wifi,Small (<500),7,0,0.0,0.0
maharashtra,13,web,wifi,Medium (500-2K),5,0,0.0,0.0
maharashtra,13,web,wifi,High (2K-10K),3,0,0.0,0.0
maharashtra,14,android,3g,Small (<500),29,0,0.0,0.0
maharashtra,14,android,3g,Medium (500-2K),29,0,0.0,0.0
maharashtra,14,android,3g,High (2K-10K),17,0,0.0,0.0
maharashtra,14,android,3g,Very High (>10K),2,0,0.0,0.0
maharashtra,14,android,4g,Small (<500),296,0,0.0,0.0
maharashtra,14,android,4g,Medium (500-2K),311,1,0.3215434083601286,1477.0
maharashtra,14,android,4g,High (2K-10K),130,0,0.0,0.0
maharashtra,14,android,4g,Very High (>10K),4,0,0.0,0.0
maharashtra,14,android,5g,Small (<500),127,0,0.0,0.0
maharashtra,14,android,5g,Medium (500-2K),107,0,0.0,0.0
maharashtra,14,android,5g,High (2K-10K),57,0,0.0,0.0
maharashtra,14,android,5g,Very High (>10K),2,0,0.0,0.0
maharashtra,14,android,wifi,Small (<500),45,0,0.0,0.0
maharashtra,14,android,wifi,Medium (500-2K),55,0,0.0,0.0
maharashtra,14,android,wifi,High (2K-10K),23,0,0.0,0.0
maharashtra,14,android,wifi,Very High (>10K),2,0,0.0,0.0
maharashtra,14,ios,3g,Small (<500),5,0,0.0,0.0
maharashtra,14,ios,3g,Medium (500-2K),9,0,0.0,0.0
maharashtra,14,ios,3g,High (2K-10K),1,0,0.0,0.0
maharashtra,14,ios,4g,Small (<500),100,0,0.0,0.0
maharashtra,14,ios,4g,Medium (500-2K),86,0,0.0,0.0
maharashtra,14,ios,4g,High (2K-10K),43,0,0.0,0.0
maharashtra,14,ios,5g,Small (<500),38,1,2.631578947368421,400.0
maharashtra,14,ios,5g,Medium (500-2K),34,0,0.0,0.0
maharashtra,14,ios,5g,High (2K-10K),23,0,0.0,0.0
maharashtra,14,ios,wifi,Small (<500),13,0,0.0,0.0
maharashtra,14,ios,wifi,Medium (500-2K),8,0,0.0,0.0
maharashtra,14,ios,wifi,High (2K-10K),7,0,0.0,0.0
maharashtra,14,web,4g,Small (<500),29,0,0.0,0.0
maharashtra,14,web,4g,Medium (500-2K),21,0,0.0,0.0
maharashtra,14,web,4g,High (2K-10K),11,0,0.0,0.0
maharashtra,14,web,4g,Very High (>10K),1,0,0.0,0.0
maharashtra,14,web,5g,Small (<500),6,0,0.0,0.0
maharashtra,14,web,5g,Medium (500-2K),7,0,0.0,0.0
maharashtra,14,web,5g,High (2K-10K),4,0,0.0,0.0
maharashtra,14,web,wifi,Small (<500),6,0,0.0,0.0
maharashtra,14,web,wifi,Medium (500-2K),4,0,0.0,0.0
maharashtra,14,web,wifi,High (2K-10K),1,0,0.0,0.0
maharashtra,15,android,3g,Small (<500),37,0,0.0,0.0
maharashtra,15,android,3g,Medium (500-2K),37,0,0.0,0.0
maharashtra,15,android,3g,High (2K-10K),16,0,0.0,0.0
maharashtra,15,android,4g,Small (<500),344,3,0.872093023255814,376.3333333333333
maharashtra,15,android,4g,Medium (500-2K),337,0,0.0,0.0
maharashtra,15,android,4g,High (2K-10K),189,2,1.0582010582010581,4318.5
maharashtra,15,android,4g,Very High (>10K),6,0,0.0,0.0
maharashtra,15,android,5g,Small (<500),150,1,0.6666666666666667,346.0
maharashtra,15,android,5g,Medium (500-2K),137,0,0.0,0.0
maharashtra,15,android,5g,High (2K-10K),73,0,0.0,0.0
maharashtra,15,android,5g,Very High (>10K),4,0,0.0,0.0
maharashtra,15,android,wifi,Small (<500),57,0,0.0,0.0
maharashtra,15,android,wifi,Medium (500-2K),55,0,0.0,0.0
maharashtra,15,android,wifi,High (2K-10K),31,0,0.0,0.0
maharashtra,15,ios,3g,Small (<500),6,0,0.0,0.0
maharashtra,15,ios,3g,Medium (500-2K),3,0,0.0,0.0
maharashtra,15,ios,3g,High (2K-10K),3,0,0.0,0.0
maharashtra,15,ios,4g,Small (<500),98,0,0.0,0.0
maharashtra,15,ios,4g,Medium (500-2K),78,0,0.0,0.0
maharashtra,15,ios,4g,High (2K-10K),34,1,2.941176470588235,4410.0
maharashtra,15,ios,4g,Very High (>10K),2,0,0.0,0.0
maharashtra,15,ios,5g,Small (<500),45,0,0.0,0.0
maharashtra,15,ios,5g,Medium (500-2K),43,1,2.3255813953488373,826.0
maharashtra,15,ios,5g,High (2K-10K),28,0,0.0,0.0
maharashtra,15,ios,wifi,Small (<500),12,0,0.0,0.0
maharashtra,15,ios,wifi,Medium (500-2K),10,0,0.0,0.0
maharashtra,15,ios,wifi,High (2K-10K),6,0,0.0,0.0
maharashtra,15,web,3g,Small (<500),2,0,0.0,0.0
maharashtra,15,web,3g,Medium (500-2K),4,0,0.0,0.0
maharashtra,15,web,4g,Small (<500),32,0,0.0,0.0
maharashtra,15,web,4g,Medium (500-2K),19,0,0.0,0.0
maharashtra,15,web,4g,High (2K-10K),10,0,0.0,0.0
maharashtra,15,web,5g,Small (<500),12,0,0.0,0.0
maharashtra,15,web,5g,Medium (500-2K),9,0,0.0,0.0
maharashtra,15,web,5g,High (2K-10K),7,0,0.0,0.0
maharashtra,15,web,wifi,Small (<500),4,0,0.0,0.0
maharashtra,15,web,wifi,Medium (500-2K),6,0,0.0,0.0
maharashtra,15,web,wifi,High (2K-10K),2,0,0.0,0.0
maharashtra,15,web,wifi,Very High (>10K),1,0,0.0,0.0
maharashtra,16,android,3g,Small (<500),33,1,3.0303030303030303,378.0
maharashtra,16,android,3g,Medium (500-2K),34,0,0.0,0.0
maharashtra,16,android,3g,High (2K-10K),12,0,0.0,0.0
maharashtra,16,android,4g,Small (<500),379,1,0.2638522427440633,169.0
maharashtra,16,android,4g,Medium (500-2K),356,0,0.0,0.0
maharashtra,16,android,4g,High (2K-10K),176,2,1.1363636363636365,4902.5
maharashtra,16,android,4g,Very High (>10K),4,0,0.0,0.0
maharashtra,16,android,5g,Small (<500),193,0,0.0,0.0
maharashtra,16,android,5g,Medium (500-2K),145,1,0.6896551724137931,624.0
maharashtra,16,android,5g,High (2K-10K),68,0,0.0,0.0
maharashtra,16,android,5g,Very High (>10K),1,0,0.0,0.0
maharashtra,16,android,wifi,Small (<500),79,0,0.0,0.0
maharashtra,16,android,wifi,Medium (500-2K),46,1,2.1739130434782608,1027.0
maharashtra,16,android,wifi,High (2K-10K),27,0,0.0,0.0
maharashtra,16,ios,3g,Small (<500),8,0,0.0,0.0
maharashtra,16,ios,3g,Medium (500-2K),4,0,0.0,0.0
maharashtra,16,ios,3g,High (2K-10K),1,0,0.0,0.0
maharashtra,16,ios,4g,Small (<500),96,0,0.0,0.0
maharashtra,16,ios,4g,Medium (500-2K),96,0,0.0,0.0
maharashtra,16,ios,4g,High (2K-10K),48,0,0.0,0.0
maharashtra,16,ios,5g,Small (<500),47,0,0.0,0.0
maharashtra,16,ios,5g,Medium (500-2K),45,0,0.0,0.0
maharashtra,16,ios,5g,High (2K-10K),11,0,0.0,0.0
maharashtra,16,ios,wifi,Small (<500),26,0,0.0,0.0
maharashtra,16,ios,wifi,Medium (500-2K),21,0,0.0,0.0
maharashtra,16,ios,wifi,High (2K-10K),10,0,0.0,0.0
maharashtra,16,ios,wifi,Very High (>10K),1,0,0.0,0.0
maharashtra,16,web,3g,Small (<500),1,0,0.0,0.0
maharashtra,16,web,3g,Medium (500-2K),4,0,0.0,0.0
maharashtra,16,web,3g,High (2K-10K),3,0,0.0,0.0
maharashtra,16,web,4g,Small (<500),34,0,0.0,0.0
maharashtra,16,web,4g,Medium (500-2K),30,0,0.0,0.0
maharashtra,16,web,4g,High (2K-10K),10,0,0.0,0.0
maharashtra,16,web,4g,Very High (>10K),2,0,0.0,0.0
maharashtra,16,web,5g,Small (<500),13,0,0.0,0.0
maharashtra,16,web,5g,Medium (500-2K),8,0,0.0,0.0
maharashtra,16,web,5g,High (2K-10K),3,0,0.0,0.0
maharashtra,16,web,wifi,Small (<500),3,0,0.0,0.0
maharashtra,16,web,wifi,Medium (500-2K),4,0,0.0,0.0
maharashtra,17,android,3g,Small (<500),49,0,0.0,0.0
maharashtra,17,android,3g,Medium (500-2K),42,0,0.0,0.0
maharashtra,17,android,3g,High (2K-10K),26,0,0.0,0.0
maharashtra,17,android,4g,Small (<500),545,2,0.3669724770642202,410.5
maharashtra,17,android,4g,Medium (500-2K),395,1,0.25316455696202533,918.0
maharashtra,17,android,4g,High (2K-10K),267,0,0.0,0.0
maharashtra,17,android,4g,Very High (>10K),12,0,0.0,0.0
maharashtra,17,android,5g,Small (<500),232,0,0.0,0.0
maharashtra,17,android,5g,Medium (500-2K),208,1,0.4807692307692308,1820.0
maharashtra,17,android,5g,High (2K-10K),102,0,0.0,0.0
maharashtra,17,android,5g,Very High (>10K),5,0,0.0,0.0
maharashtra,17,android,wifi,Small (<500),79,0,0.0,0.0
maharashtra,17,android,wifi,Medium (500-2K),85,0,0.0,0.0
maharashtra,17,android,wifi,High (2K-10K),38,0,0.0,0.0
maharashtra,17,ios,3g,Small (<500),6,0,0.0,0.0
maharashtra,17,ios,3g,Medium (500-2K),6,0,0.0,0.0
maharashtra,17,ios,3g,High (2K-10K),5,0,0.0,0.0
maharashtra,17,ios,4g,Small (<500),144,0,0.0,0.0
maharashtra,17,ios,4g,Medium (500-2K),123,1,0.8130081300813009,1857.0
maharashtra,17,ios,4g,High (2K-10K),68,0,0.0,0.0
maharashtra,17,ios,4g,Very High (>10K),2,0,0.0,0.0
maharashtra,17,ios,5g,Small (<500),51,0,0.0,0.0
maharashtra,17,ios,5g,Medium (500-2K),51,1,1.9607843137254901,510.0
maharashtra,17,ios,5g,High (2K-10K),21,0,0.0,0.0
maharashtra,17,ios,5g,Very High (>10K),3,0,0.0,0.0
maharashtra,17,ios,wifi,Small (<500),21,0,0.0,0.0
maharashtra,17,ios,wifi,Medium (500-2K),19,0,0.0,0.0
maharashtra,17,ios,wifi,High (2K-10K),9,0,0.0,0.0
maharashtra,17,web,3g,Small (<500),3,0,0.0,0.0
maharashtra,17,web,3g,Medium (500-2K),3,0,0.0,0.0
maharashtra,17,web,3g,High (2K-10K),2,0,0.0,0.0
maharashtra,17,web,4g,Small (<500),33,0,0.0,0.0
maharashtra,17,web,4g,Medium (500-2K),35,0,0.0,0.0
maharashtra,17,web,4g,High (2K-10K),12,0,0.0,0.0
maharashtra,17,web,5g,Small (<500),14,0,0.0,0.0
maharashtra,17,web,5g,Medium (500-2K),18,0,0.0,0.0
maharashtra,17,web,5g,High (2K-10K),6,0,0.0,0.0
maharashtra,17,web,wifi,Small (<500),8,0,0.0,0.0
maharashtra,17,web,wifi,Medium (500-2K),4,0,0.0,0.0
maharashtra,17,web,wifi,High (2K-10K),4,0,0.0,0.0
maharashtra,18,android,3g,Small (<500),55,0,0.0,0.0
maharashtra,18,android,3g,Medium (500-2K),46,0,0.0,0.0
maharashtra,18,android,3g,High (2K-10K),22,0,0.0,0.0
maharashtra,18,android,3g,Very High (>10K),1,0,0.0,0.0
maharashtra,18,android,4g,Small (<500),515,0,0.0,0.0
maharashtra,18,android,4g,Medium (500-2K),511,0,0.0,0.0
maharashtra,18,android,4g,High (2K-10K),237,0,0.0,0.0
maharashtra,18,android,4g,Very High (>10K),16,0,0.0,0.0
maharashtra,18,android,5g,Small (<500),218,1,0.45871559633027525,115.0
maharashtra,18,android,5g,Medium (500-2K),200,0,0.0,0.0
maharashtra,18,android,5g,High (2K-10K),126,0,0.0,0.0
maharashtra,18,android,5g,Very High (>10K),5,0,0.0,0.0
maharashtra,18,android,wifi,Small (<500),106,1,0.9433962264150944,204.0
maharashtra,18,android,wifi,Medium (500-2K),90,1,1.1111111111111112,619.0
maharashtra,18,android,wifi,High (2K-10K),50,0,0.0,0.0
maharashtra,18,android,wifi,Very High (>10K),2,0,0.0,0.0
maharashtra,18,ios,3g,Small (<500),8,1,12.5,90.0
maharashtra,18,ios,3g,Medium (500-2K),15,0,0.0,0.0
maharashtra,18,ios,3g,High (2K-10K),2,0,0.0,0.0
maharashtra,18,ios,3g,Very High (>10K),1,0,0.0,0.0
maharashtra,18,ios,4g,Small (<500),153,0,0.0,0.0
maharashtra,18,ios,4g,Medium (500-2K),148,0,0.0,0.0
maharashtra,18,ios,4g,High (2K-10K),66,0,0.0,0.0
maharashtra,18,ios,4g,Very High (>10K),7,0,0.0,0.0
maharashtra,18,ios,5g,Small (<500),50,0,0.0,0.0
maharashtra,18,ios,5g,Medium (500-2K),50,0,0.0,0.0
maharashtra,18,ios,5g,High (2K-10K),28,0,0.0,0.0
maharashtra,18,ios,5g,Very High (>10K),1,0,0.0,0.0
maharashtra,18,ios,wifi,Small (<500),24,0,0.0,0.0
maharashtra,18,ios,wifi,Medium (500-2K),23,0,0.0,0.0
maharashtra,18,ios,wifi,High (2K-10K),16,0,0.0,0.0
maharashtra,18,web,3g,Small (<500),7,0,0.0,0.0
maharashtra,18,web,3g,Medium (500-2K),2,0,0.0,0.0
maharashtra,18,web,3g,High (2K-10K),3,0,0.0,0.0
maharashtra,18,web,3g,Very High (>10K),1,0,0.0,0.0
maharashtra,18,web,4g,Small (<500),34,0,0.0,0.0
maharashtra,18,web,4g,Medium (500-2K),42,0,0.0,0.0
maharashtra,18,web,4g,High (2K-10K),16,0,0.0,0.0
maharashtra,18,web,5g,Small (<500),23,0,0.0,0.0
maharashtra,18,web,5g,Medium (500-2K),11,0,0.0,0.0
maharashtra,18,web,5g,High (2K-10K),8,0,0.0,0.0
maharashtra,18,web,wifi,Small (<500),5,0,0.0,0.0
maharashtra,18,web,wifi,Medium (500-2K),6,0,0.0,0.0
maharashtra,18,web,wifi,High (2K-10K),2,0,0.0,0.0
maharashtra,19,android,3g,Small (<500),52,0,0.0,0.0
maharashtra,19,android,3g,Medium (500-2K),53,0,0.0,0.0
maharashtra,19,android,3g,High (2K-10K),23,0,0.0,0.0
maharashtra,19,android,4g,Small (<500),578,0,0.0,0.0
maharashtra,19,android,4g,Medium (500-2K),548,0,0.0,0.0
maharashtra,19,android,4g,High (2K-10K),291,0,0.0,0.0
maharashtra,19,android,4g,Very High (>10K),19,0,0.0,0.0
maharashtra,19,android,5g,Small (<500),276,1,0.36231884057971014,199.0
maharashtra,19,android,5g,Medium (500-2K),231,1,0.4329004329004329,1101.0
maharashtra,19,android,5g,High (2K-10K),112,0,0.0,0.0
maharashtra,19,android,5g,Very High (>10K),6,0,0.0,0.0
maharashtra,19,android,wifi,Small (<500),92,0,0.0,0.0
maharashtra,19,android,wifi,Medium (500-2K),97,1,1.0309278350515463,859.0
maharashtra,19,android,wifi,High (2K-10K),44,0,0.0,0.0
maharashtra,19,android,wifi,Very High (>10K),1,0,0.0,0.0
maharashtra,19,ios,3g,Small (<500),6,0,0.0,0.0
maharashtra,19,ios,3g,Medium (500-2K),10,0,0.0,0.0
maharashtra,19,ios,3g,High (2K-10K),8,0,0.0,0.0
maharashtra,19,ios,4g,Small (<500),157,0,0.0,0.0
maharashtra,19,ios,4g,Medium (500-2K),150,0,0.0,0.0
maharashtra,19,ios,4g,High (2K-10K),79,0,0.0,0.0
maharashtra,19,ios,4g,Very High (>10K),5,0,0.0,0.0
maharashtra,19,ios,5g,Small (<500),71,0,0.0,0.0
maharashtra,19,ios,5g,Medium (500-2K),57,0,0.0,0.0
maharashtra,19,ios,5g,High (2K-10K),28,0,0.0,0.0
maharashtra,19,ios,5g,Very High (>10K),1,0,0.0,0.0
maharashtra,19,ios,wifi,Small (<500),27,0,0.0,0.0
maharashtra,19,ios,wifi,Medium (500-2K),21,0,0.0,0.0
maharashtra,19,ios,wifi,High (2K-10K),8,0,0.0,0.0
maharashtra,19,web,3g,Small (<500),7,0,0.0,0.0
maharashtra,19,web,3g,High (2K-10K),2,0,0.0,0.0
maharashtra,19,web,4g,Small (<500),39,0,0.0,0.0
maharashtra,19,web,4g,Medium (500-2K),40,0,0.0,0.0
maharashtra,19,web,4g,High (2K-10K),14,0,0.0,0.0
maharashtra,19,web,5g,Small (<500),20,0,0.0,0.0
maharashtra,19,web,5g,Medium (500-2K),14,0,0.0,0.0
maharashtra,19,web,5g,High (2K-10K),6,0,0.0,0.0
maharashtra,19,web,wifi,Small (<500),8,0,0.0,0.0
maharashtra,19,web,wifi,Medium (500-2K),8,0,0.0,0.0
maharashtra,19,web,wifi,High (2K-10K),7,0,0.0,0.0
maharashtra,20,android,3g,Small (<500),37,0,0.0,0.0
maharashtra,20,android,3g,Medium (500-2K),41,1,2.4390243902439024,1390.0
maharashtra,20,android,3g,High (2K-10K),15,0,0.0,0.0
maharashtra,20,android,4g,Small (<500),515,0,0.0,0.0
maharashtra,20,android,4g,Medium (500-2K),449,1,0.22271714922048996,773.0
maharashtra,20,android,4g,High (2K-10K),232,1,0.43103448275862066,4958.0
maharashtra,20,android,4g,Very High (>10K),5,0,0.0,0.0
maharashtra,20,android,5g,Small (<500),206,0,0.0,0.0
maharashtra,20,android,5g,Medium (500-2K),160,1,0.625,1104.0
maharashtra,20,android,5g,High (2K-10K),78,0,0.0,0.0
maharashtra,20,android,5g,Very High (>10K),4,0,0.0,0.0
maharashtra,20,android,wifi,Small (<500),80,0,0.0,0.0
maharashtra,20,android,wifi,Medium (500-2K),90,0,0.0,0.0
maharashtra,20,android,wifi,High (2K-10K),29,0,0.0,0.0
maharashtra,20,android,wifi,Very High (>10K),1,0,0.0,0.0
maharashtra,20,ios,3g,Small (<500),10,0,0.0,0.0
maharashtra,20,ios,3g,Medium (500-2K),6,0,0.0,0.0
maharashtra,20,ios,3g,High (2K-10K),5,0,0.0,0.0
maharashtra,20,ios,4g,Small (<500),147,1,0.6802721088435374,498.0
maharashtra,20,ios,4g,Medium (500-2K),124,0,0.0,0.0
maharashtra,20,ios,4g,High (2K-10K),64,0,0.0,0.0
maharashtra,20,ios,4g,Very High (>10K),3,0,0.0,0.0
maharashtra,20,ios,5g,Small (<500),55,0,0.0,0.0
maharashtra,20,ios,5g,Medium (500-2K),60,0,0.0,0.0
maharashtra,20,ios,5g,High (2K-10K),22,0,0.0,0.0
maharashtra,20,ios,5g,Very High (>10K),2,0,0.0,0.0
maharashtra,20,ios,wifi,Small (<500),22,0,0.0,0.0
maharashtra,20,ios,wifi,Medium (500-2K),18,0,0.0,0.0
maharashtra,20,ios,wifi,High (2K-10K),12,0,0.0,0.0
maharashtra,20,web,3g,Small (<500),2,0,0.0,0.0
maharashtra,20,web,3g,Medium (500-2K),2,0,0.0,0.0
maharashtra,20,web,3g,High (2K-10K),1,0,0.0,0.0
maharashtra,20,web,4g,Small (<500),35,0,0.0,0.0
maharashtra,20,web,4g,Medium (500-2K),17,0,0.0,0.0
maharashtra,20,web,4g,High (2K-10K),12,0,0.0,0.0
maharashtra,20,web,5g,Small (<500),17,0,0.0,0.0
maharashtra,20,web,5g,Medium (500-2K),15,0,0.0,0.0
maharashtra,20,web,5g,High (2K-10K),5,0,0.0,0.0
maharashtra,20,web,wifi,Small (<500),4,0,0.0,0.0
maharashtra,20,web,wifi,Medium (500-2K),5,0,0.0,0.0
maharashtra,20,web,wifi,High (2K-10K),3,0,0.0,0.0
maharashtra,21,android,3g,Small (<500),41,0,0.0,0.0
maharashtra,21,android,3g,Medium (500-2K),36,0,0.0,0.0
maharashtra,21,android,3g,High (2K-10K),15,0,0.0,0.0
maharashtra,21,android,3g,Very High (>10K),1,0,0.0,0.0
maharashtra,21,android,4g,Small (<500),463,2,0.4319654427645789,320.5
maharashtra,21,android,4g,Medium (500-2K),409,2,0.4889975550122249,1166.0
maharashtra,21,android,4g,High (2K-10K),208,1,0.4807692307692308,3347.0
maharashtra,21,android,4g,Very High (>10K),9,0,0.0,0.0
maharashtra,21,android,5g,Small (<500),207,1,0.4830917874396135,351.0
maharashtra,21,android,5g,Medium (500-2K),172,1,0.5813953488372093,1381.0
maharashtra,21,android,5g,High (2K-10K),91,1,1.098901098901099,4896.0
maharashtra,21,android,5g,Very High (>10K),2,0,0.0,0.0
maharashtra,21,android,wifi,Small (<500),73,1,1.36986301369863,286.0
maharashtra,21,android,wifi,Medium (500-2K),75,0,0.0,0.0
maharashtra,21,android,wifi,High (2K-10K),37,0,0.0,0.0
maharashtra,21,android,wifi,Very High (>10K),2,0,0.0,0.0
maharashtra,21,ios,3g,Small (<500),6,0,0.0,0.0
maharashtra,21,ios,3g,Medium (500-2K),10,0,0.0,0.0
maharashtra,21,ios,3g,High (2K-10K),3,0,0.0,0.0
maharashtra,21,ios,3g,Very High (>10K),1,0,0.0,0.0
maharashtra,21,ios,4g,Small (<500),134,0,0.0,0.0
maharashtra,21,ios,4g,Medium (500-2K),117,0,0.0,0.0
maharashtra,21,ios,4g,High (2K-10K),59,0,0.0,0.0
maharashtra,21,ios,4g,Very High (>10K),3,0,0.0,0.0
maharashtra,21,ios,5g,Small (<500),46,0,0.0,0.0
maharashtra,21,ios,5g,Medium (500-2K),42,0,0.0,0.0
maharashtra,21,ios,5g,High (2K-10K),25,0,0.0,0.0
maharashtra,21,ios,wifi,Small (<500),26,0,0.0,0.0
maharashtra,21,ios,wifi,Medium (500-2K),27,0,0.0,0.0
maharashtra,21,ios,wifi,High (2K-10K),5,0,0.0,0.0
maharashtra,21,web,3g,Small (<500),3,0,0.0,0.0
maharashtra,21,web,3g,Medium (500-2K),5,0,0.0,0.0
maharashtra,21,web,4g,Small (<500),22,1,4.545454545454546,402.0
maharashtra,21,web,4g,Medium (500-2K),40,0,0.0,0.0
maharashtra,21,web,4g,High (2K-10K),8,0,0.0,0.0
maharashtra,21,web,5g,Small (<500),17,0,0.0,0.0
maharashtra,21,web,5g,Medium (500-2K),14,0,0.0,0.0
maharashtra,21,web,wifi,Small (<500),10,0,0.0,0.0
maharashtra,21,web,wifi,Medium (500-2K),5,0,0.0,0.0
maharashtra,21,web,wifi,High (2K-10K),1,0,0.0,0.0
maharashtra,22,android,3g,Small (<500),24,0,0.0,0.0
maharashtra,22,android,3g,Medium (500-2K),21,0,0.0,0.0
maharashtra,22,android,3g,High (2K-10K),11,0,0.0,0.0
maharashtra,22,android,4g,Small (<500),262,0,0.0,0.0
maharashtra,22,android,4g,Medium (500-2K),252,0,0.0,0.0
maharashtra,22,android,4g,High (2K-10K),125,0,0.0,0.0
maharashtra,22,android,4g,Very High (>10K),3,0,0.0,0.0
maharashtra,22,android,5g,Small (<500),108,0,0.0,0.0
maharashtra,22,android,5g,Medium (500-2K),90,0,0.0,0.0
maharashtra,22,android,5g,High (2K-10K),55,0,0.0,0.0
maharashtra,22,android,wifi,Small (<500),44,1,2.272727272727273,173.0
maharashtra,22,android,wifi,Medium (500-2K),47,0,0.0,0.0
maharashtra,22,android,wifi,High (2K-10K),18,0,0.0,0.0
maharashtra,22,android,wifi,Very High (>10K),2,0,0.0,0.0
maharashtra,22,ios,3g,Small (<500),7,0,0.0,0.0
maharashtra,22,ios,3g,Medium (500-2K),6,0,0.0,0.0
maharashtra,22,ios,3g,High (2K-10K),4,0,0.0,0.0
maharashtra,22,ios,4g,Small (<500),67,0,0.0,0.0
maharashtra,22,ios,4g,Medium (500-2K),53,0,0.0,0.0
maharashtra,22,ios,4g,High (2K-10K),29,0,0.0,0.0
maharashtra,22,ios,5g,Small (<500),28,0,0.0,0.0
maharashtra,22,ios,5g,Medium (500-2K),23,0,0.0,0.0
maharashtra,22,ios,5g,High (2K-10K),19,0,0.0,0.0
maharashtra,22,ios,wifi,Small (<500),11,0,0.0,0.0
maharashtra,22,ios,wifi,Medium (500-2K),9,0,0.0,0.0
maharashtra,22,ios,wifi,High (2K-10K),8,0,0.0,0.0
maharashtra,22,web,3g,Small (<500),1,0,0.0,0.0
maharashtra,22,web,3g,Medium (500-2K),3,0,0.0,0.0
maharashtra,22,web,3g,High (2K-10K),1,0,0.0,0.0
maharashtra,22,web,4g,Small (<500),18,0,0.0,0.0
maharashtra,22,web,4g,Medium (500-2K),11,0,0.0,0.0
maharashtra,22,web,4g,High (2K-10K),10,0,0.0,0.0
maharashtra,22,web,5g,Small (<500),10,0,0.0,0.0
maharashtra,22,web,5g,Medium (500-2K),1,0,0.0,0.0
maharashtra,22,web,5g,High (2K-10K),2,0,0.0,0.0
maharashtra,22,web,wifi,Small (<500),4,0,0.0,0.0
maharashtra,22,web,wifi,Medium (500-2K),2,0,0.0,0.0
maharashtra,22,web,wifi,High (2K-10K),3,0,0.0,0.0
maharashtra,23,android,3g,Small (<500),13,0,0.0,0.0
maharashtra,23,android,3g,Medium (500-2K),11,0,0.0,0.0
maharashtra,23,android,3g,High (2K-10K),10,0,0.0,0.0
maharashtra,23,android,4g,Small (<500),191,0,0.0,0.0
maharashtra,23,android,4g,Medium (500-2K),146,0,0.0,0.0
maharashtra,23,android,4g,High (2K-10K),70,0,0.0,0.0
maharashtra,23,android,4g,Very High (>10K),4,0,0.0,0.0
maharashtra,23,android,5g,Small (<500),67,1,1.4925373134328357,96.0
maharashtra,23,android,5g,Medium (500-2K),71,0,0.0,0.0
maharashtra,23,android,5g,High (2K-10K),31,0,0.0,0.0
maharashtra,23,android,5g,Very High (>10K),2,0,0.0,0.0
maharashtra,23,android,wifi,Small (<500),29,0,0.0,0.0
maharashtra,23,android,wifi,Medium (500-2K),28,0,0.0,0.0
maharashtra,23,android,wifi,High (2K-10K),13,0,0.0,0.0
maharashtra,23,android,wifi,Very High (>10K),1,0,0.0,0.0
maharashtra,23,ios,3g,Small (<500),7,0,0.0,0.0
maharashtra,23,ios,3g,Medium (500-2K),2,0,0.0,0.0
maharashtra,23,ios,4g,Small (<500),42,0,0.0,0.0
maharashtra,23,ios,4g,Medium (500-2K),39,0,0.0,0.0
maharashtra,23,ios,4g,High (2K-10K),17,0,0.0,0.0
maharashtra,23,ios,5g,Small (<500),22,0,0.0,0.0
maharashtra,23,ios,5g,Medium (500-2K),8,0,0.0,0.0
maharashtra,23,ios,5g,High (2K-10K),15,0,0.0,0.0
maharashtra,23,ios,wifi,Small (<500),3,0,0.0,0.0
maharashtra,23,ios,wifi,Medium (500-2K),7,0,0.0,0.0
maharashtra,23,ios,wifi,High (2K-10K),2,0,0.0,0.0
maharashtra,23,web,4g,Small (<500),11,0,0.0,0.0
maharashtra,23,web,4g,Medium (500-2K),10,0,0.0,0.0
maharashtra,23,web,4g,High (2K-10K),1,0,0.0,0.0
maharashtra,23,web,5g,Small (<500),4,0,0.0,0.0
maharashtra,23,web,5g,Medium (500-2K),5,0,0.0,0.0
maharashtra,23,web,5g,High (2K-10K),2,0,0.0,0.0
maharashtra,23,web,wifi,Medium (500-2K),1,0,0.0,0.0
rajasthan,0,android,3g,Small (<500),6,0,0.0,0.0
rajasthan,0,android,3g,Medium (500-2K),3,0,0.0,0.0
rajasthan,0,android,3g,High (2K-10K),3,0,0.0,0.0
rajasthan,0,android,4g,Small (<500),56,0,0.0,0.0
rajasthan,0,android,4g,Medium (500-2K),47,0,0.0,0.0
rajasthan,0,android,4g,High (2K-10K),31,0,0.0,0.0
rajasthan,0,android,4g,Very High (>10K),2,0,0.0,0.0
rajasthan,0,android,5g,Small (<500),15,0,0.0,0.0
rajasthan,0,android,5g,Medium (500-2K),31,0,0.0,0.0
rajasthan,0,android,5g,High (2K-10K),7,0,0.0,0.0
rajasthan,0,android,5g,Very High (>10K),1,0,0.0,0.0
rajasthan,0,android,wifi,Small (<500),5,0,0.0,0.0
rajasthan,0,android,wifi,Medium (500-2K),6,0,0.0,0.0
rajasthan,0,android,wifi,High (2K-10K),1,0,0.0,0.0
rajasthan,0,ios,3g,Small (<500),2,0,0.0,0.0
rajasthan,0,ios,3g,Medium (500-2K),1,0,0.0,0.0
rajasthan,0,ios,3g,High (2K-10K),1,0,0.0,0.0
rajasthan,0,ios,4g,Small (<500),16,0,0.0,0.0
rajasthan,0,ios,4g,Medium (500-2K),6,0,0.0,0.0
rajasthan,0,ios,4g,High (2K-10K),8,0,0.0,0.0
rajasthan,0,ios,5g,Small (<500),11,0,0.0,0.0
rajasthan,0,ios,5g,Medium (500-2K),4,0,0.0,0.0
rajasthan,0,ios,5g,High (2K-10K),1,0,0.0,0.0
rajasthan,0,ios,wifi,Medium (500-2K),1,0,0.0,0.0
rajasthan,0,ios,wifi,High (2K-10K),1,0,0.0,0.0
rajasthan,0,web,4g,Small (<500),3,0,0.0,0.0
rajasthan,0,web,4g,Medium (500-2K),5,0,0.0,0.0
rajasthan,0,web,4g,High (2K-10K),1,0,0.0,0.0
rajasthan,0,web,5g,Medium (500-2K),3,0,0.0,0.0
rajasthan,0,web,wifi,Small (<500),1,0,0.0,0.0
rajasthan,1,android,3g,Medium (500-2K),1,0,0.0,0.0
rajasthan,1,android,3g,High (2K-10K),2,0,0.0,0.0
rajasthan,1,android,4g,Small (<500),40,0,0.0,0.0
rajasthan,1,android,4g,Medium (500-2K),34,0,0.0,0.0
rajasthan,1,android,4g,High (2K-10K),15,0,0.0,0.0
rajasthan,1,android,4g,Very High (>10K),1,0,0.0,0.0
rajasthan,1,android,5g,Small (<500),11,0,0.0,0.0
rajasthan,1,android,5g,Medium (500-2K),16,0,0.0,0.0
rajasthan,1,android,5g,High (2K-10K),5,0,0.0,0.0
rajasthan,1,android,wifi,Small (<500),4,0,0.0,0.0
rajasthan,1,android,wifi,Medium (500-2K),5,0,0.0,0.0
rajasthan,1,android,wifi,High (2K-10K),2,0,0.0,0.0
rajasthan,1,ios,3g,Small (<500),1,0,0.0,0.0
rajasthan,1,ios,4g,Small (<500),6,0,0.0,0.0
rajasthan,1,ios,4g,Medium (500-2K),9,0,0.0,0.0
rajasthan,1,ios,4g,High (2K-10K),4,0,0.0,0.0
rajasthan,1,ios,4g,Very High (>10K),1,0,0.0,0.0
rajasthan,1,ios,5g,Small (<500),4,0,0.0,0.0
rajasthan,1,ios,5g,Medium (500-2K),3,0,0.0,0.0
rajasthan,1,ios,5g,High (2K-10K),1,0,0.0,0.0
rajasthan,1,ios,wifi,Small (<500),2,0,0.0,0.0
rajasthan,1,ios,wifi,Medium (500-2K),1,0,0.0,0.0
rajasthan,1,web,3g,Medium (500-2K),2,0,0.0,0.0
rajasthan,1,web,4g,Small (<500),4,0,0.0,0.0
rajasthan,1,web,4g,Medium (500-2K),4,0,0.0,0.0
rajasthan,1,web,4g,High (2K-10K),1,0,0.0,0.0
rajasthan,1,web,5g,Small (<500),2,0,0.0,0.0
rajasthan,1,web,5g,Medium (500-2K),1,0,0.0,0.0
rajasthan,1,web,5g,High (2K-10K),1,0,0.0,0.0
rajasthan,1,web,wifi,Small (<500),1,0,0.0,0.0
rajasthan,1,web,wifi,Medium (500-2K),1,0,0.0,0.0
rajasthan,1,web,wifi,High (2K-10K),1,0,0.0,0.0
rajasthan,2,android,4g,Small (<500),20,0,0.0,0.0
rajasthan,2,android,4g,Medium (500-2K),26,0,0.0,0.0
rajasthan,2,android,4g,High (2K-10K),10,0,0.0,0.0
rajasthan,2,android,5g,Small (<500),8,0,0.0,0.0
rajasthan,2,android,5g,Medium (500-2K),14,0,0.0,0.0
rajasthan,2,android,5g,High (2K-10K),2,0,0.0,0.0
rajasthan,2,android,wifi,Small (<500),2,0,0.0,0.0
rajasthan,2,android,wifi,Medium (500-2K),3,0,0.0,0.0
rajasthan,2,android,wifi,High (2K-10K),2,0,0.0,0.0
rajasthan,2,android,wifi,Very High (>10K),1,0,0.0,0.0
rajasthan,2,ios,3g,Medium (500-2K),1,0,0.0,0.0
rajasthan,2,ios,3g,Very High (>10K),1,0,0.0,0.0
rajasthan,2,ios,4g,Small (<500),10,0,0.0,0.0
rajasthan,2,ios,4g,Medium (500-2K),12,0,0.0,0.0
rajasthan,2,ios,4g,High (2K-10K),2,0,0.0,0.0
rajasthan,2,ios,5g,Small (<500),1,0,0.0,0.0
rajasthan,2,ios,5g,Medium (500-2K),1,0,0.0,0.0
rajasthan,2,ios,5g,High (2K-10K),1,0,0.0,0.0
rajasthan,2,ios,wifi,Medium (500-2K),2,0,0.0,0.0
rajasthan,2,ios,wifi,High (2K-10K),1,0,0.0,0.0
rajasthan,2,web,3g,Small (<500),2,0,0.0,0.0
rajasthan,2,web,4g,Medium (500-2K),1,0,0.0,0.0
rajasthan,2,web,5g,Small (<500),1,0,0.0,0.0
rajasthan,3,android,3g,Small (<500),3,0,0.0,0.0
rajasthan,3,android,3g,Medium (500-2K),4,0,0.0,0.0
rajasthan,3,android,4g,Small (<500),22,1,4.545454545454546,343.0
rajasthan,3,android,4g,Medium (500-2K),20,0,0.0,0.0
rajasthan,3,android,4g,High (2K-10K),6,1,16.666666666666664,5072.0
rajasthan,3,android,5g,Small (<500),9,0,0.0,0.0
rajasthan,3,android,5g,Medium (500-2K),7,0,0.0,0.0
rajasthan,3,android,5g,High (2K-10K),6,0,0.0,0.0
rajasthan,3,android,wifi,Small (<500),4,0,0.0,0.0
rajasthan,3,android,wifi,Medium (500-2K),4,0,0.0,0.0
rajasthan,3,ios,4g,Small (<500),1,0,0.0,0.0
rajasthan,3,ios,4g,Medium (500-2K),3,0,0.0,0.0
rajasthan,3,ios,4g,High (2K-10K),1,0,0.0,0.0
rajasthan,3,ios,5g,Small (<500),1,0,0.0,0.0
rajasthan,3,ios,5g,Medium (500-2K),4,0,0.0,0.0
rajasthan,3,ios,5g,High (2K-10K),1,0,0.0,0.0
rajasthan,3,web,4g,Medium (500-2K),3,0,0.0,0.0
rajasthan,3,web,5g,High (2K-10K),2,0,0.0,0.0
rajasthan,3,web,wifi,Small (<500),2,0,0.0,0.0
rajasthan,3,web,wifi,Medium (500-2K),1,0,0.0,0.0
rajasthan,4,android,3g,Small (<500),2,0,0.0,0.0
rajasthan,4,android,3g,Medium (500-2K),1,0,0.0,0.0
rajasthan,4,android,3g,High (2K-10K),1,0,0.0,0.0
rajasthan,4,android,4g,Small (<500),23,0,0.0,0.0
rajasthan,4,android,4g,Medium (500-2K),19,0,0.0,0.0
rajasthan,4,android,4g,High (2K-10K),17,0,0.0,0.0
rajasthan,4,android,5g,Small (<500),5,0,0.0,0.0
rajasthan,4,android,5g,Medium (500-2K),7,0,0.0,0.0
rajasthan,4,android,5g,High (2K-10K),5,0,0.0,0.0
rajasthan,4,android,wifi,Small (<500),6,0,0.0,0.0
rajasthan,4,android,wifi,Medium (500-2K),4,0,0.0,0.0
rajasthan,4,android,wifi,High (2K-10K),1,0,0.0,0.0
rajasthan,4,ios,4g,Small (<500),7,0,0.0,0.0
rajasthan,4,ios,4g,Medium (500-2K),4,0,0.0,0.0
rajasthan,4,ios,4g,High (2K-10K),2,0,0.0,0.0
rajasthan,4,ios,5g,Medium (500-2K),1,0,0.0,0.0
rajasthan,4,ios,5g,Very High (>10K),1,0,0.0,0.0
rajasthan,4,ios,wifi,Small (<500),2,0,0.0,0.0
rajasthan,4,web,4g,Small (<500),1,0,0.0,0.0
rajasthan,4,web,4g,Medium (500-2K),3,0,0.0,0.0
rajasthan,4,web,5g,Medium (500-2K),1,0,0.0,0.0
rajasthan,4,web,wifi,Small (<500),1,0,0.0,0.0
rajasthan,5,android,3g,Small (<500),4,0,0.0,0.0
rajasthan,5,android,3g,Medium (500-2K),1,0,0.0,0.0
rajasthan,5,android,3g,High (2K-10K),3,0,0.0,0.0
rajasthan,5,android,4g,Small (<500),27,0,0.0,0.0
rajasthan,5,android,4g,Medium (500-2K),22,0,0.0,0.0
rajasthan,5,android,4g,High (2K-10K),13,0,0.0,0.0
rajasthan,5,android,5g,Small (<500),10,0,0.0,0.0
rajasthan,5,android,5g,Medium (500-2K),6,0,0.0,0.0
rajasthan,5,android,5g,High (2K-10K),3,0,0.0,0.0
rajasthan,5,android,wifi,Small (<500),6,0,0.0,0.0
rajasthan,5,android,wifi,Medium (500-2K),6,0,0.0,0.0
rajasthan,5,android,wifi,High (2K-10K),2,0,0.0,0.0
rajasthan,5,ios,4g,Small (<500),11,0,0.0,0.0
rajasthan,5,ios,4g,Medium (500-2K),7,0,0.0,0.0
rajasthan,5,ios,4g,High (2K-10K),3,0,0.0,0.0
rajasthan,5,ios,5g,Small (<500),3,0,0.0,0.0
rajasthan,5,ios,5g,Medium (500-2K),1,0,0.0,0.0
rajasthan,5,ios,5g,High (2K-10K),2,0,0.0,0.0
rajasthan,5,ios,wifi,Small (<500),1,0,0.0,0.0
rajasthan,5,ios,wifi,Medium (500-2K),1,0,0.0,0.0
rajasthan,5,web,4g,Small (<500),1,0,0.0,0.0
rajasthan,5,web,4g,Medium (500-2K),3,0,0.0,0.0
rajasthan,5,web,5g,Small (<500),1,0,0.0,0.0
rajasthan,5,web,wifi,Small (<500),2,0,0.0,0.0
rajasthan,5,web,wifi,Medium (500-2K),1,0,0.0,0.0
rajasthan,6,android,3g,Small (<500),4,0,0.0,0.0
rajasthan,6,android,3g,Medium (500-2K),9,0,0.0,0.0
rajasthan,6,android,3g,High (2K-10K),3,0,0.0,0.0
rajasthan,6,android,4g,Small (<500),53,0,0.0,0.0
rajasthan,6,android,4g,Medium (500-2K),55,0,0.0,0.0
rajasthan,6,android,4g,High (2K-10K),17,0,0.0,0.0
rajasthan,6,android,5g,Small (<500),30,0,0.0,0.0
rajasthan,6,android,5g,Medium (500-2K),18,1,5.555555555555555,754.0
rajasthan,6,android,5g,High (2K-10K),12,0,0.0,0.0
rajasthan,6,android,5g,Very High (>10K),1,0,0.0,0.0
rajasthan,6,android,wifi,Small (<500),13,0,0.0,0.0
rajasthan,6,android,wifi,Medium (500-2K),4,0,0.0,0.0
rajasthan,6,android,wifi,High (2K-10K),6,0,0.0,0.0
rajasthan,6,ios,3g,High (2K-10K),3,0,0.0,0.0
rajasthan,6,ios,4g,Small (<500),15,0,0.0,0.0
rajasthan,6,ios,4g,Medium (500-2K),12,0,0.0,0.0
rajasthan,6,ios,4g,High (2K-10K),3,0,0.0,0.0
rajasthan,6,ios,5g,Small (<500),5,0,0.0,0.0
rajasthan,6,ios,5g,Medium (500-2K),9,0,0.0,0.0
rajasthan,6,ios,5g,High (2K-10K),4,0,0.0,0.0
rajasthan,6,ios,wifi,Small (<500),2,0,0.0,0.0
rajasthan,6,ios,wifi,High (2K-10K),1,0,0.0,0.0
rajasthan,6,web,4g,Small (<500),1,0,0.0,0.0
rajasthan,6,web,4g,Medium (500-2K),4,0,0.0,0.0
rajasthan,6,web,4g,High (2K-10K),1,0,0.0,0.0
rajasthan,6,web,5g,Small (<500),3,0,0.0,0.0
rajasthan,6,web,wifi,Small (<500),1,0,0.0,0.0
rajasthan,6,web,wifi,High (2K-10K),2,0,0.0,0.0
rajasthan,7,android,3g,Small (<500),5,0,0.0,0.0
rajasthan,7,android,3g,Medium (500-2K),8,0,0.0,0.0
rajasthan,7,android,3g,High (2K-10K),4,0,0.0,0.0
rajasthan,7,android,4g,Small (<500),106,1,0.9433962264150944,116.0
rajasthan,7,android,4g,Medium (500-2K),70,1,1.4285714285714286,608.0
rajasthan,7,android,4g,High (2K-10K),38,1,2.631578947368421,8426.0
rajasthan,7,android,4g,Very High (>10K),3,0,0.0,0.0
rajasthan,7,android,5g,Small (<500),28,0,0.0,0.0
rajasthan,7,android,5g,Medium (500-2K),27,0,0.0,0.0
rajasthan,7,android,5g,High (2K-10K),15,0,0.0,0.0
rajasthan,7,android,wifi,Small (<500),13,1,7.6923076923076925,356.0
rajasthan,7,android,wifi,Medium (500-2K),11,0,0.0,0.0
rajasthan,7,android,wifi,High (2K-10K),11,0,0.0,0.0
rajasthan,7,ios,3g,Small (<500),2,0,0.0,0.0
rajasthan,7,ios,3g,Medium (500-2K),4,0,0.0,0.0
rajasthan,7,ios,3g,High (2K-10K),1,0,0.0,0.0
rajasthan,7,ios,4g,Small (<500),22,0,0.0,0.0
rajasthan,7,ios,4g,Medium (500-2K),17,0,0.0,0.0
rajasthan,7,ios,4g,High (2K-10K),16,0,0.0,0.0
rajasthan,7,ios,5g,Small (<500),8,0,0.0,0.0
rajasthan,7,ios,5g,Medium (500-2K),8,0,0.0,0.0
rajasthan,7,ios,5g,High (2K-10K),3,0,0.0,0.0
rajasthan,7,ios,wifi,Small (<500),7,0,0.0,0.0
rajasthan,7,ios,wifi,Medium (500-2K),7,0,0.0,0.0
rajasthan,7,ios,wifi,High (2K-10K),2,0,0.0,0.0
rajasthan,7,web,4g,Small (<500),8,0,0.0,0.0
rajasthan,7,web,4g,Medium (500-2K),4,0,0.0,0.0
rajasthan,7,web,4g,High (2K-10K),4,0,0.0,0.0
rajasthan,7,web,5g,Medium (500-2K),2,0,0.0,0.0
rajasthan,7,web,5g,High (2K-10K),2,0,0.0,0.0
rajasthan,7,web,wifi,Small (<500),1,0,0.0,0.0
rajasthan,7,web,wifi,Medium (500-2K),1,0,0.0,0.0
rajasthan,7,web,wifi,High (2K-10K),1,0,0.0,0.0
rajasthan,8,android,3g,Small (<500),8,0,0.0,0.0
rajasthan,8,android,3g,Medium (500-2K),9,0,0.0,0.0
rajasthan,8,android,3g,High (2K-10K),5,0,0.0,0.0
rajasthan,8,android,4g,Small (<500),142,0,0.0,0.0
rajasthan,8,android,4g,Medium (500-2K),115,0,0.0,0.0
rajasthan,8,android,4g,High (2K-10K),66,0,0.0,0.0
rajasthan,8,android,4g,Very High (>10K),1,0,0.0,0.0
rajasthan,8,android,5g,Small (<500),47,0,0.0,0.0
rajasthan,8,android,5g,Medium (500-2K),54,0,0.0,0.0
rajasthan,8,android,5g,High (2K-10K),16,0,0.0,0.0
rajasthan,8,android,5g,Very High (>10K),1,0,0.0,0.0
rajasthan,8,android,wifi,Small (<500),24,0,0.0,0.0
rajasthan,8,android,wifi,Medium (500-2K),24,0,0.0,0.0
rajasthan,8,android,wifi,High (2K-10K),14,0,0.0,0.0
rajasthan,8,android,wifi,Very High (>10K),1,0,0.0,0.0
rajasthan,8,ios,3g,Small (<500),3,0,0.0,0.0
rajasthan,8,ios,3g,Medium (500-2K),3,0,0.0,0.0
rajasthan,8,ios,3g,High (2K-10K),1,0,0.0,0.0
rajasthan,8,ios,3g,Very High (>10K),1,0,0.0,0.0
rajasthan,8,ios,4g,Small (<500),37,0,0.0,0.0
rajasthan,8,ios,4g,Medium (500-2K),19,1,5.263157894736842,1442.0
rajasthan,8,ios,4g,High (2K-10K),12,0,0.0,0.0
rajasthan,8,ios,4g,Very High (>10K),1,0,0.0,0.0
rajasthan,8,ios,5g,Small (<500),9,0,0.0,0.0
rajasthan,8,ios,5g,Medium (500-2K),15,0,0.0,0.0
rajasthan,8,ios,5g,High (2K-10K),9,0,0.0,0.0
rajasthan,8,ios,5g,Very High (>10K),1,0,0.0,0.0
rajasthan,8,ios,wifi,Small (<500),7,0,0.0,0.0
rajasthan,8,ios,wifi,Medium (500-2K),3,0,0.0,0.0
rajasthan,8,web,3g,Small (<500),1,0,0.0,0.0
rajasthan,8,web,3g,High (2K-10K),1,0,0.0,0.0
rajasthan,8,web,4g,Small (<500),9,0,0.0,0.0
rajasthan,8,web,4g,Medium (500-2K),9,0,0.0,0.0
rajasthan,8,web,4g,High (2K-10K),4,0,0.0,0.0
rajasthan,8,web,5g,Small (<500),2,0,0.0,0.0
rajasthan,8,web,5g,Medium (500-2K),2,0,0.0,0.0
rajasthan,8,web,5g,High (2K-10K),2,0,0.0,0.0
rajasthan,8,web,wifi,Small (<500),1,0,0.0,0.0
rajasthan,8,web,wifi,Medium (500-2K),2,0,0.0,0.0
rajasthan,9,android,3g,Small (<500),8,0,0.0,0.0
rajasthan,9,android,3g,Medium (500-2K),9,0,0.0,0.0
rajasthan,9,android,3g,High (2K-10K),7,0,0.0,0.0
rajasthan,9,android,4g,Small (<500),153,1,0.6535947712418301,302.0
rajasthan,9,android,4g,Medium (500-2K),138,1,0.7246376811594203,1941.0
rajasthan,9,android,4g,High (2K-10K),68,0,0.0,0.0
rajasthan,9,android,4g,Very High (>10K),4,0,0.0,0.0
rajasthan,9,android,5g,Small (<500),70,0,0.0,0.0
rajasthan,9,android,5g,Medium (500-2K),76,0,0.0,0.0
rajasthan,9,android,5g,High (2K-10K),27,0,0.0,0.0
rajasthan,9,android,5g,Very High (>10K),1,0,0.0,0.0
rajasthan,9,android,wifi,Small (<500),30,0,0.0,0.0
rajasthan,9,android,wifi,Medium (500-2K),25,0,0.0,0.0
rajasthan,9,android,wifi,High (2K-10K),10,0,0.0,0.0
rajasthan,9,ios,3g,Small (<500),1,0,0.0,0.0
rajasthan,9,ios,3g,Medium (500-2K),3,0,0.0,0.0
rajasthan,9,ios,3g,High (2K-10K),1,0,0.0,0.0
rajasthan,9,ios,4g,Small (<500),48,0,0.0,0.0
rajasthan,9,ios,4g,Medium (500-2K),35,1,2.857142857142857,1370.0
rajasthan,9,ios,4g,High (2K-10K),19,0,0.0,0.0
rajasthan,9,ios,5g,Small (<500),20,0,0.0,0.0
rajasthan,9,ios,5g,Medium (500-2K),19,0,0.0,0.0
rajasthan,9,ios,5g,High (2K-10K),7,0,0.0,0.0
rajasthan,9,ios,wifi,Small (<500),7,0,0.0,0.0
rajasthan,9,ios,wifi,Medium (500-2K),6,0,0.0,0.0
rajasthan,9,ios,wifi,High (2K-10K),3,0,0.0,0.0
rajasthan,9,web,3g,Small (<500),1,0,0.0,0.0
rajasthan,9,web,4g,Small (<500),6,0,0.0,0.0
rajasthan,9,web,4g,Medium (500-2K),6,0,0.0,0.0
rajasthan,9,web,4g,High (2K-10K),11,0,0.0,0.0
rajasthan,9,web,5g,Small (<500),4,0,0.0,0.0
rajasthan,9,web,5g,Medium (500-2K),4,0,0.0,0.0
rajasthan,9,web,5g,High (2K-10K),3,0,0.0,0.0
rajasthan,9,web,wifi,Small (<500),5,0,0.0,0.0
rajasthan,10,android,3g,Small (<500),15,0,0.0,0.0
rajasthan,10,android,3g,Medium (500-2K),19,0,0.0,0.0
rajasthan,10,android,3g,High (2K-10K),6,0,0.0,0.0
rajasthan,10,android,3g,Very High (>10K),1,0,0.0,0.0
rajasthan,10,android,4g,Small (<500),191,0,0.0,0.0
rajasthan,10,android,4g,Medium (500-2K),189,0,0.0,0.0
rajasthan,10,android,4g,High (2K-10K),107,0,0.0,0.0
rajasthan,10,android,4g,Very High (>10K),4,0,0.0,0.0
rajasthan,10,android,5g,Small (<500),80,0,0.0,0.0
rajasthan,10,android,5g,Medium (500-2K),87,0,0.0,0.0
rajasthan,10,android,5g,High (2K-10K),38,0,0.0,0.0
rajasthan,10,android,5g,Very High (>10K),2,0,0.0,0.0
rajasthan,10,android,wifi,Small (<500),33,0,0.0,0.0
rajasthan,10,android,wifi,Medium (500-2K),31,0,0.0,0.0
rajasthan,10,android,wifi,High (2K-10K),11,0,0.0,0.0
rajasthan,10,ios,3g,Small (<500),5,0,0.0,0.0
rajasthan,10,ios,3g,Medium (500-2K),8,0,0.0,0.0
rajasthan,10,ios,3g,Very High (>10K),1,0,0.0,0.0
rajasthan,10,ios,4g,Small (<500),52,0,0.0,0.0
rajasthan,10,ios,4g,Medium (500-2K),65,0,0.0,0.0
rajasthan,10,ios,4g,High (2K-10K),25,0,0.0,0.0
rajasthan,10,ios,4g,Very High (>10K),1,0,0.0,0.0
rajasthan,10,ios,5g,Small (<500),24,0,0.0,0.0
rajasthan,10,ios,5g,Medium (500-2K),21,0,0.0,0.0
rajasthan,10,ios,5g,High (2K-10K),6,0,0.0,0.0
rajasthan,10,ios,wifi,Small (<500),10,0,0.0,0.0
rajasthan,10,ios,wifi,Medium (500-2K),11,1,9.090909090909092,572.0
rajasthan,10,ios,wifi,High (2K-10K),7,0,0.0,0.0
rajasthan,10,web,3g,Small (<500),1,0,0.0,0.0
rajasthan,10,web,4g,Small (<500),15,0,0.0,0.0
rajasthan,10,web,4g,Medium (500-2K),15,0,0.0,0.0
rajasthan,10,web,4g,High (2K-10K),8,0,0.0,0.0
rajasthan,10,web,5g,Small (<500),7,0,0.0,0.0
rajasthan,10,web,5g,Medium (500-2K),5,0,0.0,0.0
rajasthan,10,web,wifi,Medium (500-2K),2,0,0.0,0.0
rajasthan,10,web,wifi,High (2K-10K),1,0,0.0,0.0
rajasthan,11,android,3g,Small (<500),22,0,0.0,0.0
rajasthan,11,android,3g,Medium (500-2K),20,0,0.0,0.0
rajasthan,11,android,3g,High (2K-10K),9,0,0.0,0.0
rajasthan,11,android,3g,Very High (>10K),1,0,0.0,0.0
rajasthan,11,android,4g,Small (<500),247,0,0.0,0.0
rajasthan,11,android,4g,Medium (500-2K),232,1,0.43103448275862066,547.0
rajasthan,11,android,4g,High (2K-10K),124,0,0.0,0.0
rajasthan,11,android,4g,Very High (>10K),2,0,0.0,0.0
rajasthan,11,android,5g,Small (<500),100,0,0.0,0.0
rajasthan,11,android,5g,Medium (500-2K),91,0,0.0,0.0
rajasthan,11,android,5g,High (2K-10K),46,0,0.0,0.0
rajasthan,11,android,5g,Very High (>10K),1,0,0.0,0.0
rajasthan,11,android,wifi,Small (<500),49,0,0.0,0.0
rajasthan,11,android,wifi,Medium (500-2K),34,0,0.0,0.0
rajasthan,11,android,wifi,High (2K-10K),23,0,0.0,0.0
rajasthan,11,android,wifi,Very High (>10K),2,0,0.0,0.0
rajasthan,11,ios,3g,Small (<500),9,0,0.0,0.0
rajasthan,11,ios,3g,Medium (500-2K),2,0,0.0,0.0
rajasthan,11,ios,3g,High (2K-10K),2,0,0.0,0.0
rajasthan,11,ios,4g,Small (<500),72,1,1.3888888888888888,200.0
rajasthan,11,ios,4g,Medium (500-2K),47,0,0.0,0.0
rajasthan,11,ios,4g,High (2K-10K),22,0,0.0,0.0
rajasthan,11,ios,4g,Very High (>10K),2,0,0.0,0.0
rajasthan,11,ios,5g,Small (<500),23,0,0.0,0.0
rajasthan,11,ios,5g,Medium (500-2K),24,0,0.0,0.0
rajasthan,11,ios,5g,High (2K-10K),11,0,0.0,0.0
rajasthan,11,ios,wifi,Small (<500),7,0,0.0,0.0
rajasthan,11,ios,wifi,Medium (500-2K),13,0,0.0,0.0
rajasthan,11,ios,wifi,High (2K-10K),6,0,0.0,0.0
rajasthan,11,web,3g,Small (<500),1,0,0.0,0.0
rajasthan,11,web,3g,Medium (500-2K),1,0,0.0,0.0
rajasthan,11,web,4g,Small (<500),15,0,0.0,0.0
rajasthan,11,web,4g,Medium (500-2K),12,0,0.0,0.0
rajasthan,11,web,4g,High (2K-10K),12,0,0.0,0.0
rajasthan,11,web,5g,Small (<500),6,0,0.0,0.0
rajasthan,11,web,5g,Medium (500-2K),7,0,0.0,0.0
rajasthan,11,web,5g,High (2K-10K),4,0,0.0,0.0
rajasthan,11,web,wifi,Small (<500),2,0,0.0,0.0
rajasthan,11,web,wifi,Medium (500-2K),1,0,0.0,0.0
rajasthan,11,web,wifi,High (2K-10K),3,0,0.0,0.0
rajasthan,11,web,wifi,Very High (>10K),1,0,0.0,0.0
rajasthan,12,android,3g,Small (<500),23,0,0.0,0.0
rajasthan,12,android,3g,Medium (500-2K),26,0,0.0,0.0
rajasthan,12,android,3g,High (2K-10K),10,0,0.0,0.0
rajasthan,12,android,4g,Small (<500),229,0,0.0,0.0
rajasthan,12,android,4g,Medium (500-2K),264,1,0.3787878787878788,973.0
rajasthan,12,android,4g,High (2K-10K),110,1,0.9090909090909091,2374.0
rajasthan,12,android,4g,Very High (>10K),6,0,0.0,0.0
rajasthan,12,android,5g,Small (<500),112,0,0.0,0.0
rajasthan,12,android,5g,Medium (500-2K),84,0,0.0,0.0
rajasthan,12,android,5g,High (2K-10K),57,0,0.0,0.0
rajasthan,12,android,5g,Very High (>10K),3,0,0.0,0.0
rajasthan,12,android,wifi,Small (<500),39,0,0.0,0.0
rajasthan,12,android,wifi,Medium (500-2K),36,0,0.0,0.0
rajasthan,12,android,wifi,High (2K-10K),13,0,0.0,0.0
rajasthan,12,android,wifi,Very High (>10K),3,0,0.0,0.0
rajasthan,12,ios,3g,Small (<500),6,0,0.0,0.0
rajasthan,12,ios,3g,Medium (500-2K),7,0,0.0,0.0
rajasthan,12,ios,3g,High (2K-10K),1,0,0.0,0.0
rajasthan,12,ios,4g,Small (<500),69,0,0.0,0.0
rajasthan,12,ios,4g,Medium (500-2K),72,0,0.0,0.0
rajasthan,12,ios,4g,High (2K-10K),30,0,0.0,0.0
rajasthan,12,ios,4g,Very High (>10K),3,0,0.0,0.0
rajasthan,12,ios,5g,Small (<500),33,0,0.0,0.0
rajasthan,12,ios,5g,Medium (500-2K),33,0,0.0,0.0
rajasthan,12,ios,5g,High (2K-10K),17,0,0.0,0.0
rajasthan,12,ios,5g,Very High (>10K),1,0,0.0,0.0
rajasthan,12,ios,wifi,Small (<500),9,0,0.0,0.0
rajasthan,12,ios,wifi,Medium (500-2K),8,0,0.0,0.0
rajasthan,12,ios,wifi,High (2K-10K),8,0,0.0,0.0
rajasthan,12,web,3g,Small (<500),1,0,0.0,0.0
rajasthan,12,web,3g,Medium (500-2K),1,0,0.0,0.0
rajasthan,12,web,4g,Small (<500),17,0,0.0,0.0
rajasthan,12,web,4g,Medium (500-2K),21,0,0.0,0.0
rajasthan,12,web,4g,High (2K-10K),5,0,0.0,0.0
rajasthan,12,web,5g,Small (<500),5,0,0.0,0.0
rajasthan,12,web,5g,Medium (500-2K),6,0,0.0,0.0
rajasthan,12,web,5g,High (2K-10K),3,0,0.0,0.0
rajasthan,12,web,wifi,Small (<500),3,0,0.0,0.0
rajasthan,12,web,wifi,Medium (500-2K),5,0,0.0,0.0
rajasthan,12,web,wifi,High (2K-10K),2,0,0.0,0.0
rajasthan,13,android,3g,Small (<500),27,0,0.0,0.0
rajasthan,13,android,3g,Medium (500-2K),26,0,0.0,0.0
rajasthan,13,android,3g,High (2K-10K),10,0,0.0,0.0
rajasthan,13,android,4g,Small (<500),211,1,0.47393364928909953,287.0
rajasthan,13,android,4g,Medium (500-2K),187,0,0.0,0.0
rajasthan,13,android,4g,High (2K-10K),110,1,0.9090909090909091,6908.0
rajasthan,13,android,4g,Very High (>10K),4,0,0.0,0.0
rajasthan,13,android,5g,Small (<500),110,0,0.0,0.0
rajasthan,13,android,5g,Medium (500-2K),74,0,0.0,0.0
rajasthan,13,android,5g,High (2K-10K),43,0,0.0,0.0
rajasthan,13,android,5g,Very High (>10K),3,0,0.0,0.0
rajasthan,13,android,wifi,Small (<500),36,0,0.0,0.0
rajasthan,13,android,wifi,Medium (500-2K),33,1,3.0303030303030303,656.0
rajasthan,13,android,wifi,High (2K-10K),18,0,0.0,0.0
rajasthan,13,android,wifi,Very High (>10K),1,0,0.0,0.0
rajasthan,13,ios,3g,Small (<500),5,0,0.0,0.0
rajasthan,13,ios,3g,Medium (500-2K),7,0,0.0,0.0
rajasthan,13,ios,3g,High (2K-10K),1,0,0.0,0.0
rajasthan,13,ios,4g,Small (<500),55,0,0.0,0.0
rajasthan,13,ios,4g,Medium (500-2K),39,0,0.0,0.0
rajasthan,13,ios,4g,High (2K-10K),33,0,0.0,0.0
rajasthan,13,ios,4g,Very High (>10K),3,0,0.0,0.0
rajasthan,13,ios,5g,Small (<500),25,0,0.0,0.0
rajasthan,13,ios,5g,Medium (500-2K),24,0,0.0,0.0
rajasthan,13,ios,5g,High (2K-10K),13,0,0.0,0.0
rajasthan,13,ios,5g,Very High (>10K),3,0,0.0,0.0
rajasthan,13,ios,wifi,Small (<500),19,0,0.0,0.0
rajasthan,13,ios,wifi,Medium (500-2K),13,0,0.0,0.0
rajasthan,13,ios,wifi,High (2K-10K),6,0,0.0,0.0
rajasthan,13,web,3g,Small (<500),2,0,0.0,0.0
rajasthan,13,web,3g,Medium (500-2K),3,0,0.0,0.0
rajasthan,13,web,4g,Small (<500),16,0,0.0,0.0
rajasthan,13,web,4g,Medium (500-2K),12,0,0.0,0.0
rajasthan,13,web,4g,High (2K-10K),8,1,12.5,6673.0
rajasthan,13,web,5g,Small (<500),7,0,0.0,0.0
rajasthan,13,web,5g,Medium (500-2K),4,0,0.0,0.0
rajasthan,13,web,5g,High (2K-10K),2,0,0.0,0.0
rajasthan,13,web,wifi,Small (<500),2,0,0.0,0.0
rajasthan,13,web,wifi,Medium (500-2K),3,0,0.0,0.0
rajasthan,13,web,wifi,High (2K-10K),1,0,0.0,0.0
rajasthan,14,android,3g,Small (<500),15,0,0.0,0.0
rajasthan,14,android,3g,Medium (500-2K),17,0,0.0,0.0
rajasthan,14,android,3g,High (2K-10K),3,0,0.0,0.0
rajasthan,14,android,4g,Small (<500),196,0,0.0,0.0
rajasthan,14,android,4g,Medium (500-2K),134,0,0.0,0.0
rajasthan,14,android,4g,High (2K-10K),89,0,0.0,0.0
rajasthan,14,android,4g,Very High (>10K),3,0,0.0,0.0
rajasthan,14,android,5g,Small (<500),78,0,0.0,0.0
rajasthan,14,android,5g,Medium (500-2K),64,0,0.0,0.0
rajasthan,14,android,5g,High (2K-10K),32,0,0.0,0.0
rajasthan,14,android,5g,Very High (>10K),1,0,0.0,0.0
rajasthan,14,android,wifi,Small (<500),33,0,0.0,0.0
rajasthan,14,android,wifi,Medium (500-2K),13,0,0.0,0.0
rajasthan,14,android,wifi,High (2K-10K),14,0,0.0,0.0
rajasthan,14,android,wifi,Very High (>10K),2,0,0.0,0.0
rajasthan,14,ios,3g,Small (<500),3,0,0.0,0.0
rajasthan,14,ios,3g,Medium (500-2K),3,0,0.0,0.0
rajasthan,14,ios,3g,High (2K-10K),1,0,0.0,0.0
rajasthan,14,ios,4g,Small (<500),47,0,0.0,0.0
rajasthan,14,ios,4g,Medium (500-2K),40,0,0.0,0.0
rajasthan,14,ios,4g,High (2K-10K),23,0,0.0,0.0
rajasthan,14,ios,5g,Small (<500),24,0,0.0,0.0
rajasthan,14,ios,5g,Medium (500-2K),20,1,5.0,705.0
rajasthan,14,ios,5g,High (2K-10K),9,0,0.0,0.0
rajasthan,14,ios,5g,Very High (>10K),1,0,0.0,0.0
rajasthan,14,ios,wifi,Small (<500),16,0,0.0,0.0
rajasthan,14,ios,wifi,Medium (500-2K),5,0,0.0,0.0
rajasthan,14,ios,wifi,High (2K-10K),1,0,0.0,0.0
rajasthan,14,web,3g,Medium (500-2K),1,0,0.0,0.0
rajasthan,14,web,4g,Small (<500),4,0,0.0,0.0
rajasthan,14,web,4g,Medium (500-2K),14,0,0.0,0.0
rajasthan,14,web,4g,High (2K-10K),3,0,0.0,0.0
rajasthan,14,web,5g,Small (<500),5,0,0.0,0.0
rajasthan,14,web,5g,Medium (500-2K),3,0,0.0,0.0
rajasthan,14,web,5g,High (2K-10K),1,0,0.0,0.0
rajasthan,14,web,wifi,Small (<500),1,0,0.0,0.0
rajasthan,14,web,wifi,Medium (500-2K),3,0,0.0,0.0
rajasthan,14,web,wifi,High (2K-10K),1,0,0.0,0.0
rajasthan,15,android,3g,Small (<500),16,0,0.0,0.0
rajasthan,15,android,3g,Medium (500-2K),18,1,5.555555555555555,1781.0
rajasthan,15,android,3g,High (2K-10K),13,0,0.0,0.0
rajasthan,15,android,4g,Small (<500),174,0,0.0,0.0
rajasthan,15,android,4g,Medium (500-2K),151,0,0.0,0.0
rajasthan,15,android,4g,High (2K-10K),92,0,0.0,0.0
rajasthan,15,android,4g,Very High (>10K),1,0,0.0,0.0
rajasthan,15,android,5g,Small (<500),104,0,0.0,0.0
rajasthan,15,android,5g,Medium (500-2K),65,0,0.0,0.0
rajasthan,15,android,5g,High (2K-10K),41,0,0.0,0.0
rajasthan,15,android,wifi,Small (<500),23,1,4.3478260869565215,120.0
rajasthan,15,android,wifi,Medium (500-2K),23,0,0.0,0.0
rajasthan,15,android,wifi,High (2K-10K),13,0,0.0,0.0
rajasthan,15,android,wifi,Very High (>10K),1,0,0.0,0.0
rajasthan,15,ios,3g,Small (<500),9,0,0.0,0.0
rajasthan,15,ios,3g,Medium (500-2K),5,0,0.0,0.0
rajasthan,15,ios,3g,High (2K-10K),1,0,0.0,0.0
rajasthan,15,ios,4g,Small (<500),52,0,0.0,0.0
rajasthan,15,ios,4g,Medium (500-2K),41,0,0.0,0.0
rajasthan,15,ios,4g,High (2K-10K),28,0,0.0,0.0
rajasthan,15,ios,4g,Very High (>10K),1,0,0.0,0.0
rajasthan,15,ios,5g,Small (<500),19,0,0.0,0.0
rajasthan,15,ios,5g,Medium (500-2K),17,0,0.0,0.0
rajasthan,15,ios,5g,High (2K-10K),15,0,0.0,0.0
rajasthan,15,ios,wifi,Small (<500),12,0,0.0,0.0
rajasthan,15,ios,wifi,Medium (500-2K),8,0,0.0,0.0
rajasthan,15,ios,wifi,High (2K-10K),3,0,0.0,0.0
rajasthan,15,ios,wifi,Very High (>10K),1,0,0.0,0.0
rajasthan,15,web,3g,High (2K-10K),1,0,0.0,0.0
rajasthan,15,web,4g,Small (<500),12,0,0.0,0.0
rajasthan,15,web,4g,Medium (500-2K),12,0,0.0,0.0
rajasthan,15,web,4g,High (2K-10K),8,0,0.0,0.0
rajasthan,15,web,5g,Small (<500),3,0,0.0,0.0
rajasthan,15,web,5g,Medium (500-2K),6,0,0.0,0.0
rajasthan,15,web,5g,High (2K-10K),1,0,0.0,0.0
rajasthan,15,web,wifi,Small (<500),1,0,0.0,0.0
rajasthan,15,web,wifi,Medium (500-2K),3,0,0.0,0.0
rajasthan,15,web,wifi,High (2K-10K),1,0,0.0,0.0
rajasthan,16,android,3g,Small (<500),17,0,0.0,0.0
rajasthan,16,android,3g,Medium (500-2K),13,0,0.0,0.0
rajasthan,16,android,3g,High (2K-10K),8,0,0.0,0.0
rajasthan,16,android,3g,Very High (>10K),1,0,0.0,0.0
rajasthan,16,android,4g,Small (<500),195,0,0.0,0.0
rajasthan,16,android,4g,Medium (500-2K),199,0,0.0,0.0
rajasthan,16,android,4g,High (2K-10K),90,1,1.1111111111111112,2368.0
rajasthan,16,android,4g,Very High (>10K),2,0,0.0,0.0
rajasthan,16,android,5g,Small (<500),77,0,0.0,0.0
rajasthan,16,android,5g,Medium (500-2K),70,0,0.0,0.0
rajasthan,16,android,5g,High (2K-10K),34,0,0.0,0.0
rajasthan,16,android,wifi,Small (<500),31,0,0.0,0.0
rajasthan,16,android,wifi,Medium (500-2K),29,0,0.0,0.0
rajasthan,16,android,wifi,High (2K-10K),19,0,0.0,0.0
rajasthan,16,ios,3g,Small (<500),7,0,0.0,0.0
rajasthan,16,ios,3g,Medium (500-2K),3,0,0.0,0.0
rajasthan,16,ios,3g,High (2K-10K),5,0,0.0,0.0
rajasthan,16,ios,3g,Very High (>10K),1,0,0.0,0.0
rajasthan,16,ios,4g,Small (<500),59,0,0.0,0.0
rajasthan,16,ios,4g,Medium (500-2K),51,0,0.0,0.0
rajasthan,16,ios,4g,High (2K-10K),28,0,0.0,0.0
rajasthan,16,ios,4g,Very High (>10K),1,0,0.0,0.0
rajasthan,16,ios,5g,Small (<500),24,0,0.0,0.0
rajasthan,16,ios,5g,Medium (500-2K),18,0,0.0,0.0
rajasthan,16,ios,5g,High (2K-10K),11,0,0.0,0.0
rajasthan,16,ios,wifi,Small (<500),14,0,0.0,0.0
rajasthan,16,ios,wifi,Medium (500-2K),13,0,0.0,0.0
rajasthan,16,ios,wifi,High (2K-10K),5,0,0.0,0.0
rajasthan,16,ios,wifi,Very High (>10K),1,0,0.0,0.0
rajasthan,16,web,3g,Medium (500-2K),2,0,0.0,0.0
rajasthan,16,web,4g,Small (<500),16,0,0.0,0.0
rajasthan,16,web,4g,Medium (500-2K),11,0,0.0,0.0
rajasthan,16,web,4g,High (2K-10K),7,0,0.0,0.0
rajasthan,16,web,5g,Small (<500),6,0,0.0,0.0
rajasthan,16,web,5g,Medium (500-2K),9,0,0.0,0.0
rajasthan,16,web,5g,High (2K-10K),3,0,0.0,0.0
rajasthan,16,web,wifi,Small (<500),1,0,0.0,0.0
rajasthan,16,web,wifi,Medium (500-2K),4,0,0.0,0.0
rajasthan,16,web,wifi,High (2K-10K),2,0,0.0,0.0
rajasthan,17,android,3g,Small (<500),22,0,0.0,0.0
rajasthan,17,android,3g,Medium (500-2K),17,0,0.0,0.0
rajasthan,17,android,3g,High (2K-10K),8,0,0.0,0.0
rajasthan,17,android,4g,Small (<500),286,0,0.0,0.0
rajasthan,17,android,4g,Medium (500-2K),246,0,0.0,0.0
rajasthan,17,android,4g,High (2K-10K),114,0,0.0,0.0
rajasthan,17,android,4g,Very High (>10K),3,0,0.0,0.0
rajasthan,17,android,5g,Small (<500),107,0,0.0,0.0
rajasthan,17,android,5g,Medium (500-2K),103,0,0.0,0.0
rajasthan,17,android,5g,High (2K-10K),45,0,0.0,0.0
rajasthan,17,android,5g,Very High (>10K),2,0,0.0,0.0
rajasthan,17,android,wifi,Small (<500),46,0,0.0,0.0
rajasthan,17,android,wifi,Medium (500-2K),31,0,0.0,0.0
rajasthan,17,android,wifi,High (2K-10K),32,0,0.0,0.0
rajasthan,17,ios,3g,Small (<500),7,0,0.0,0.0
rajasthan,17,ios,3g,Medium (500-2K),7,0,0.0,0.0
rajasthan,17,ios,3g,High (2K-10K),5,0,0.0,0.0
rajasthan,17,ios,4g,Small (<500),64,1,1.5625,28.0
rajasthan,17,ios,4g,Medium (500-2K),78,1,1.282051282051282,582.0
rajasthan,17,ios,4g,High (2K-10K),44,0,0.0,0.0
rajasthan,17,ios,4g,Very High (>10K),2,0,0.0,0.0
rajasthan,17,ios,5g,Small (<500),28,0,0.0,0.0
rajasthan,17,ios,5g,Medium (500-2K),34,0,0.0,0.0
rajasthan,17,ios,5g,High (2K-10K),13,0,0.0,0.0
rajasthan,17,ios,5g,Very High (>10K),1,0,0.0,0.0
rajasthan,17,ios,wifi,Small (<500),16,0,0.0,0.0
rajasthan,17,ios,wifi,Medium (500-2K),10,0,0.0,0.0
rajasthan,17,ios,wifi,High (2K-10K),6,0,0.0,0.0
rajasthan,17,web,3g,Small (<500),3,0,0.0,0.0
rajasthan,17,web,3g,Medium (500-2K),1,0,0.0,0.0
rajasthan,17,web,3g,High (2K-10K),1,0,0.0,0.0
rajasthan,17,web,4g,Small (<500),22,0,0.0,0.0
rajasthan,17,web,4g,Medium (500-2K),14,0,0.0,0.0
rajasthan,17,web,4g,High (2K-10K),7,0,0.0,0.0
rajasthan,17,web,5g,Small (<500),4,0,0.0,0.0
rajasthan,17,web,5g,Medium (500-2K),6,0,0.0,0.0
rajasthan,17,web,5g,High (2K-10K),4,0,0.0,0.0
rajasthan,17,web,wifi,Small (<500),6,0,0.0,0.0
rajasthan,17,web,wifi,Medium (500-2K),3,0,0.0,0.0
rajasthan,17,web,wifi,High (2K-10K),2,0,0.0,0.0
rajasthan,18,android,3g,Small (<500),30,0,0.0,0.0
rajasthan,18,android,3g,Medium (500-2K),25,0,0.0,0.0
rajasthan,18,android,3g,High (2K-10K),13,0,0.0,0.0
rajasthan,18,android,3g,Very High (>10K),2,0,0.0,0.0
rajasthan,18,android,4g,Small (<500),283,0,0.0,0.0
rajasthan,18,android,4g,Medium (500-2K),270,1,0.3703703703703704,786.0
rajasthan,18,android,4g,High (2K-10K),127,0,0.0,0.0
rajasthan,18,android,4g,Very High (>10K),6,0,0.0,0.0
rajasthan,18,android,5g,Small (<500),126,0,0.0,0.0
rajasthan,18,android,5g,Medium (500-2K),119,0,0.0,0.0
rajasthan,18,android,5g,High (2K-10K),51,1,1.9607843137254901,2680.0
rajasthan,18,android,5g,Very High (>10K),3,0,0.0,0.0
rajasthan,18,android,wifi,Small (<500),56,0,0.0,0.0
rajasthan,18,android,wifi,Medium (500-2K),49,0,0.0,0.0
rajasthan,18,android,wifi,High (2K-10K),22,0,0.0,0.0
rajasthan,18,android,wifi,Very High (>10K),1,0,0.0,0.0
rajasthan,18,ios,3g,Small (<500),5,0,0.0,0.0
rajasthan,18,ios,3g,Medium (500-2K),6,0,0.0,0.0
rajasthan,18,ios,3g,High (2K-10K),4,0,0.0,0.0
rajasthan,18,ios,4g,Small (<500),92,1,1.0869565217391304,445.0
rajasthan,18,ios,4g,Medium (500-2K),66,0,0.0,0.0
rajasthan,18,ios,4g,High (2K-10K),35,0,0.0,0.0
rajasthan,18,ios,4g,Very High (>10K),1,0,0.0,0.0
rajasthan,18,ios,5g,Small (<500),28,0,0.0,0.0
rajasthan,18,ios,5g,Medium (500-2K),32,0,0.0,0.0
rajasthan,18,ios,5g,High (2K-10K),12,0,0.0,0.0
rajasthan,18,ios,wifi,Small (<500),10,0,0.0,0.0
rajasthan,18,ios,wifi,Medium (500-2K),14,0,0.0,0.0
rajasthan,18,ios,wifi,High (2K-10K),4,0,0.0,0.0
rajasthan,18,web,3g,Small (<500),3,0,0.0,0.0
rajasthan,18,web,3g,Medium (500-2K),1,0,0.0,0.0
rajasthan,18,web,4g,Small (<500),26,0,0.0,0.0
rajasthan,18,web,4g,Medium (500-2K),19,0,0.0,0.0
rajasthan,18,web,4g,High (2K-10K),8,0,0.0,0.0
rajasthan,18,web,5g,Small (<500),15,0,0.0,0.0
rajasthan,18,web,5g,Medium (500-2K),11,0,0.0,0.0
rajasthan,18,web,5g,High (2K-10K),5,0,0.0,0.0
rajasthan,18,web,wifi,Small (<500),4,0,0.0,0.0
rajasthan,18,web,wifi,Medium (500-2K),2,0,0.0,0.0
rajasthan,18,web,wifi,High (2K-10K),2,0,0.0,0.0
rajasthan,19,android,3g,Small (<500),26,0,0.0,0.0
rajasthan,19,android,3g,Medium (500-2K),17,0,0.0,0.0
rajasthan,19,android,3g,High (2K-10K),20,0,0.0,0.0
rajasthan,19,android,3g,Very High (>10K),1,0,0.0,0.0
rajasthan,19,android,4g,Small (<500),317,0,0.0,0.0
rajasthan,19,android,4g,Medium (500-2K),317,1,0.31545741324921134,1443.0
rajasthan,19,android,4g,High (2K-10K),144,0,0.0,0.0
rajasthan,19,android,4g,Very High (>10K),6,0,0.0,0.0
rajasthan,19,android,5g,Small (<500),128,1,0.78125,159.0
rajasthan,19,android,5g,Medium (500-2K),125,0,0.0,0.0
rajasthan,19,android,5g,High (2K-10K),61,0,0.0,0.0
rajasthan,19,android,5g,Very High (>10K),5,0,0.0,0.0
rajasthan,19,android,wifi,Small (<500),45,0,0.0,0.0
rajasthan,19,android,wifi,Medium (500-2K),50,0,0.0,0.0
rajasthan,19,android,wifi,High (2K-10K),31,0,0.0,0.0
rajasthan,19,android,wifi,Very High (>10K),2,0,0.0,0.0
rajasthan,19,ios,3g,Small (<500),4,0,0.0,0.0
rajasthan,19,ios,3g,Medium (500-2K),2,0,0.0,0.0
rajasthan,19,ios,3g,High (2K-10K),2,0,0.0,0.0
rajasthan,19,ios,4g,Small (<500),92,0,0.0,0.0
rajasthan,19,ios,4g,Medium (500-2K),75,0,0.0,0.0
rajasthan,19,ios,4g,High (2K-10K),41,0,0.0,0.0
rajasthan,19,ios,5g,Small (<500),43,0,0.0,0.0
rajasthan,19,ios,5g,Medium (500-2K),23,0,0.0,0.0
rajasthan,19,ios,5g,High (2K-10K),17,0,0.0,0.0
rajasthan,19,ios,5g,Very High (>10K),1,0,0.0,0.0
rajasthan,19,ios,wifi,Small (<500),11,0,0.0,0.0
rajasthan,19,ios,wifi,Medium (500-2K),10,0,0.0,0.0
rajasthan,19,ios,wifi,High (2K-10K),6,0,0.0,0.0
rajasthan,19,web,3g,Medium (500-2K),4,0,0.0,0.0
rajasthan,19,web,3g,High (2K-10K),1,0,0.0,0.0
rajasthan,19,web,4g,Small (<500),24,0,0.0,0.0
rajasthan,19,web,4g,Medium (500-2K),20,1,5.0,1323.0
rajasthan,19,web,4g,High (2K-10K),8,0,0.0,0.0
rajasthan,19,web,5g,Small (<500),8,0,0.0,0.0
rajasthan,19,web,5g,Medium (500-2K),5,0,0.0,0.0
rajasthan,19,web,5g,High (2K-10K),5,0,0.0,0.0
rajasthan,19,web,5g,Very High (>10K),1,0,0.0,0.0
rajasthan,19,web,wifi,Small (<500),2,0,0.0,0.0
rajasthan,19,web,wifi,Medium (500-2K),2,0,0.0,0.0
rajasthan,20,android,3g,Small (<500),19,0,0.0,0.0
rajasthan,20,android,3g,Medium (500-2K),24,0,0.0,0.0
rajasthan,20,android,3g,High (2K-10K),12,0,0.0,0.0
rajasthan,20,android,3g,Very High (>10K),1,0,0.0,0.0
rajasthan,20,android,4g,Small (<500),303,0,0.0,0.0
rajasthan,20,android,4g,Medium (500-2K),224,3,1.3392857142857142,1290.0
rajasthan,20,android,4g,High (2K-10K),119,0,0.0,0.0
rajasthan,20,android,4g,Very High (>10K),4,0,0.0,0.0
rajasthan,20,android,5g,Small (<500),135,0,0.0,0.0
rajasthan,20,android,5g,Medium (500-2K),96,1,1.0416666666666665,547.0
rajasthan,20,android,5g,High (2K-10K),49,0,0.0,0.0
rajasthan,20,android,5g,Very High (>10K),1,0,0.0,0.0
rajasthan,20,android,wifi,Small (<500),37,0,0.0,0.0
rajasthan,20,android,wifi,Medium (500-2K),44,0,0.0,0.0
rajasthan,20,android,wifi,High (2K-10K),20,1,5.0,3124.0
rajasthan,20,android,wifi,Very High (>10K),2,0,0.0,0.0
rajasthan,20,ios,3g,Small (<500),10,0,0.0,0.0
rajasthan,20,ios,3g,Medium (500-2K),7,1,14.285714285714285,1221.0
rajasthan,20,ios,3g,High (2K-10K),2,0,0.0,0.0
rajasthan,20,ios,3g,Very High (>10K),1,0,0.0,0.0
rajasthan,20,ios,4g,Small (<500),59,0,0.0,0.0
rajasthan,20,ios,4g,Medium (500-2K),70,0,0.0,0.0
rajasthan,20,ios,4g,High (2K-10K),36,0,0.0,0.0
rajasthan,20,ios,4g,Very High (>10K),1,0,0.0,0.0
rajasthan,20,ios,5g,Small (<500),36,0,0.0,0.0
rajasthan,20,ios,5g,Medium (500-2K),33,0,0.0,0.0
rajasthan,20,ios,5g,High (2K-10K),19,1,5.263157894736842,2579.0
rajasthan,20,ios,wifi,Small (<500),8,0,0.0,0.0
rajasthan,20,ios,wifi,Medium (500-2K),7,0,0.0,0.0
rajasthan,20,ios,wifi,High (2K-10K),5,0,0.0,0.0
rajasthan,20,web,3g,Medium (500-2K),3,0,0.0,0.0
rajasthan,20,web,3g,High (2K-10K),1,0,0.0,0.0
rajasthan,20,web,4g,Small (<500),19,0,0.0,0.0
rajasthan,20,web,4g,Medium (500-2K),14,0,0.0,0.0
rajasthan,20,web,4g,High (2K-10K),10,0,0.0,0.0
rajasthan,20,web,5g,Small (<500),7,0,0.0,0.0
rajasthan,20,web,5g,Medium (500-2K),6,0,0.0,0.0
rajasthan,20,web,5g,High (2K-10K),5,0,0.0,0.0
rajasthan,20,web,wifi,Small (<500),2,0,0.0,0.0
rajasthan,20,web,wifi,Medium (500-2K),10,0,0.0,0.0
rajasthan,20,web,wifi,High (2K-10K),1,0,0.0,0.0
rajasthan,20,web,wifi,Very High (>10K),1,0,0.0,0.0
rajasthan,21,android,3g,Small (<500),25,0,0.0,0.0
rajasthan,21,android,3g,Medium (500-2K),15,0,0.0,0.0
rajasthan,21,android,3g,High (2K-10K),10,0,0.0,0.0
rajasthan,21,android,3g,Very High (>10K),1,0,0.0,0.0
rajasthan,21,android,4g,Small (<500),260,0,0.0,0.0
rajasthan,21,android,4g,Medium (500-2K),212,0,0.0,0.0
rajasthan,21,android,4g,High (2K-10K),115,0,0.0,0.0
rajasthan,21,android,4g,Very High (>10K),6,0,0.0,0.0
rajasthan,21,android,5g,Small (<500),100,0,0.0,0.0
rajasthan,21,android,5g,Medium (500-2K),102,0,0.0,0.0
rajasthan,21,android,5g,High (2K-10K),58,1,1.7241379310344827,2057.0
rajasthan,21,android,5g,Very High (>10K),3,0,0.0,0.0
rajasthan,21,android,wifi,Small (<500),48,1,2.083333333333333,93.0
rajasthan,21,android,wifi,Medium (500-2K),33,0,0.0,0.0
rajasthan,21,android,wifi,High (2K-10K),19,0,0.0,0.0
rajasthan,21,android,wifi,Very High (>10K),1,0,0.0,0.0
rajasthan,21,ios,3g,Small (<500),6,0,0.0,0.0
rajasthan,21,ios,3g,Medium (500-2K),3,0,0.0,0.0
rajasthan,21,ios,3g,High (2K-10K),1,0,0.0,0.0
rajasthan,21,ios,3g,Very High (>10K),1,0,0.0,0.0
rajasthan,21,ios,4g,Small (<500),75,0,0.0,0.0
rajasthan,21,ios,4g,Medium (500-2K),52,0,0.0,0.0
rajasthan,21,ios,4g,High (2K-10K),27,0,0.0,0.0
rajasthan,21,ios,4g,Very High (>10K),1,0,0.0,0.0
rajasthan,21,ios,5g,Small (<500),30,0,0.0,0.0
rajasthan,21,ios,5g,Medium (500-2K),28,0,0.0,0.0
rajasthan,21,ios,5g,High (2K-10K),11,0,0.0,0.0
rajasthan,21,ios,wifi,Small (<500),10,0,0.0,0.0
rajasthan,21,ios,wifi,Medium (500-2K),9,0,0.0,0.0
rajasthan,21,ios,wifi,High (2K-10K),7,0,0.0,0.0
rajasthan,21,web,3g,Medium (500-2K),4,0,0.0,0.0
rajasthan,21,web,4g,Small (<500),17,0,0.0,0.0
rajasthan,21,web,4g,Medium (500-2K),17,0,0.0,0.0
rajasthan,21,web,4g,High (2K-10K),9,0,0.0,0.0
rajasthan,21,web,4g,Very High (>10K),1,0,0.0,0.0
rajasthan,21,web,5g,Small (<500),9,0,0.0,0.0
rajasthan,21,web,5g,Medium (500-2K),7,0,0.0,0.0
rajasthan,21,web,5g,High (2K-10K),9,0,0.0,0.0
rajasthan,21,web,5g,Very High (>10K),1,0,0.0,0.0
rajasthan,21,web,wifi,Small (<500),3,0,0.0,0.0
rajasthan,21,web,wifi,Medium (500-2K),4,0,0.0,0.0
rajasthan,22,android,3g,Small (<500),15,0,0.0,0.0
rajasthan,22,android,3g,Medium (500-2K),12,0,0.0,0.0
rajasthan,22,android,3g,High (2K-10K),7,0,0.0,0.0
rajasthan,22,android,3g,Very High (>10K),1,0,0.0,0.0
rajasthan,22,android,4g,Small (<500),135,1,0.7407407407407408,110.0
rajasthan,22,android,4g,Medium (500-2K),136,2,1.4705882352941175,902.5
rajasthan,22,android,4g,High (2K-10K),56,0,0.0,0.0
rajasthan,22,android,5g,Small (<500),62,0,0.0,0.0
rajasthan,22,android,5g,Medium (500-2K),51,0,0.0,0.0
rajasthan,22,android,5g,High (2K-10K),44,0,0.0,0.0
rajasthan,22,android,5g,Very High (>10K),2,0,0.0,0.0
rajasthan,22,android,wifi,Small (<500),27,0,0.0,0.0
rajasthan,22,android,wifi,Medium (500-2K),23,0,0.0,0.0
rajasthan,22,android,wifi,High (2K-10K),13,0,0.0,0.0
rajasthan,22,android,wifi,Very High (>10K),1,0,0.0,0.0
rajasthan,22,ios,3g,Medium (500-2K),2,0,0.0,0.0
rajasthan,22,ios,3g,High (2K-10K),1,0,0.0,0.0
rajasthan,22,ios,4g,Small (<500),38,0,0.0,0.0
rajasthan,22,ios,4g,Medium (500-2K),33,0,0.0,0.0
rajasthan,22,ios,4g,High (2K-10K),11,0,0.0,0.0
rajasthan,22,ios,4g,Very High (>10K),1,0,0.0,0.0
rajasthan,22,ios,5g,Small (<500),10,0,0.0,0.0
rajasthan,22,ios,5g,Medium (500-2K),12,0,0.0,0.0
rajasthan,22,ios,5g,High (2K-10K),6,0,0.0,0.0
rajasthan,22,ios,wifi,Small (<500),12,0,0.0,0.0
rajasthan,22,ios,wifi,Medium (500-2K),1,0,0.0,0.0
rajasthan,22,ios,wifi,High (2K-10K),1,0,0.0,0.0
rajasthan,22,web,3g,Medium (500-2K),2,0,0.0,0.0
rajasthan,22,web,3g,High (2K-10K),1,0,0.0,0.0
rajasthan,22,web,4g,Small (<500),10,0,0.0,0.0
rajasthan,22,web,4g,Medium (500-2K),6,0,0.0,0.0
rajasthan,22,web,4g,High (2K-10K),2,0,0.0,0.0
rajasthan,22,web,5g,Small (<500),6,0,0.0,0.0
rajasthan,22,web,5g,Medium (500-2K),1,0,0.0,0.0
rajasthan,22,web,5g,High (2K-10K),1,0,0.0,0.0
rajasthan,22,web,wifi,Small (<500),1,0,0.0,0.0
rajasthan,22,web,wifi,Medium (500-2K),2,0,0.0,0.0
rajasthan,22,web,wifi,High (2K-10K),1,0,0.0,0.0
rajasthan,23,android,3g,Small (<500),5,0,0.0,0.0
rajasthan,23,android,3g,Medium (500-2K),8,0,0.0,0.0
rajasthan,23,android,3g,High (2K-10K),1,0,0.0,0.0
rajasthan,23,android,4g,Small (<500),82,0,0.0,0.0
rajasthan,23,android,4g,Medium (500-2K),83,0,0.0,0.0
rajasthan,23,android,4g,High (2K-10K),40,0,0.0,0.0
rajasthan,23,android,4g,Very High (>10K),2,0,0.0,0.0
rajasthan,23,android,5g,Small (<500),32,0,0.0,0.0
rajasthan,23,android,5g,Medium (500-2K),40,0,0.0,0.0
rajasthan,23,android,5g,High (2K-10K),9,0,0.0,0.0
rajasthan,23,android,5g,Very High (>10K),2,1,50.0,12071.0
rajasthan,23,android,wifi,Small (<500),16,0,0.0,0.0
rajasthan,23,android,wifi,Medium (500-2K),9,0,0.0,0.0
rajasthan,23,android,wifi,High (2K-10K),11,0,0.0,0.0
rajasthan,23,android,wifi,Very High (>10K),2,0,0.0,0.0
rajasthan,23,ios,3g,Small (<500),4,0,0.0,0.0
rajasthan,23,ios,3g,Medium (500-2K),2,0,0.0,0.0
rajasthan,23,ios,3g,High (2K-10K),1,0,0.0,0.0
rajasthan,23,ios,4g,Small (<500),26,0,0.0,0.0
rajasthan,23,ios,4g,Medium (500-2K),32,1,3.125,529.0
rajasthan,23,ios,4g,High (2K-10K),13,0,0.0,0.0
rajasthan,23,ios,4g,Very High (>10K),1,0,0.0,0.0
rajasthan,23,ios,5g,Small (<500),6,0,0.0,0.0
rajasthan,23,ios,5g,Medium (500-2K),11,0,0.0,0.0
rajasthan,23,ios,5g,High (2K-10K),2,0,0.0,0.0
rajasthan,23,ios,wifi,Small (<500),6,0,0.0,0.0
rajasthan,23,ios,wifi,Medium (500-2K),3,0,0.0,0.0
rajasthan,23,ios,wifi,High (2K-10K),1,0,0.0,0.0
rajasthan,23,web,3g,Small (<500),1,0,0.0,0.0
rajasthan,23,web,4g,Small (<500),2,0,0.0,0.0
rajasthan,23,web,4g,Medium (500-2K),5,0,0.0,0.0
rajasthan,23,web,4g,High (2K-10K),5,0,0.0,0.0
rajasthan,23,web,4g,Very High (>10K),1,0,0.0,0.0
rajasthan,23,web,5g,Small (<500),2,0,0.0,0.0
rajasthan,23,web,5g,Medium (500-2K),2,0,0.0,0.0
rajasthan,23,web,5g,High (2K-10K),2,0,0.0,0.0
rajasthan,23,web,wifi,Small (<500),1,0,0.0,0.0
rajasthan,23,web,wifi,Medium (500-2K),1,0,0.0,0.0
tamil nadu,0,android,3g,Small (<500),6,0,0.0,0.0
tamil nadu,0,android,3g,Medium (500-2K),9,0,0.0,0.0
tamil nadu,0,android,3g,High (2K-10K),4,0,0.0,0.0
tamil nadu,0,android,4g,Small (<500),57,0,0.0,0.0
tamil nadu,0,android,4g,Medium (500-2K),39,0,0.0,0.0
tamil nadu,0,android,4g,High (2K-10K),22,0,0.0,0.0
tamil nadu,0,android,5g,Small (<500),34,0,0.0,0.0
tamil nadu,0,android,5g,Medium (500-2K),20,0,0.0,0.0
tamil nadu,0,android,5g,High (2K-10K),14,0,0.0,0.0
tamil nadu,0,android,wifi,Small (<500),11,0,0.0,0.0
tamil nadu,0,android,wifi,Medium (500-2K),6,0,0.0,0.0
tamil nadu,0,android,wifi,High (2K-10K),10,0,0.0,0.0
tamil nadu,0,ios,3g,Small (<500),5,0,0.0,0.0
tamil nadu,0,ios,3g,Medium (500-2K),1,0,0.0,0.0
tamil nadu,0,ios,4g,Small (<500),23,0,0.0,0.0
tamil nadu,0,ios,4g,Medium (500-2K),14,0,0.0,0.0
tamil nadu,0,ios,4g,High (2K-10K),7,0,0.0,0.0
tamil nadu,0,ios,5g,Small (<500),5,0,0.0,0.0
tamil nadu,0,ios,5g,Medium (500-2K),8,0,0.0,0.0
tamil nadu,0,ios,5g,High (2K-10K),1,0,0.0,0.0
tamil nadu,0,ios,wifi,Small (<500),3,0,0.0,0.0
tamil nadu,0,ios,wifi,Medium (500-2K),4,0,0.0,0.0
tamil nadu,0,ios,wifi,High (2K-10K),2,0,0.0,0.0
tamil nadu,0,ios,wifi,Very High (>10K),1,0,0.0,0.0
tamil nadu,0,web,4g,Small (<500),4,0,0.0,0.0
tamil nadu,0,web,4g,Medium (500-2K),4,0,0.0,0.0
tamil nadu,0,web,4g,High (2K-10K),1,0,0.0,0.0
tamil nadu,0,web,5g,Small (<500),2,0,0.0,0.0
tamil nadu,0,web,5g,Medium (500-2K),2,0,0.0,0.0
tamil nadu,0,web,5g,High (2K-10K),2,0,0.0,0.0
tamil nadu,0,web,wifi,Medium (500-2K),2,0,0.0,0.0
tamil nadu,1,android,3g,Small (<500),3,0,0.0,0.0
tamil nadu,1,android,3g,Medium (500-2K),6,0,0.0,0.0
tamil nadu,1,android,3g,High (2K-10K),3,0,0.0,0.0
tamil nadu,1,android,4g,Small (<500),39,0,0.0,0.0
tamil nadu,1,android,4g,Medium (500-2K),44,0,0.0,0.0
tamil nadu,1,android,4g,High (2K-10K),20,0,0.0,0.0
tamil nadu,1,android,4g,Very High (>10K),1,0,0.0,0.0
tamil nadu,1,android,5g,Small (<500),23,0,0.0,0.0
tamil nadu,1,android,5g,Medium (500-2K),29,0,0.0,0.0
tamil nadu,1,android,5g,High (2K-10K),8,0,0.0,0.0
tamil nadu,1,android,5g,Very High (>10K),2,0,0.0,0.0
tamil nadu,1,android,wifi,Small (<500),11,0,0.0,0.0
tamil nadu,1,android,wifi,Medium (500-2K),5,0,0.0,0.0
tamil nadu,1,android,wifi,High (2K-10K),1,0,0.0,0.0
tamil nadu,1,ios,3g,Small (<500),3,0,0.0,0.0
tamil nadu,1,ios,4g,Small (<500),5,0,0.0,0.0
tamil nadu,1,ios,4g,Medium (500-2K),8,0,0.0,0.0
tamil nadu,1,ios,4g,High (2K-10K),3,1,33.33333333333333,3572.0
tamil nadu,1,ios,5g,Small (<500),8,0,0.0,0.0
tamil nadu,1,ios,5g,Medium (500-2K),4,0,0.0,0.0
tamil nadu,1,ios,5g,High (2K-10K),1,0,0.0,0.0
tamil nadu,1,ios,5g,Very High (>10K),1,0,0.0,0.0
tamil nadu,1,ios,wifi,Small (<500),2,0,0.0,0.0
tamil nadu,1,ios,wifi,Medium (500-2K),1,0,0.0,0.0
tamil nadu,1,ios,wifi,High (2K-10K),3,0,0.0,0.0
tamil nadu,1,web,4g,Small (<500),7,0,0.0,0.0
tamil nadu,1,web,4g,Medium (500-2K),3,0,0.0,0.0
tamil nadu,1,web,4g,High (2K-10K),1,0,0.0,0.0
tamil nadu,1,web,5g,Medium (500-2K),5,0,0.0,0.0
tamil nadu,1,web,wifi,Medium (500-2K),1,0,0.0,0.0
tamil nadu,2,android,3g,Small (<500),2,0,0.0,0.0
tamil nadu,2,android,3g,High (2K-10K),2,0,0.0,0.0
tamil nadu,2,android,4g,Small (<500),39,0,0.0,0.0
tamil nadu,2,android,4g,Medium (500-2K),24,0,0.0,0.0
tamil nadu,2,android,4g,High (2K-10K),18,0,0.0,0.0
tamil nadu,2,android,5g,Small (<500),12,0,0.0,0.0
tamil nadu,2,android,5g,Medium (500-2K),14,0,0.0,0.0
tamil nadu,2,android,5g,High (2K-10K),8,0,0.0,0.0
tamil nadu,2,android,wifi,Small (<500),5,0,0.0,0.0
tamil nadu,2,android,wifi,Medium (500-2K),7,0,0.0,0.0
tamil nadu,2,android,wifi,High (2K-10K),2,0,0.0,0.0
tamil nadu,2,ios,3g,Small (<500),1,0,0.0,0.0
tamil nadu,2,ios,3g,Medium (500-2K),2,0,0.0,0.0
tamil nadu,2,ios,4g,Small (<500),14,0,0.0,0.0
tamil nadu,2,ios,4g,Medium (500-2K),7,0,0.0,0.0
tamil nadu,2,ios,4g,High (2K-10K),2,0,0.0,0.0
tamil nadu,2,ios,5g,Small (<500),3,0,0.0,0.0
tamil nadu,2,ios,5g,Medium (500-2K),1,0,0.0,0.0
tamil nadu,2,ios,5g,High (2K-10K),2,0,0.0,0.0
tamil nadu,2,ios,wifi,Small (<500),1,0,0.0,0.0
tamil nadu,2,ios,wifi,Medium (500-2K),2,0,0.0,0.0
tamil nadu,2,web,4g,Small (<500),2,0,0.0,0.0
tamil nadu,2,web,4g,Medium (500-2K),2,0,0.0,0.0
tamil nadu,2,web,4g,High (2K-10K),1,0,0.0,0.0
tamil nadu,2,web,5g,Small (<500),1,0,0.0,0.0
tamil nadu,2,web,wifi,Small (<500),1,0,0.0,0.0
tamil nadu,2,web,wifi,Medium (500-2K),1,0,0.0,0.0
tamil nadu,3,android,3g,Small (<500),4,0,0.0,0.0
tamil nadu,3,android,3g,Medium (500-2K),1,0,0.0,0.0
tamil nadu,3,android,4g,Small (<500),26,0,0.0,0.0
tamil nadu,3,android,4g,Medium (500-2K),23,0,0.0,0.0
tamil nadu,3,android,4g,High (2K-10K),12,0,0.0,0.0
tamil nadu,3,android,4g,Very High (>10K),1,0,0.0,0.0
tamil nadu,3,android,5g,Small (<500),9,0,0.0,0.0
tamil nadu,3,android,5g,Medium (500-2K),7,0,0.0,0.0
tamil nadu,3,android,5g,High (2K-10K),5,0,0.0,0.0
tamil nadu,3,android,wifi,Medium (500-2K),1,0,0.0,0.0
tamil nadu,3,android,wifi,High (2K-10K),1,0,0.0,0.0
tamil nadu,3,ios,3g,Medium (500-2K),1,0,0.0,0.0
tamil nadu,3,ios,4g,Small (<500),5,0,0.0,0.0
tamil nadu,3,ios,4g,Medium (500-2K),9,0,0.0,0.0
tamil nadu,3,ios,4g,High (2K-10K),1,0,0.0,0.0
tamil nadu,3,ios,4g,Very High (>10K),1,0,0.0,0.0
tamil nadu,3,ios,5g,Medium (500-2K),4,0,0.0,0.0
tamil nadu,3,ios,5g,High (2K-10K),1,0,0.0,0.0
tamil nadu,3,ios,wifi,Small (<500),1,0,0.0,0.0
tamil nadu,3,ios,wifi,Medium (500-2K),4,0,0.0,0.0
tamil nadu,3,web,4g,Small (<500),1,0,0.0,0.0
tamil nadu,3,web,4g,Medium (500-2K),2,0,0.0,0.0
tamil nadu,3,web,5g,Small (<500),1,0,0.0,0.0
tamil nadu,3,web,5g,Medium (500-2K),1,0,0.0,0.0
tamil nadu,3,web,5g,High (2K-10K),2,0,0.0,0.0
tamil nadu,3,web,wifi,Medium (500-2K),1,0,0.0,0.0
tamil nadu,4,android,3g,Small (<500),3,0,0.0,0.0
tamil nadu,4,android,3g,Medium (500-2K),3,0,0.0,0.0
tamil nadu,4,android,3g,High (2K-10K),1,0,0.0,0.0
tamil nadu,4,android,4g,Small (<500),33,0,0.0,0.0
tamil nadu,4,android,4g,Medium (500-2K),22,0,0.0,0.0
tamil nadu,4,android,4g,High (2K-10K),9,0,0.0,0.0
tamil nadu,4,android,4g,Very High (>10K),1,0,0.0,0.0
tamil nadu,4,android,5g,Small (<500),9,0,0.0,0.0
tamil nadu,4,android,5g,Medium (500-2K),11,0,0.0,0.0
tamil nadu,4,android,5g,High (2K-10K),4,0,0.0,0.0
tamil nadu,4,android,wifi,Small (<500),6,0,0.0,0.0
tamil nadu,4,android,wifi,Medium (500-2K),1,0,0.0,0.0
tamil nadu,4,android,wifi,High (2K-10K),1,0,0.0,0.0
tamil nadu,4,ios,3g,Small (<500),1,0,0.0,0.0
tamil nadu,4,ios,3g,Medium (500-2K),1,0,0.0,0.0
tamil nadu,4,ios,4g,Small (<500),10,0,0.0,0.0
tamil nadu,4,ios,4g,Medium (500-2K),8,0,0.0,0.0
tamil nadu,4,ios,4g,High (2K-10K),5,0,0.0,0.0
tamil nadu,4,ios,5g,Small (<500),3,0,0.0,0.0
tamil nadu,4,ios,5g,Medium (500-2K),1,0,0.0,0.0
tamil nadu,4,ios,5g,High (2K-10K),1,0,0.0,0.0
tamil nadu,4,web,4g,Small (<500),1,0,0.0,0.0
tamil nadu,4,web,4g,High (2K-10K),1,0,0.0,0.0
tamil nadu,4,web,wifi,Small (<500),1,0,0.0,0.0
tamil nadu,5,android,3g,Small (<500),1,0,0.0,0.0
tamil nadu,5,android,3g,Medium (500-2K),3,0,0.0,0.0
tamil nadu,5,android,3g,High (2K-10K),1,0,0.0,0.0
tamil nadu,5,android,4g,Small (<500),31,0,0.0,0.0
tamil nadu,5,android,4g,Medium (500-2K),34,0,0.0,0.0
tamil nadu,5,android,4g,High (2K-10K),14,0,0.0,0.0
tamil nadu,5,android,5g,Small (<500),11,0,0.0,0.0
tamil nadu,5,android,5g,Medium (500-2K),14,0,0.0,0.0
tamil nadu,5,android,5g,High (2K-10K),7,0,0.0,0.0
tamil nadu,5,android,wifi,Small (<500),6,0,0.0,0.0
tamil nadu,5,android,wifi,Medium (500-2K),4,0,0.0,0.0
tamil nadu,5,android,wifi,High (2K-10K),2,0,0.0,0.0
tamil nadu,5,ios,4g,Small (<500),8,0,0.0,0.0
tamil nadu,5,ios,4g,Medium (500-2K),6,0,0.0,0.0
tamil nadu,5,ios,4g,High (2K-10K),4,0,0.0,0.0
tamil nadu,5,ios,5g,Small (<500),3,0,0.0,0.0
tamil nadu,5,ios,5g,Medium (500-2K),5,0,0.0,0.0
tamil nadu,5,ios,wifi,Medium (500-2K),2,0,0.0,0.0
tamil nadu,5,ios,wifi,High (2K-10K),1,0,0.0,0.0
tamil nadu,5,web,3g,Small (<500),1,0,0.0,0.0
tamil nadu,5,web,4g,Small (<500),5,0,0.0,0.0
tamil nadu,5,web,4g,High (2K-10K),2,0,0.0,0.0
tamil nadu,5,web,5g,Small (<500),1,0,0.0,0.0
tamil nadu,5,web,wifi,Small (<500),1,0,0.0,0.0
tamil nadu,6,android,3g,Small (<500),6,0,0.0,0.0
tamil nadu,6,android,3g,Medium (500-2K),3,0,0.0,0.0
tamil nadu,6,android,3g,High (2K-10K),5,0,0.0,0.0
tamil nadu,6,android,3g,Very High (>10K),1,0,0.0,0.0
tamil nadu,6,android,4g,Small (<500),88,0,0.0,0.0
tamil nadu,6,android,4g,Medium (500-2K),61,0,0.0,0.0
tamil nadu,6,android,4g,High (2K-10K),31,0,0.0,0.0
tamil nadu,6,android,5g,Small (<500),24,0,0.0,0.0
tamil nadu,6,android,5g,Medium (500-2K),24,0,0.0,0.0
tamil nadu,6,android,5g,High (2K-10K),13,0,0.0,0.0
tamil nadu,6,android,5g,Very High (>10K),1,0,0.0,0.0
tamil nadu,6,android,wifi,Small (<500),9,0,0.0,0.0
tamil nadu,6,android,wifi,Medium (500-2K),10,0,0.0,0.0
tamil nadu,6,android,wifi,High (2K-10K),5,0,0.0,0.0
tamil nadu,6,ios,3g,Small (<500),2,0,0.0,0.0
tamil nadu,6,ios,3g,Medium (500-2K),2,0,0.0,0.0
tamil nadu,6,ios,3g,High (2K-10K),1,0,0.0,0.0
tamil nadu,6,ios,4g,Small (<500),21,0,0.0,0.0
tamil nadu,6,ios,4g,Medium (500-2K),18,0,0.0,0.0
tamil nadu,6,ios,4g,High (2K-10K),9,0,0.0,0.0
tamil nadu,6,ios,4g,Very High (>10K),2,0,0.0,0.0
tamil nadu,6,ios,5g,Small (<500),11,0,0.0,0.0
tamil nadu,6,ios,5g,Medium (500-2K),4,0,0.0,0.0
tamil nadu,6,ios,5g,High (2K-10K),4,0,0.0,0.0
tamil nadu,6,ios,wifi,Small (<500),4,0,0.0,0.0
tamil nadu,6,ios,wifi,Medium (500-2K),2,0,0.0,0.0
tamil nadu,6,ios,wifi,High (2K-10K),2,0,0.0,0.0
tamil nadu,6,web,4g,Small (<500),6,0,0.0,0.0
tamil nadu,6,web,4g,Medium (500-2K),6,0,0.0,0.0
tamil nadu,6,web,4g,High (2K-10K),3,0,0.0,0.0
tamil nadu,6,web,5g,Medium (500-2K),4,0,0.0,0.0
tamil nadu,6,web,wifi,Small (<500),2,0,0.0,0.0
tamil nadu,6,web,wifi,Medium (500-2K),1,0,0.0,0.0
tamil nadu,7,android,3g,Small (<500),6,0,0.0,0.0
tamil nadu,7,android,3g,Medium (500-2K),7,0,0.0,0.0
tamil nadu,7,android,3g,High (2K-10K),2,0,0.0,0.0
tamil nadu,7,android,3g,Very High (>10K),1,0,0.0,0.0
tamil nadu,7,android,4g,Small (<500),104,0,0.0,0.0
tamil nadu,7,android,4g,Medium (500-2K),93,0,0.0,0.0
tamil nadu,7,android,4g,High (2K-10K),47,0,0.0,0.0
tamil nadu,7,android,4g,Very High (>10K),3,0,0.0,0.0
tamil nadu,7,android,5g,Small (<500),44,0,0.0,0.0
tamil nadu,7,android,5g,Medium (500-2K),44,0,0.0,0.0
tamil nadu,7,android,5g,High (2K-10K),22,0,0.0,0.0
tamil nadu,7,android,wifi,Small (<500),18,0,0.0,0.0
tamil nadu,7,android,wifi,Medium (500-2K),11,0,0.0,0.0
tamil nadu,7,android,wifi,High (2K-10K),9,0,0.0,0.0
tamil nadu,7,ios,3g,Small (<500),1,0,0.0,0.0
tamil nadu,7,ios,3g,High (2K-10K),1,0,0.0,0.0
tamil nadu,7,ios,4g,Small (<500),22,0,0.0,0.0
tamil nadu,7,ios,4g,Medium (500-2K),29,0,0.0,0.0
tamil nadu,7,ios,4g,High (2K-10K),8,0,0.0,0.0
tamil nadu,7,ios,4g,Very High (>10K),1,0,0.0,0.0
tamil nadu,7,ios,5g,Small (<500),8,0,0.0,0.0
tamil nadu,7,ios,5g,Medium (500-2K),14,0,0.0,0.0
tamil nadu,7,ios,5g,High (2K-10K),6,0,0.0,0.0
tamil nadu,7,ios,wifi,Small (<500),4,0,0.0,0.0
tamil nadu,7,ios,wifi,Medium (500-2K),4,0,0.0,0.0
tamil nadu,7,ios,wifi,High (2K-10K),5,0,0.0,0.0
tamil nadu,7,web,3g,Small (<500),2,0,0.0,0.0
tamil nadu,7,web,3g,Medium (500-2K),1,0,0.0,0.0
tamil nadu,7,web,4g,Small (<500),9,0,0.0,0.0
tamil nadu,7,web,4g,Medium (500-2K),9,0,0.0,0.0
tamil nadu,7,web,4g,High (2K-10K),8,0,0.0,0.0
tamil nadu,7,web,5g,Small (<500),6,0,0.0,0.0
tamil nadu,7,web,5g,Medium (500-2K),2,0,0.0,0.0
tamil nadu,7,web,wifi,Small (<500),1,0,0.0,0.0
tamil nadu,7,web,wifi,High (2K-10K),1,0,0.0,0.0
tamil nadu,8,android,3g,Small (<500),15,0,0.0,0.0
tamil nadu,8,android,3g,Medium (500-2K),14,0,0.0,0.0
tamil nadu,8,android,3g,High (2K-10K),7,0,0.0,0.0
tamil nadu,8,android,4g,Small (<500),145,0,0.0,0.0
tamil nadu,8,android,4g,Medium (500-2K),163,1,0.6134969325153374,1436.0
tamil nadu,8,android,4g,High (2K-10K),86,0,0.0,0.0
tamil nadu,8,android,4g,Very High (>10K),1,0,0.0,0.0
tamil nadu,8,android,5g,Small (<500),69,0,0.0,0.0
tamil nadu,8,android,5g,Medium (500-2K),61,0,0.0,0.0
tamil nadu,8,android,5g,High (2K-10K),35,0,0.0,0.0
tamil nadu,8,android,5g,Very High (>10K),1,0,0.0,0.0
tamil nadu,8,android,wifi,Small (<500),23,0,0.0,0.0
tamil nadu,8,android,wifi,Medium (500-2K),22,0,0.0,0.0
tamil nadu,8,android,wifi,High (2K-10K),13,0,0.0,0.0
tamil nadu,8,ios,3g,Small (<500),4,0,0.0,0.0
tamil nadu,8,ios,3g,Medium (500-2K),2,0,0.0,0.0
tamil nadu,8,ios,3g,High (2K-10K),1,0,0.0,0.0
tamil nadu,8,ios,4g,Small (<500),34,0,0.0,0.0
tamil nadu,8,ios,4g,Medium (500-2K),37,0,0.0,0.0
tamil nadu,8,ios,4g,High (2K-10K),25,0,0.0,0.0
tamil nadu,8,ios,5g,Small (<500),20,0,0.0,0.0
tamil nadu,8,ios,5g,Medium (500-2K),14,0,0.0,0.0
tamil nadu,8,ios,5g,High (2K-10K),12,0,0.0,0.0
tamil nadu,8,ios,5g,Very High (>10K),1,0,0.0,0.0
tamil nadu,8,ios,wifi,Small (<500),9,0,0.0,0.0
tamil nadu,8,ios,wifi,Medium (500-2K),4,0,0.0,0.0
tamil nadu,8,ios,wifi,High (2K-10K),3,0,0.0,0.0
tamil nadu,8,ios,wifi,Very High (>10K),1,0,0.0,0.0
tamil nadu,8,web,3g,Small (<500),2,0,0.0,0.0
tamil nadu,8,web,3g,Medium (500-2K),1,0,0.0,0.0
tamil nadu,8,web,4g,Small (<500),9,0,0.0,0.0
tamil nadu,8,web,4g,Medium (500-2K),5,0,0.0,0.0
tamil nadu,8,web,4g,High (2K-10K),4,0,0.0,0.0
tamil nadu,8,web,4g,Very High (>10K),1,0,0.0,0.0
tamil nadu,8,web,5g,Small (<500),6,0,0.0,0.0
tamil nadu,8,web,5g,Medium (500-2K),1,0,0.0,0.0
tamil nadu,8,web,5g,High (2K-10K),1,0,0.0,0.0
tamil nadu,8,web,wifi,Small (<500),3,0,0.0,0.0
tamil nadu,8,web,wifi,Medium (500-2K),1,0,0.0,0.0
tamil nadu,8,web,wifi,High (2K-10K),2,0,0.0,0.0
tamil nadu,9,android,3g,Small (<500),21,0,0.0,0.0
tamil nadu,9,android,3g,Medium (500-2K),17,0,0.0,0.0
tamil nadu,9,android,3g,High (2K-10K),9,0,0.0,0.0
tamil nadu,9,android,4g,Small (<500),213,1,0.4694835680751174,289.0
tamil nadu,9,android,4g,Medium (500-2K),187,2,1.06951871657754,1350.5
tamil nadu,9,android,4g,High (2K-10K),90,0,0.0,0.0
tamil nadu,9,android,4g,Very High (>10K),2,0,0.0,0.0
tamil nadu,9,android,5g,Small (<500),96,0,0.0,0.0
tamil nadu,9,android,5g,Medium (500-2K),71,0,0.0,0.0
tamil nadu,9,android,5g,High (2K-10K),45,0,0.0,0.0
tamil nadu,9,android,5g,Very High (>10K),1,0,0.0,0.0
tamil nadu,9,android,wifi,Small (<500),36,0,0.0,0.0
tamil nadu,9,android,wifi,Medium (500-2K),32,0,0.0,0.0
tamil nadu,9,android,wifi,High (2K-10K),15,0,0.0,0.0
tamil nadu,9,ios,3g,Small (<500),7,0,0.0,0.0
tamil nadu,9,ios,3g,Medium (500-2K),3,0,0.0,0.0
tamil nadu,9,ios,3g,High (2K-10K),3,0,0.0,0.0
tamil nadu,9,ios,4g,Small (<500),47,0,0.0,0.0
tamil nadu,9,ios,4g,Medium (500-2K),49,0,0.0,0.0
tamil nadu,9,ios,4g,High (2K-10K),24,0,0.0,0.0
tamil nadu,9,ios,4g,Very High (>10K),2,0,0.0,0.0
tamil nadu,9,ios,5g,Small (<500),22,0,0.0,0.0
tamil nadu,9,ios,5g,Medium (500-2K),18,0,0.0,0.0
tamil nadu,9,ios,5g,High (2K-10K),10,0,0.0,0.0
tamil nadu,9,ios,5g,Very High (>10K),1,0,0.0,0.0
tamil nadu,9,ios,wifi,Small (<500),10,0,0.0,0.0
tamil nadu,9,ios,wifi,Medium (500-2K),7,0,0.0,0.0
tamil nadu,9,ios,wifi,High (2K-10K),5,0,0.0,0.0
tamil nadu,9,ios,wifi,Very High (>10K),2,0,0.0,0.0
tamil nadu,9,web,3g,Small (<500),1,0,0.0,0.0
tamil nadu,9,web,3g,Very High (>10K),1,0,0.0,0.0
tamil nadu,9,web,4g,Small (<500),11,0,0.0,0.0
tamil nadu,9,web,4g,Medium (500-2K),12,0,0.0,0.0
tamil nadu,9,web,4g,High (2K-10K),7,0,0.0,0.0
tamil nadu,9,web,5g,Small (<500),7,0,0.0,0.0
tamil nadu,9,web,5g,Medium (500-2K),3,0,0.0,0.0
tamil nadu,9,web,5g,High (2K-10K),2,0,0.0,0.0
tamil nadu,9,web,wifi,Small (<500),1,0,0.0,0.0
tamil nadu,9,web,wifi,Medium (500-2K),2,0,0.0,0.0
tamil nadu,10,android,3g,Small (<500),27,0,0.0,0.0
tamil nadu,10,android,3g,Medium (500-2K),18,0,0.0,0.0
tamil nadu,10,android,3g,High (2K-10K),10,0,0.0,0.0
tamil nadu,10,android,4g,Small (<500),248,0,0.0,0.0
tamil nadu,10,android,4g,Medium (500-2K),253,0,0.0,0.0
tamil nadu,10,android,4g,High (2K-10K),112,0,0.0,0.0
tamil nadu,10,android,4g,Very High (>10K),7,0,0.0,0.0
tamil nadu,10,android,5g,Small (<500),110,0,0.0,0.0
tamil nadu,10,android,5g,Medium (500-2K),88,0,0.0,0.0
tamil nadu,10,android,5g,High (2K-10K),53,0,0.0,0.0
tamil nadu,10,android,5g,Very High (>10K),2,0,0.0,0.0
tamil nadu,10,android,wifi,Small (<500),39,0,0.0,0.0
tamil nadu,10,android,wifi,Medium (500-2K),37,0,0.0,0.0
tamil nadu,10,android,wifi,High (2K-10K),21,1,4.761904761904762,5128.0
tamil nadu,10,android,wifi,Very High (>10K),3,0,0.0,0.0
tamil nadu,10,ios,3g,Small (<500),7,0,0.0,0.0
tamil nadu,10,ios,3g,Medium (500-2K),3,0,0.0,0.0
tamil nadu,10,ios,3g,High (2K-10K),5,0,0.0,0.0
tamil nadu,10,ios,4g,Small (<500),62,0,0.0,0.0
tamil nadu,10,ios,4g,Medium (500-2K),59,0,0.0,0.0
tamil nadu,10,ios,4g,High (2K-10K),29,0,0.0,0.0
tamil nadu,10,ios,4g,Very High (>10K),2,0,0.0,0.0
tamil nadu,10,ios,5g,Small (<500),30,0,0.0,0.0
tamil nadu,10,ios,5g,Medium (500-2K),34,1,2.941176470588235,1547.0
tamil nadu,10,ios,5g,High (2K-10K),13,0,0.0,0.0
tamil nadu,10,ios,5g,Very High (>10K),1,0,0.0,0.0
tamil nadu,10,ios,wifi,Small (<500),9,0,0.0,0.0
tamil nadu,10,ios,wifi,Medium (500-2K),12,0,0.0,0.0
tamil nadu,10,ios,wifi,High (2K-10K),7,0,0.0,0.0
tamil nadu,10,web,3g,Small (<500),3,0,0.0,0.0
tamil nadu,10,web,3g,Medium (500-2K),2,0,0.0,0.0
tamil nadu,10,web,3g,High (2K-10K),2,0,0.0,0.0
tamil nadu,10,web,4g,Small (<500),22,0,0.0,0.0
tamil nadu,10,web,4g,Medium (500-2K),14,0,0.0,0.0
tamil nadu,10,web,4g,High (2K-10K),11,0,0.0,0.0
tamil nadu,10,web,5g,Small (<500),6,0,0.0,0.0
tamil nadu,10,web,5g,Medium (500-2K),8,0,0.0,0.0
tamil nadu,10,web,5g,High (2K-10K),3,0,0.0,0.0
tamil nadu,10,web,wifi,Small (<500),1,0,0.0,0.0
tamil nadu,10,web,wifi,Medium (500-2K),2,0,0.0,0.0
tamil nadu,11,android,3g,Small (<500),28,0,0.0,0.0
tamil nadu,11,android,3g,Medium (500-2K),22,1,4.545454545454546,1295.0
tamil nadu,11,android,3g,High (2K-10K),18,0,0.0,0.0
tamil nadu,11,android,4g,Small (<500),312,0,0.0,0.0
tamil nadu,11,android,4g,Medium (500-2K),250,1,0.4,583.0
tamil nadu,11,android,4g,High (2K-10K),141,1,0.7092198581560284,3416.0
tamil nadu,11,android,4g,Very High (>10K),7,0,0.0,0.0
tamil nadu,11,android,5g,Small (<500),134,0,0.0,0.0
tamil nadu,11,android,5g,Medium (500-2K),118,0,0.0,0.0
tamil nadu,11,android,5g,High (2K-10K),57,0,0.0,0.0
tamil nadu,11,android,5g,Very High (>10K),2,0,0.0,0.0
tamil nadu,11,android,wifi,Small (<500),53,1,1.8867924528301887,394.0
tamil nadu,11,android,wifi,Medium (500-2K),57,0,0.0,0.0
tamil nadu,11,android,wifi,High (2K-10K),33,0,0.0,0.0
tamil nadu,11,ios,3g,Small (<500),3,0,0.0,0.0
tamil nadu,11,ios,3g,Medium (500-2K),5,0,0.0,0.0
tamil nadu,11,ios,3g,High (2K-10K),7,0,0.0,0.0
tamil nadu,11,ios,4g,Small (<500),79,0,0.0,0.0
tamil nadu,11,ios,4g,Medium (500-2K),76,1,1.3157894736842104,644.0
tamil nadu,11,ios,4g,High (2K-10K),34,0,0.0,0.0
tamil nadu,11,ios,4g,Very High (>10K),2,0,0.0,0.0
tamil nadu,11,ios,5g,Small (<500),39,0,0.0,0.0
tamil nadu,11,ios,5g,Medium (500-2K),31,0,0.0,0.0
tamil nadu,11,ios,5g,High (2K-10K),13,0,0.0,0.0
tamil nadu,11,ios,wifi,Small (<500),15,0,0.0,0.0
tamil nadu,11,ios,wifi,Medium (500-2K),17,0,0.0,0.0
tamil nadu,11,ios,wifi,High (2K-10K),3,0,0.0,0.0
tamil nadu,11,ios,wifi,Very High (>10K),1,0,0.0,0.0
tamil nadu,11,web,3g,Small (<500),6,0,0.0,0.0
tamil nadu,11,web,3g,Medium (500-2K),2,0,0.0,0.0
tamil nadu,11,web,4g,Small (<500),22,0,0.0,0.0
tamil nadu,11,web,4g,Medium (500-2K),18,0,0.0,0.0
tamil nadu,11,web,4g,High (2K-10K),6,0,0.0,0.0
tamil nadu,11,web,5g,Small (<500),9,0,0.0,0.0
tamil nadu,11,web,5g,Medium (500-2K),9,0,0.0,0.0
tamil nadu,11,web,5g,High (2K-10K),5,0,0.0,0.0
tamil nadu,11,web,wifi,Small (<500),3,0,0.0,0.0
tamil nadu,11,web,wifi,Medium (500-2K),2,0,0.0,0.0
tamil nadu,11,web,wifi,High (2K-10K),1,0,0.0,0.0
tamil nadu,12,android,3g,Small (<500),26,0,0.0,0.0
tamil nadu,12,android,3g,Medium (500-2K),27,0,0.0,0.0
tamil nadu,12,android,3g,High (2K-10K),10,0,0.0,0.0
tamil nadu,12,android,4g,Small (<500),328,0,0.0,0.0
tamil nadu,12,android,4g,Medium (500-2K),315,1,0.31746031746031744,1267.0
tamil nadu,12,android,4g,High (2K-10K),145,0,0.0,0.0
tamil nadu,12,android,4g,Very High (>10K),7,0,0.0,0.0
tamil nadu,12,android,5g,Small (<500),138,0,0.0,0.0
tamil nadu,12,android,5g,Medium (500-2K),103,0,0.0,0.0
tamil nadu,12,android,5g,High (2K-10K),66,0,0.0,0.0
tamil nadu,12,android,5g,Very High (>10K),1,0,0.0,0.0
tamil nadu,12,android,wifi,Small (<500),57,0,0.0,0.0
tamil nadu,12,android,wifi,Medium (500-2K),53,0,0.0,0.0
tamil nadu,12,android,wifi,High (2K-10K),24,0,0.0,0.0
tamil nadu,12,android,wifi,Very High (>10K),1,0,0.0,0.0
tamil nadu,12,ios,3g,Small (<500),15,0,0.0,0.0
tamil nadu,12,ios,3g,Medium (500-2K),5,0,0.0,0.0
tamil nadu,12,ios,3g,High (2K-10K),3,0,0.0,0.0
tamil nadu,12,ios,4g,Small (<500),89,0,0.0,0.0
tamil nadu,12,ios,4g,Medium (500-2K),80,1,1.25,505.0
tamil nadu,12,ios,4g,High (2K-10K),39,0,0.0,0.0
tamil nadu,12,ios,4g,Very High (>10K),4,0,0.0,0.0
tamil nadu,12,ios,5g,Small (<500),31,0,0.0,0.0
tamil nadu,12,ios,5g,Medium (500-2K),29,0,0.0,0.0
tamil nadu,12,ios,5g,High (2K-10K),18,0,0.0,0.0
tamil nadu,12,ios,5g,Very High (>10K),1,0,0.0,0.0
tamil nadu,12,ios,wifi,Small (<500),13,0,0.0,0.0
tamil nadu,12,ios,wifi,Medium (500-2K),10,0,0.0,0.0
tamil nadu,12,ios,wifi,High (2K-10K),2,0,0.0,0.0
tamil nadu,12,web,3g,Medium (500-2K),2,0,0.0,0.0
tamil nadu,12,web,3g,High (2K-10K),1,0,0.0,0.0
tamil nadu,12,web,4g,Small (<500),22,0,0.0,0.0
tamil nadu,12,web,4g,Medium (500-2K),15,0,0.0,0.0
tamil nadu,12,web,4g,High (2K-10K),13,0,0.0,0.0
tamil nadu,12,web,4g,Very High (>10K),1,0,0.0,0.0
tamil nadu,12,web,5g,Small (<500),5,0,0.0,0.0
tamil nadu,12,web,5g,Medium (500-2K),12,0,0.0,0.0
tamil nadu,12,web,5g,High (2K-10K),3,0,0.0,0.0
tamil nadu,12,web,wifi,Small (<500),5,0,0.0,0.0
tamil nadu,12,web,wifi,Medium (500-2K),5,0,0.0,0.0
tamil nadu,12,web,wifi,High (2K-10K),4,0,0.0,0.0
tamil nadu,13,android,3g,Small (<500),25,0,0.0,0.0
tamil nadu,13,android,3g,Medium (500-2K),25,0,0.0,0.0
tamil nadu,13,android,3g,High (2K-10K),13,0,0.0,0.0
tamil nadu,13,android,4g,Small (<500),307,0,0.0,0.0
tamil nadu,13,android,4g,Medium (500-2K),224,0,0.0,0.0
tamil nadu,13,android,4g,High (2K-10K),123,0,0.0,0.0
tamil nadu,13,android,4g,Very High (>10K),3,0,0.0,0.0
tamil nadu,13,android,5g,Small (<500),129,1,0.7751937984496124,79.0
tamil nadu,13,android,5g,Medium (500-2K),96,0,0.0,0.0
tamil nadu,13,android,5g,High (2K-10K),65,1,1.5384615384615385,2654.0
tamil nadu,13,android,5g,Very High (>10K),3,0,0.0,0.0
tamil nadu,13,android,wifi,Small (<500),56,0,0.0,0.0
tamil nadu,13,android,wifi,Medium (500-2K),50,0,0.0,0.0
tamil nadu,13,android,wifi,High (2K-10K),22,0,0.0,0.0
tamil nadu,13,android,wifi,Very High (>10K),3,0,0.0,0.0
tamil nadu,13,ios,3g,Small (<500),5,0,0.0,0.0
tamil nadu,13,ios,3g,Medium (500-2K),4,0,0.0,0.0
tamil nadu,13,ios,3g,High (2K-10K),4,0,0.0,0.0
tamil nadu,13,ios,3g,Very High (>10K),1,0,0.0,0.0
tamil nadu,13,ios,4g,Small (<500),75,2,2.666666666666667,168.0
tamil nadu,13,ios,4g,Medium (500-2K),72,0,0.0,0.0
tamil nadu,13,ios,4g,High (2K-10K),45,0,0.0,0.0
tamil nadu,13,ios,4g,Very High (>10K),1,0,0.0,0.0
tamil nadu,13,ios,5g,Small (<500),32,0,0.0,0.0
tamil nadu,13,ios,5g,Medium (500-2K),33,0,0.0,0.0
tamil nadu,13,ios,5g,High (2K-10K),13,0,0.0,0.0
tamil nadu,13,ios,5g,Very High (>10K),1,0,0.0,0.0
tamil nadu,13,ios,wifi,Small (<500),15,0,0.0,0.0
tamil nadu,13,ios,wifi,Medium (500-2K),14,0,0.0,0.0
tamil nadu,13,ios,wifi,High (2K-10K),9,0,0.0,0.0
tamil nadu,13,web,3g,Small (<500),3,0,0.0,0.0
tamil nadu,13,web,4g,Small (<500),25,0,0.0,0.0
tamil nadu,13,web,4g,Medium (500-2K),15,0,0.0,0.0
tamil nadu,13,web,4g,High (2K-10K),7,0,0.0,0.0
tamil nadu,13,web,5g,Small (<500),7,0,0.0,0.0
tamil nadu,13,web,5g,Medium (500-2K),1,0,0.0,0.0
tamil nadu,13,web,5g,High (2K-10K),4,0,0.0,0.0
tamil nadu,13,web,wifi,Small (<500),4,0,0.0,0.0
tamil nadu,13,web,wifi,Medium (500-2K),2,0,0.0,0.0
tamil nadu,13,web,wifi,High (2K-10K),1,0,0.0,0.0
tamil nadu,14,android,3g,Small (<500),12,0,0.0,0.0
tamil nadu,14,android,3g,Medium (500-2K),14,0,0.0,0.0
tamil nadu,14,android,3g,High (2K-10K),8,0,0.0,0.0
tamil nadu,14,android,4g,Small (<500),232,1,0.43103448275862066,193.0
tamil nadu,14,android,4g,Medium (500-2K),178,0,0.0,0.0
tamil nadu,14,android,4g,High (2K-10K),93,0,0.0,0.0
tamil nadu,14,android,4g,Very High (>10K),1,0,0.0,0.0
tamil nadu,14,android,5g,Small (<500),93,0,0.0,0.0
tamil nadu,14,android,5g,Medium (500-2K),84,0,0.0,0.0
tamil nadu,14,android,5g,High (2K-10K),39,0,0.0,0.0
tamil nadu,14,android,5g,Very High (>10K),2,0,0.0,0.0
tamil nadu,14,android,wifi,Small (<500),38,0,0.0,0.0
tamil nadu,14,android,wifi,Medium (500-2K),33,0,0.0,0.0
tamil nadu,14,android,wifi,High (2K-10K),17,0,0.0,0.0
tamil nadu,14,android,wifi,Very High (>10K),1,0,0.0,0.0
tamil nadu,14,ios,3g,Small (<500),3,0,0.0,0.0
tamil nadu,14,ios,3g,Medium (500-2K),3,0,0.0,0.0
tamil nadu,14,ios,3g,High (2K-10K),4,0,0.0,0.0
tamil nadu,14,ios,4g,Small (<500),54,0,0.0,0.0
tamil nadu,14,ios,4g,Medium (500-2K),59,0,0.0,0.0
tamil nadu,14,ios,4g,High (2K-10K),27,0,0.0,0.0
tamil nadu,14,ios,4g,Very High (>10K),1,0,0.0,0.0
tamil nadu,14,ios,5g,Small (<500),26,0,0.0,0.0
tamil nadu,14,ios,5g,Medium (500-2K),28,0,0.0,0.0
tamil nadu,14,ios,5g,High (2K-10K),10,0,0.0,0.0
tamil nadu,14,ios,wifi,Small (<500),8,0,0.0,0.0
tamil nadu,14,ios,wifi,Medium (500-2K),6,0,0.0,0.0
tamil nadu,14,ios,wifi,High (2K-10K),4,0,0.0,0.0
tamil nadu,14,web,3g,Small (<500),1,0,0.0,0.0
tamil nadu,14,web,3g,Medium (500-2K),2,0,0.0,0.0
tamil nadu,14,web,4g,Small (<500),16,0,0.0,0.0
tamil nadu,14,web,4g,Medium (500-2K),16,0,0.0,0.0
tamil nadu,14,web,4g,High (2K-10K),3,0,0.0,0.0
tamil nadu,14,web,5g,Small (<500),3,0,0.0,0.0
tamil nadu,14,web,5g,Medium (500-2K),4,0,0.0,0.0
tamil nadu,14,web,wifi,Small (<500),3,0,0.0,0.0
tamil nadu,14,web,wifi,Medium (500-2K),3,0,0.0,0.0
tamil nadu,15,android,3g,Small (<500),14,0,0.0,0.0
tamil nadu,15,android,3g,Medium (500-2K),16,0,0.0,0.0
tamil nadu,15,android,3g,High (2K-10K),14,0,0.0,0.0
tamil nadu,15,android,4g,Small (<500),251,1,0.398406374501992,147.0
tamil nadu,15,android,4g,Medium (500-2K),217,0,0.0,0.0
tamil nadu,15,android,4g,High (2K-10K),116,0,0.0,0.0
tamil nadu,15,android,4g,Very High (>10K),4,0,0.0,0.0
tamil nadu,15,android,5g,Small (<500),96,0,0.0,0.0
tamil nadu,15,android,5g,Medium (500-2K),92,0,0.0,0.0
tamil nadu,15,android,5g,High (2K-10K),46,0,0.0,0.0
tamil nadu,15,android,5g,Very High (>10K),4,0,0.0,0.0
tamil nadu,15,android,wifi,Small (<500),35,0,0.0,0.0
tamil nadu,15,android,wifi,Medium (500-2K),34,0,0.0,0.0
tamil nadu,15,android,wifi,High (2K-10K),19,0,0.0,0.0
tamil nadu,15,android,wifi,Very High (>10K),2,0,0.0,0.0
tamil nadu,15,ios,3g,Small (<500),7,0,0.0,0.0
tamil nadu,15,ios,3g,Medium (500-2K),1,0,0.0,0.0
tamil nadu,15,ios,4g,Small (<500),52,0,0.0,0.0
tamil nadu,15,ios,4g,Medium (500-2K),72,0,0.0,0.0
tamil nadu,15,ios,4g,High (2K-10K),26,0,0.0,0.0
tamil nadu,15,ios,5g,Small (<500),19,0,0.0,0.0
tamil nadu,15,ios,5g,Medium (500-2K),24,0,0.0,0.0
tamil nadu,15,ios,5g,High (2K-10K),13,0,0.0,0.0
tamil nadu,15,ios,wifi,Small (<500),8,0,0.0,0.0
tamil nadu,15,ios,wifi,Medium (500-2K),7,0,0.0,0.0
tamil nadu,15,ios,wifi,High (2K-10K),7,0,0.0,0.0
tamil nadu,15,web,3g,Small (<500),1,0,0.0,0.0
tamil nadu,15,web,3g,Medium (500-2K),2,0,0.0,0.0
tamil nadu,15,web,3g,High (2K-10K),1,0,0.0,0.0
tamil nadu,15,web,4g,Small (<500),13,0,0.0,0.0
tamil nadu,15,web,4g,Medium (500-2K),17,0,0.0,0.0
tamil nadu,15,web,4g,High (2K-10K),9,0,0.0,0.0
tamil nadu,15,web,5g,Small (<500),2,0,0.0,0.0
tamil nadu,15,web,5g,Medium (500-2K),3,0,0.0,0.0
tamil nadu,15,web,5g,High (2K-10K),2,0,0.0,0.0
tamil nadu,15,web,wifi,Small (<500),1,0,0.0,0.0
tamil nadu,15,web,wifi,Medium (500-2K),1,0,0.0,0.0
tamil nadu,16,android,3g,Small (<500),31,1,3.225806451612903,134.0
tamil nadu,16,android,3g,Medium (500-2K),18,0,0.0,0.0
tamil nadu,16,android,3g,High (2K-10K),14,0,0.0,0.0
tamil nadu,16,android,4g,Small (<500),302,0,0.0,0.0
tamil nadu,16,android,4g,Medium (500-2K),255,0,0.0,0.0
tamil nadu,16,android,4g,High (2K-10K),110,0,0.0,0.0
tamil nadu,16,android,4g,Very High (>10K),4,0,0.0,0.0
tamil nadu,16,android,5g,Small (<500),108,1,0.9259259259259258,144.0
tamil nadu,16,android,5g,Medium (500-2K),108,0,0.0,0.0
tamil nadu,16,android,5g,High (2K-10K),45,0,0.0,0.0
tamil nadu,16,android,5g,Very High (>10K),3,0,0.0,0.0
tamil nadu,16,android,wifi,Small (<500),41,0,0.0,0.0
tamil nadu,16,android,wifi,Medium (500-2K),37,0,0.0,0.0
tamil nadu,16,android,wifi,High (2K-10K),30,0,0.0,0.0
tamil nadu,16,ios,3g,Small (<500),6,0,0.0,0.0
tamil nadu,16,ios,3g,Medium (500-2K),7,0,0.0,0.0
tamil nadu,16,ios,3g,High (2K-10K),1,0,0.0,0.0
tamil nadu,16,ios,4g,Small (<500),62,0,0.0,0.0
tamil nadu,16,ios,4g,Medium (500-2K),71,0,0.0,0.0
tamil nadu,16,ios,4g,High (2K-10K),31,0,0.0,0.0
tamil nadu,16,ios,4g,Very High (>10K),2,0,0.0,0.0
tamil nadu,16,ios,5g,Small (<500),28,0,0.0,0.0
tamil nadu,16,ios,5g,Medium (500-2K),27,0,0.0,0.0
tamil nadu,16,ios,5g,High (2K-10K),11,0,0.0,0.0
tamil nadu,16,ios,wifi,Small (<500),4,0,0.0,0.0
tamil nadu,16,ios,wifi,Medium (500-2K),9,0,0.0,0.0
tamil nadu,16,ios,wifi,High (2K-10K),1,0,0.0,0.0
tamil nadu,16,ios,wifi,Very High (>10K),1,0,0.0,0.0
tamil nadu,16,web,3g,Medium (500-2K),2,0,0.0,0.0
tamil nadu,16,web,4g,Small (<500),10,0,0.0,0.0
tamil nadu,16,web,4g,Medium (500-2K),24,0,0.0,0.0
tamil nadu,16,web,4g,High (2K-10K),4,0,0.0,0.0
tamil nadu,16,web,5g,Small (<500),8,0,0.0,0.0
tamil nadu,16,web,5g,Medium (500-2K),8,0,0.0,0.0
tamil nadu,16,web,5g,High (2K-10K),7,0,0.0,0.0
tamil nadu,16,web,wifi,Small (<500),3,0,0.0,0.0
tamil nadu,16,web,wifi,Medium (500-2K),4,0,0.0,0.0
tamil nadu,16,web,wifi,High (2K-10K),2,0,0.0,0.0
tamil nadu,17,android,3g,Small (<500),28,0,0.0,0.0
tamil nadu,17,android,3g,Medium (500-2K),20,0,0.0,0.0
tamil nadu,17,android,3g,High (2K-10K),17,0,0.0,0.0
tamil nadu,17,android,3g,Very High (>10K),1,0,0.0,0.0
tamil nadu,17,android,4g,Small (<500),353,0,0.0,0.0
tamil nadu,17,android,4g,Medium (500-2K),295,0,0.0,0.0
tamil nadu,17,android,4g,High (2K-10K),153,0,0.0,0.0
tamil nadu,17,android,4g,Very High (>10K),3,0,0.0,0.0
tamil nadu,17,android,5g,Small (<500),166,0,0.0,0.0
tamil nadu,17,android,5g,Medium (500-2K),137,0,0.0,0.0
tamil nadu,17,android,5g,High (2K-10K),69,0,0.0,0.0
tamil nadu,17,android,5g,Very High (>10K),4,1,25.0,14213.0
tamil nadu,17,android,wifi,Small (<500),58,0,0.0,0.0
tamil nadu,17,android,wifi,Medium (500-2K),53,0,0.0,0.0
tamil nadu,17,android,wifi,High (2K-10K),20,0,0.0,0.0
tamil nadu,17,android,wifi,Very High (>10K),3,0,0.0,0.0
tamil nadu,17,ios,3g,Small (<500),8,0,0.0,0.0
tamil nadu,17,ios,3g,Medium (500-2K),5,0,0.0,0.0
tamil nadu,17,ios,3g,High (2K-10K),1,0,0.0,0.0
tamil nadu,17,ios,3g,Very High (>10K),1,0,0.0,0.0
tamil nadu,17,ios,4g,Small (<500),94,0,0.0,0.0
tamil nadu,17,ios,4g,Medium (500-2K),91,0,0.0,0.0
tamil nadu,17,ios,4g,High (2K-10K),42,0,0.0,0.0
tamil nadu,17,ios,5g,Small (<500),40,0,0.0,0.0
tamil nadu,17,ios,5g,Medium (500-2K),39,0,0.0,0.0
tamil nadu,17,ios,5g,High (2K-10K),18,0,0.0,0.0
tamil nadu,17,ios,wifi,Small (<500),10,1,10.0,195.0
tamil nadu,17,ios,wifi,Medium (500-2K),11,0,0.0,0.0
tamil nadu,17,ios,wifi,High (2K-10K),12,0,0.0,0.0
tamil nadu,17,web,3g,Small (<500),1,0,0.0,0.0
tamil nadu,17,web,3g,High (2K-10K),1,0,0.0,0.0
tamil nadu,17,web,3g,Very High (>10K),1,0,0.0,0.0
tamil nadu,17,web,4g,Small (<500),37,0,0.0,0.0
tamil nadu,17,web,4g,Medium (500-2K),25,0,0.0,0.0
tamil nadu,17,web,4g,High (2K-10K),9,0,0.0,0.0
tamil nadu,17,web,4g,Very High (>10K),1,0,0.0,0.0
tamil nadu,17,web,5g,Small (<500),14,0,0.0,0.0
tamil nadu,17,web,5g,Medium (500-2K),6,0,0.0,0.0
tamil nadu,17,web,5g,High (2K-10K),1,0,0.0,0.0
tamil nadu,17,web,wifi,Small (<500),6,0,0.0,0.0
tamil nadu,17,web,wifi,Medium (500-2K),4,0,0.0,0.0
tamil nadu,17,web,wifi,High (2K-10K),3,0,0.0,0.0
tamil nadu,18,android,3g,Small (<500),30,0,0.0,0.0
tamil nadu,18,android,3g,Medium (500-2K),23,0,0.0,0.0
tamil nadu,18,android,3g,High (2K-10K),15,0,0.0,0.0
tamil nadu,18,android,3g,Very High (>10K),2,0,0.0,0.0
tamil nadu,18,android,4g,Small (<500),430,0,0.0,0.0
tamil nadu,18,android,4g,Medium (500-2K),360,3,0.8333333333333334,1145.0
tamil nadu,18,android,4g,High (2K-10K),172,1,0.5813953488372093,2282.0
tamil nadu,18,android,4g,Very High (>10K),6,0,0.0,0.0
tamil nadu,18,android,5g,Small (<500),170,1,0.5882352941176471,156.0
tamil nadu,18,android,5g,Medium (500-2K),127,1,0.7874015748031495,621.0
tamil nadu,18,android,5g,High (2K-10K),71,0,0.0,0.0
tamil nadu,18,android,5g,Very High (>10K),1,0,0.0,0.0
tamil nadu,18,android,wifi,Small (<500),61,0,0.0,0.0
tamil nadu,18,android,wifi,Medium (500-2K),61,0,0.0,0.0
tamil nadu,18,android,wifi,High (2K-10K),30,0,0.0,0.0
tamil nadu,18,android,wifi,Very High (>10K),3,0,0.0,0.0
tamil nadu,18,ios,3g,Small (<500),10,0,0.0,0.0
tamil nadu,18,ios,3g,Medium (500-2K),5,0,0.0,0.0
tamil nadu,18,ios,3g,High (2K-10K),1,0,0.0,0.0
tamil nadu,18,ios,3g,Very High (>10K),1,0,0.0,0.0
tamil nadu,18,ios,4g,Small (<500),109,0,0.0,0.0
tamil nadu,18,ios,4g,Medium (500-2K),81,0,0.0,0.0
tamil nadu,18,ios,4g,High (2K-10K),50,0,0.0,0.0
tamil nadu,18,ios,5g,Small (<500),49,0,0.0,0.0
tamil nadu,18,ios,5g,Medium (500-2K),32,0,0.0,0.0
tamil nadu,18,ios,5g,High (2K-10K),16,0,0.0,0.0
tamil nadu,18,ios,5g,Very High (>10K),1,0,0.0,0.0
tamil nadu,18,ios,wifi,Small (<500),22,0,0.0,0.0
tamil nadu,18,ios,wifi,Medium (500-2K),21,0,0.0,0.0
tamil nadu,18,ios,wifi,High (2K-10K),8,0,0.0,0.0
tamil nadu,18,web,3g,Small (<500),6,0,0.0,0.0
tamil nadu,18,web,3g,Medium (500-2K),2,0,0.0,0.0
tamil nadu,18,web,3g,High (2K-10K),1,0,0.0,0.0
tamil nadu,18,web,4g,Small (<500),23,0,0.0,0.0
tamil nadu,18,web,4g,Medium (500-2K),18,0,0.0,0.0
tamil nadu,18,web,4g,High (2K-10K),13,0,0.0,0.0
tamil nadu,18,web,4g,Very High (>10K),1,0,0.0,0.0
tamil nadu,18,web,5g,Small (<500),11,0,0.0,0.0
tamil nadu,18,web,5g,Medium (500-2K),7,0,0.0,0.0
tamil nadu,18,web,5g,High (2K-10K),3,0,0.0,0.0
tamil nadu,18,web,5g,Very High (>10K),1,0,0.0,0.0
tamil nadu,18,web,wifi,Small (<500),4,0,0.0,0.0
tamil nadu,18,web,wifi,Medium (500-2K),4,0,0.0,0.0
tamil nadu,18,web,wifi,High (2K-10K),1,0,0.0,0.0
tamil nadu,19,android,3g,Small (<500),29,0,0.0,0.0
tamil nadu,19,android,3g,Medium (500-2K),33,0,0.0,0.0
tamil nadu,19,android,3g,High (2K-10K),14,0,0.0,0.0
tamil nadu,19,android,3g,Very High (>10K),1,0,0.0,0.0
tamil nadu,19,android,4g,Small (<500),403,0,0.0,0.0
tamil nadu,19,android,4g,Medium (500-2K),361,0,0.0,0.0
tamil nadu,19,android,4g,High (2K-10K),201,0,0.0,0.0
tamil nadu,19,android,4g,Very High (>10K),9,0,0.0,0.0
tamil nadu,19,android,5g,Small (<500),183,0,0.0,0.0
tamil nadu,19,android,5g,Medium (500-2K),158,0,0.0,0.0
tamil nadu,19,android,5g,High (2K-10K),87,0,0.0,0.0
tamil nadu,19,android,5g,Very High (>10K),2,0,0.0,0.0
tamil nadu,19,android,wifi,Small (<500),64,0,0.0,0.0
tamil nadu,19,android,wifi,Medium (500-2K),49,0,0.0,0.0
tamil nadu,19,android,wifi,High (2K-10K),36,1,2.7777777777777777,3112.0
tamil nadu,19,android,wifi,Very High (>10K),1,0,0.0,0.0
tamil nadu,19,ios,3g,Small (<500),8,0,0.0,0.0
tamil nadu,19,ios,3g,Medium (500-2K),7,0,0.0,0.0
tamil nadu,19,ios,3g,High (2K-10K),4,0,0.0,0.0
tamil nadu,19,ios,4g,Small (<500),108,0,0.0,0.0
tamil nadu,19,ios,4g,Medium (500-2K),97,0,0.0,0.0
tamil nadu,19,ios,4g,High (2K-10K),42,0,0.0,0.0
tamil nadu,19,ios,4g,Very High (>10K),2,0,0.0,0.0
tamil nadu,19,ios,5g,Small (<500),50,0,0.0,0.0
tamil nadu,19,ios,5g,Medium (500-2K),45,0,0.0,0.0
tamil nadu,19,ios,5g,High (2K-10K),24,0,0.0,0.0
tamil nadu,19,ios,5g,Very High (>10K),1,0,0.0,0.0
tamil nadu,19,ios,wifi,Small (<500),20,0,0.0,0.0
tamil nadu,19,ios,wifi,Medium (500-2K),18,0,0.0,0.0
tamil nadu,19,ios,wifi,High (2K-10K),8,0,0.0,0.0
tamil nadu,19,ios,wifi,Very High (>10K),2,0,0.0,0.0
tamil nadu,19,web,3g,Small (<500),4,0,0.0,0.0
tamil nadu,19,web,3g,Medium (500-2K),2,0,0.0,0.0
tamil nadu,19,web,4g,Small (<500),32,1,3.125,345.0
tamil nadu,19,web,4g,Medium (500-2K),29,0,0.0,0.0
tamil nadu,19,web,4g,High (2K-10K),9,0,0.0,0.0
tamil nadu,19,web,4g,Very High (>10K),1,0,0.0,0.0
tamil nadu,19,web,5g,Small (<500),17,0,0.0,0.0
tamil nadu,19,web,5g,Medium (500-2K),14,0,0.0,0.0
tamil nadu,19,web,5g,High (2K-10K),3,0,0.0,0.0
tamil nadu,19,web,5g,Very High (>10K),1,0,0.0,0.0
tamil nadu,19,web,wifi,Small (<500),2,0,0.0,0.0
tamil nadu,19,web,wifi,Medium (500-2K),4,0,0.0,0.0
tamil nadu,19,web,wifi,High (2K-10K),2,0,0.0,0.0
tamil nadu,20,android,3g,Small (<500),34,0,0.0,0.0
tamil nadu,20,android,3g,Medium (500-2K),37,0,0.0,0.0
tamil nadu,20,android,3g,High (2K-10K),18,0,0.0,0.0
tamil nadu,20,android,4g,Small (<500),365,0,0.0,0.0
tamil nadu,20,android,4g,Medium (500-2K),319,0,0.0,0.0
tamil nadu,20,android,4g,High (2K-10K),144,0,0.0,0.0
tamil nadu,20,android,4g,Very High (>10K),7,0,0.0,0.0
tamil nadu,20,android,5g,Small (<500),149,0,0.0,0.0
tamil nadu,20,android,5g,Medium (500-2K),143,0,0.0,0.0
tamil nadu,20,android,5g,High (2K-10K),67,0,0.0,0.0
tamil nadu,20,android,wifi,Small (<500),72,0,0.0,0.0
tamil nadu,20,android,wifi,Medium (500-2K),47,0,0.0,0.0
tamil nadu,20,android,wifi,High (2K-10K),39,0,0.0,0.0
tamil nadu,20,android,wifi,Very High (>10K),3,0,0.0,0.0
tamil nadu,20,ios,3g,Small (<500),10,0,0.0,0.0
tamil nadu,20,ios,3g,Medium (500-2K),10,0,0.0,0.0
tamil nadu,20,ios,3g,High (2K-10K),2,0,0.0,0.0
tamil nadu,20,ios,4g,Small (<500),98,0,0.0,0.0
tamil nadu,20,ios,4g,Medium (500-2K),91,0,0.0,0.0
tamil nadu,20,ios,4g,High (2K-10K),40,0,0.0,0.0
tamil nadu,20,ios,4g,Very High (>10K),1,0,0.0,0.0
tamil nadu,20,ios,5g,Small (<500),40,0,0.0,0.0
tamil nadu,20,ios,5g,Medium (500-2K),35,2,5.714285714285714,580.5
tamil nadu,20,ios,5g,High (2K-10K),14,0,0.0,0.0
tamil nadu,20,ios,5g,Very High (>10K),1,0,0.0,0.0
tamil nadu,20,ios,wifi,Small (<500),16,0,0.0,0.0
tamil nadu,20,ios,wifi,Medium (500-2K),12,0,0.0,0.0
tamil nadu,20,ios,wifi,High (2K-10K),2,0,0.0,0.0
tamil nadu,20,web,3g,Small (<500),3,0,0.0,0.0
tamil nadu,20,web,3g,Medium (500-2K),3,0,0.0,0.0
tamil nadu,20,web,3g,High (2K-10K),3,0,0.0,0.0
tamil nadu,20,web,4g,Small (<500),24,0,0.0,0.0
tamil nadu,20,web,4g,Medium (500-2K),22,0,0.0,0.0
tamil nadu,20,web,4g,High (2K-10K),12,0,0.0,0.0
tamil nadu,20,web,5g,Small (<500),12,0,0.0,0.0
tamil nadu,20,web,5g,Medium (500-2K),10,0,0.0,0.0
tamil nadu,20,web,5g,High (2K-10K),5,0,0.0,0.0
tamil nadu,20,web,wifi,Small (<500),3,0,0.0,0.0
tamil nadu,20,web,wifi,High (2K-10K),4,0,0.0,0.0
tamil nadu,21,android,3g,Small (<500),23,0,0.0,0.0
tamil nadu,21,android,3g,Medium (500-2K),17,0,0.0,0.0
tamil nadu,21,android,3g,High (2K-10K),18,0,0.0,0.0
tamil nadu,21,android,3g,Very High (>10K),1,0,0.0,0.0
tamil nadu,21,android,4g,Small (<500),344,0,0.0,0.0
tamil nadu,21,android,4g,Medium (500-2K),275,1,0.36363636363636365,1598.0
tamil nadu,21,android,4g,High (2K-10K),108,0,0.0,0.0
tamil nadu,21,android,4g,Very High (>10K),7,0,0.0,0.0
tamil nadu,21,android,5g,Small (<500),120,1,0.8333333333333334,242.0
tamil nadu,21,android,5g,Medium (500-2K),131,0,0.0,0.0
tamil nadu,21,android,5g,High (2K-10K),55,0,0.0,0.0
tamil nadu,21,android,5g,Very High (>10K),2,0,0.0,0.0
tamil nadu,21,android,wifi,Small (<500),44,1,2.272727272727273,62.0
tamil nadu,21,android,wifi,Medium (500-2K),39,0,0.0,0.0
tamil nadu,21,android,wifi,High (2K-10K),26,0,0.0,0.0
tamil nadu,21,android,wifi,Very High (>10K),2,0,0.0,0.0
tamil nadu,21,ios,3g,Small (<500),5,0,0.0,0.0
tamil nadu,21,ios,3g,Medium (500-2K),7,0,0.0,0.0
tamil nadu,21,ios,3g,High (2K-10K),7,1,14.285714285714285,3773.0
tamil nadu,21,ios,4g,Small (<500),76,0,0.0,0.0
tamil nadu,21,ios,4g,Medium (500-2K),78,0,0.0,0.0
tamil nadu,21,ios,4g,High (2K-10K),42,0,0.0,0.0
tamil nadu,21,ios,4g,Very High (>10K),1,0,0.0,0.0
tamil nadu,21,ios,5g,Small (<500),54,0,0.0,0.0
tamil nadu,21,ios,5g,Medium (500-2K),25,0,0.0,0.0
tamil nadu,21,ios,5g,High (2K-10K),18,0,0.0,0.0
tamil nadu,21,ios,5g,Very High (>10K),2,0,0.0,0.0
tamil nadu,21,ios,wifi,Small (<500),11,0,0.0,0.0
tamil nadu,21,ios,wifi,Medium (500-2K),4,0,0.0,0.0
tamil nadu,21,ios,wifi,High (2K-10K),2,0,0.0,0.0
tamil nadu,21,web,3g,Small (<500),2,0,0.0,0.0
tamil nadu,21,web,3g,Medium (500-2K),2,0,0.0,0.0
tamil nadu,21,web,3g,High (2K-10K),1,0,0.0,0.0
tamil nadu,21,web,4g,Small (<500),16,0,0.0,0.0
tamil nadu,21,web,4g,Medium (500-2K),14,0,0.0,0.0
tamil nadu,21,web,4g,High (2K-10K),12,0,0.0,0.0
tamil nadu,21,web,5g,Small (<500),5,0,0.0,0.0
tamil nadu,21,web,5g,Medium (500-2K),14,0,0.0,0.0
tamil nadu,21,web,5g,High (2K-10K),3,0,0.0,0.0
tamil nadu,21,web,wifi,Small (<500),5,0,0.0,0.0
tamil nadu,21,web,wifi,Medium (500-2K),3,0,0.0,0.0
tamil nadu,21,web,wifi,Very High (>10K),1,0,0.0,0.0
tamil nadu,22,android,3g,Small (<500),18,0,0.0,0.0
tamil nadu,22,android,3g,Medium (500-2K),12,0,0.0,0.0
tamil nadu,22,android,3g,High (2K-10K),5,0,0.0,0.0
tamil nadu,22,android,4g,Small (<500),182,0,0.0,0.0
tamil nadu,22,android,4g,Medium (500-2K),161,0,0.0,0.0
tamil nadu,22,android,4g,High (2K-10K),68,0,0.0,0.0
tamil nadu,22,android,4g,Very High (>10K),5,0,0.0,0.0
tamil nadu,22,android,5g,Small (<500),82,1,1.2195121951219512,241.0
tamil nadu,22,android,5g,Medium (500-2K),54,0,0.0,0.0
tamil nadu,22,android,5g,High (2K-10K),39,0,0.0,0.0
tamil nadu,22,android,5g,Very High (>10K),3,0,0.0,0.0
tamil nadu,22,android,wifi,Small (<500),36,0,0.0,0.0
tamil nadu,22,android,wifi,Medium (500-2K),28,0,0.0,0.0
tamil nadu,22,android,wifi,High (2K-10K),13,0,0.0,0.0
tamil nadu,22,ios,3g,Small (<500),3,0,0.0,0.0
tamil nadu,22,ios,3g,Medium (500-2K),3,0,0.0,0.0
tamil nadu,22,ios,4g,Small (<500),58,0,0.0,0.0
tamil nadu,22,ios,4g,Medium (500-2K),49,0,0.0,0.0
tamil nadu,22,ios,4g,High (2K-10K),18,0,0.0,0.0
tamil nadu,22,ios,4g,Very High (>10K),1,0,0.0,0.0
tamil nadu,22,ios,5g,Small (<500),31,0,0.0,0.0
tamil nadu,22,ios,5g,Medium (500-2K),21,0,0.0,0.0
tamil nadu,22,ios,5g,High (2K-10K),6,0,0.0,0.0
tamil nadu,22,ios,wifi,Small (<500),15,0,0.0,0.0
tamil nadu,22,ios,wifi,Medium (500-2K),11,0,0.0,0.0
tamil nadu,22,ios,wifi,High (2K-10K),2,0,0.0,0.0
tamil nadu,22,web,3g,Small (<500),3,0,0.0,0.0
tamil nadu,22,web,3g,Medium (500-2K),1,0,0.0,0.0
tamil nadu,22,web,3g,High (2K-10K),1,0,0.0,0.0
tamil nadu,22,web,4g,Small (<500),11,0,0.0,0.0
tamil nadu,22,web,4g,Medium (500-2K),15,0,0.0,0.0
tamil nadu,22,web,4g,High (2K-10K),7,0,0.0,0.0
tamil nadu,22,web,5g,Small (<500),7,0,0.0,0.0
tamil nadu,22,web,5g,Medium (500-2K),7,0,0.0,0.0
tamil nadu,22,web,wifi,Small (<500),1,0,0.0,0.0
tamil nadu,22,web,wifi,Medium (500-2K),2,0,0.0,0.0
tamil nadu,22,web,wifi,High (2K-10K),1,0,0.0,0.0
tamil nadu,23,android,3g,Small (<500),8,0,0.0,0.0
tamil nadu,23,android,3g,Medium (500-2K),7,0,0.0,0.0
tamil nadu,23,android,3g,High (2K-10K),4,0,0.0,0.0
tamil nadu,23,android,4g,Small (<500),117,1,0.8547008547008548,480.0
tamil nadu,23,android,4g,Medium (500-2K),97,0,0.0,0.0
tamil nadu,23,android,4g,High (2K-10K),56,0,0.0,0.0
tamil nadu,23,android,4g,Very High (>10K),5,0,0.0,0.0
tamil nadu,23,android,5g,Small (<500),49,0,0.0,0.0
tamil nadu,23,android,5g,Medium (500-2K),45,0,0.0,0.0
tamil nadu,23,android,5g,High (2K-10K),18,0,0.0,0.0
tamil nadu,23,android,5g,Very High (>10K),1,0,0.0,0.0
tamil nadu,23,android,wifi,Small (<500),17,0,0.0,0.0
tamil nadu,23,android,wifi,Medium (500-2K),15,0,0.0,0.0
tamil nadu,23,android,wifi,High (2K-10K),11,0,0.0,0.0
tamil nadu,23,android,wifi,Very High (>10K),1,0,0.0,0.0
tamil nadu,23,ios,3g,Small (<500),3,0,0.0,0.0
tamil nadu,23,ios,4g,Small (<500),30,0,0.0,0.0
tamil nadu,23,ios,4g,Medium (500-2K),19,0,0.0,0.0
tamil nadu,23,ios,4g,High (2K-10K),9,0,0.0,0.0
tamil nadu,23,ios,5g,Small (<500),10,0,0.0,0.0
tamil nadu,23,ios,5g,Medium (500-2K),14,0,0.0,0.0
tamil nadu,23,ios,5g,High (2K-10K),4,0,0.0,0.0
tamil nadu,23,ios,wifi,Small (<500),3,0,0.0,0.0
tamil nadu,23,ios,wifi,Medium (500-2K),4,0,0.0,0.0
tamil nadu,23,ios,wifi,High (2K-10K),3,0,0.0,0.0
tamil nadu,23,web,3g,Small (<500),1,0,0.0,0.0
tamil nadu,23,web,4g,Small (<500),8,0,0.0,0.0
tamil nadu,23,web,4g,Medium (500-2K),1,0,0.0,0.0
tamil nadu,23,web,4g,High (2K-10K),2,0,0.0,0.0
tamil nadu,23,web,4g,Very High (>10K),1,0,0.0,0.0
tamil nadu,23,web,5g,Medium (500-2K),3,0,0.0,0.0
tamil nadu,23,web,5g,High (2K-10K),1,0,0.0,0.0
tamil nadu,23,web,wifi,Small (<500),2,0,0.0,0.0
tamil nadu,23,web,wifi,Medium (500-2K),5,0,0.0,0.0
telangana,0,android,3g,Small (<500),4,0,0.0,0.0
telangana,0,android,3g,Medium (500-2K),7,0,0.0,0.0
telangana,0,android,3g,High (2K-10K),4,0,0.0,0.0
telangana,0,android,4g,Small (<500),55,0,0.0,0.0
telangana,0,android,4g,Medium (500-2K),54,0,0.0,0.0
telangana,0,android,4g,High (2K-10K),22,0,0.0,0.0
telangana,0,android,5g,Small (<500),36,0,0.0,0.0
telangana,0,android,5g,Medium (500-2K),18,0,0.0,0.0
telangana,0,android,5g,High (2K-10K),8,0,0.0,0.0
telangana,0,android,wifi,Small (<500),9,0,0.0,0.0
telangana,0,android,wifi,Medium (500-2K),4,0,0.0,0.0
telangana,0,android,wifi,High (2K-10K),4,0,0.0,0.0
telangana,0,ios,3g,Small (<500),2,0,0.0,0.0
telangana,0,ios,3g,Medium (500-2K),2,0,0.0,0.0
telangana,0,ios,3g,High (2K-10K),1,0,0.0,0.0
telangana,0,ios,4g,Small (<500),16,0,0.0,0.0
telangana,0,ios,4g,Medium (500-2K),9,0,0.0,0.0
telangana,0,ios,4g,High (2K-10K),9,0,0.0,0.0
telangana,0,ios,5g,Small (<500),11,1,9.090909090909092,445.0
telangana,0,ios,5g,Medium (500-2K),6,0,0.0,0.0
telangana,0,ios,5g,High (2K-10K),3,0,0.0,0.0
telangana,0,ios,5g,Very High (>10K),1,0,0.0,0.0
telangana,0,ios,wifi,Small (<500),5,0,0.0,0.0
telangana,0,ios,wifi,Medium (500-2K),4,0,0.0,0.0
telangana,0,web,4g,Small (<500),2,0,0.0,0.0
telangana,0,web,4g,Medium (500-2K),2,0,0.0,0.0
telangana,0,web,4g,High (2K-10K),2,0,0.0,0.0
telangana,0,web,5g,Small (<500),4,0,0.0,0.0
telangana,1,android,3g,Small (<500),2,0,0.0,0.0
telangana,1,android,3g,Medium (500-2K),5,0,0.0,0.0
telangana,1,android,3g,High (2K-10K),2,0,0.0,0.0
telangana,1,android,4g,Small (<500),35,0,0.0,0.0
telangana,1,android,4g,Medium (500-2K),46,2,4.3478260869565215,1005.5
telangana,1,android,4g,High (2K-10K),19,0,0.0,0.0
telangana,1,android,4g,Very High (>10K),2,0,0.0,0.0
telangana,1,android,5g,Small (<500),14,0,0.0,0.0
telangana,1,android,5g,Medium (500-2K),18,0,0.0,0.0
telangana,1,android,5g,High (2K-10K),8,0,0.0,0.0
telangana,1,android,5g,Very High (>10K),1,0,0.0,0.0
telangana,1,android,wifi,Small (<500),9,0,0.0,0.0
telangana,1,android,wifi,Medium (500-2K),9,0,0.0,0.0
telangana,1,android,wifi,High (2K-10K),2,0,0.0,0.0
telangana,1,ios,3g,Small (<500),1,0,0.0,0.0
telangana,1,ios,3g,Medium (500-2K),1,0,0.0,0.0
telangana,1,ios,4g,Small (<500),8,0,0.0,0.0
telangana,1,ios,4g,Medium (500-2K),12,0,0.0,0.0
telangana,1,ios,4g,High (2K-10K),5,0,0.0,0.0
telangana,1,ios,5g,Small (<500),3,0,0.0,0.0
telangana,1,ios,5g,Medium (500-2K),1,0,0.0,0.0
telangana,1,ios,5g,High (2K-10K),2,0,0.0,0.0
telangana,1,ios,wifi,Medium (500-2K),2,0,0.0,0.0
telangana,1,web,4g,Small (<500),2,0,0.0,0.0
telangana,1,web,4g,High (2K-10K),2,0,0.0,0.0
telangana,1,web,4g,Very High (>10K),1,0,0.0,0.0
telangana,1,web,wifi,Small (<500),1,0,0.0,0.0
telangana,2,android,3g,Small (<500),1,0,0.0,0.0
telangana,2,android,3g,High (2K-10K),1,0,0.0,0.0
telangana,2,android,4g,Small (<500),26,0,0.0,0.0
telangana,2,android,4g,Medium (500-2K),24,0,0.0,0.0
telangana,2,android,4g,High (2K-10K),14,0,0.0,0.0
telangana,2,android,5g,Small (<500),11,0,0.0,0.0
telangana,2,android,5g,Medium (500-2K),9,0,0.0,0.0
telangana,2,android,5g,High (2K-10K),5,0,0.0,0.0
telangana,2,android,wifi,Small (<500),6,0,0.0,0.0
telangana,2,android,wifi,Medium (500-2K),6,0,0.0,0.0
telangana,2,android,wifi,High (2K-10K),3,0,0.0,0.0
telangana,2,ios,3g,Small (<500),1,0,0.0,0.0
telangana,2,ios,4g,Small (<500),7,0,0.0,0.0
telangana,2,ios,4g,Medium (500-2K),8,0,0.0,0.0
telangana,2,ios,4g,High (2K-10K),5,0,0.0,0.0
telangana,2,ios,5g,Small (<500),2,1,50.0,171.0
telangana,2,ios,5g,Medium (500-2K),8,0,0.0,0.0
telangana,2,ios,wifi,Small (<500),3,0,0.0,0.0
telangana,2,ios,wifi,Medium (500-2K),1,0,0.0,0.0
telangana,2,ios,wifi,High (2K-10K),1,0,0.0,0.0
telangana,2,web,4g,Small (<500),1,0,0.0,0.0
telangana,2,web,4g,Medium (500-2K),2,0,0.0,0.0
telangana,2,web,5g,Small (<500),1,0,0.0,0.0
telangana,2,web,wifi,Medium (500-2K),1,0,0.0,0.0
telangana,3,android,3g,Small (<500),3,0,0.0,0.0
telangana,3,android,3g,Medium (500-2K),1,0,0.0,0.0
telangana,3,android,3g,High (2K-10K),1,0,0.0,0.0
telangana,3,android,4g,Small (<500),26,0,0.0,0.0
telangana,3,android,4g,Medium (500-2K),15,0,0.0,0.0
telangana,3,android,4g,High (2K-10K),8,0,0.0,0.0
telangana,3,android,4g,Very High (>10K),1,0,0.0,0.0
telangana,3,android,5g,Small (<500),8,0,0.0,0.0
telangana,3,android,5g,Medium (500-2K),8,0,0.0,0.0
telangana,3,android,5g,High (2K-10K),8,0,0.0,0.0
telangana,3,android,wifi,Small (<500),7,0,0.0,0.0
telangana,3,android,wifi,High (2K-10K),2,0,0.0,0.0
telangana,3,ios,3g,Small (<500),1,0,0.0,0.0
telangana,3,ios,3g,Medium (500-2K),1,0,0.0,0.0
telangana,3,ios,4g,Small (<500),2,0,0.0,0.0
telangana,3,ios,4g,Medium (500-2K),8,0,0.0,0.0
telangana,3,ios,4g,High (2K-10K),1,0,0.0,0.0
telangana,3,ios,5g,Small (<500),2,0,0.0,0.0
telangana,3,ios,5g,Medium (500-2K),3,0,0.0,0.0
telangana,3,ios,wifi,Medium (500-2K),1,0,0.0,0.0
telangana,3,web,3g,Medium (500-2K),1,0,0.0,0.0
telangana,3,web,4g,Medium (500-2K),2,0,0.0,0.0
telangana,3,web,4g,High (2K-10K),2,0,0.0,0.0
telangana,3,web,5g,Small (<500),2,0,0.0,0.0
telangana,4,android,3g,Medium (500-2K),3,0,0.0,0.0
telangana,4,android,3g,High (2K-10K),3,0,0.0,0.0
telangana,4,android,4g,Small (<500),25,0,0.0,0.0
telangana,4,android,4g,Medium (500-2K),17,0,0.0,0.0
telangana,4,android,4g,High (2K-10K),3,0,0.0,0.0
telangana,4,android,5g,Small (<500),10,0,0.0,0.0
telangana,4,android,5g,Medium (500-2K),10,0,0.0,0.0
telangana,4,android,5g,High (2K-10K),4,0,0.0,0.0
telangana,4,android,wifi,Small (<500),2,0,0.0,0.0
telangana,4,android,wifi,Medium (500-2K),2,0,0.0,0.0
telangana,4,android,wifi,High (2K-10K),3,0,0.0,0.0
telangana,4,ios,4g,Small (<500),5,0,0.0,0.0
telangana,4,ios,4g,Medium (500-2K),3,0,0.0,0.0
telangana,4,ios,4g,High (2K-10K),3,0,0.0,0.0
telangana,4,ios,5g,Small (<500),4,0,0.0,0.0
telangana,4,ios,5g,Medium (500-2K),2,0,0.0,0.0
telangana,4,ios,5g,High (2K-10K),1,0,0.0,0.0
telangana,4,ios,wifi,Small (<500),3,0,0.0,0.0
telangana,4,ios,wifi,Medium (500-2K),1,0,0.0,0.0
telangana,4,web,3g,Medium (500-2K),1,0,0.0,0.0
telangana,4,web,4g,Medium (500-2K),1,0,0.0,0.0
telangana,4,web,5g,Small (<500),1,0,0.0,0.0
telangana,5,android,3g,Small (<500),1,0,0.0,0.0
telangana,5,android,3g,High (2K-10K),1,0,0.0,0.0
telangana,5,android,4g,Small (<500),41,0,0.0,0.0
telangana,5,android,4g,Medium (500-2K),30,0,0.0,0.0
telangana,5,android,4g,High (2K-10K),15,0,0.0,0.0
telangana,5,android,4g,Very High (>10K),1,0,0.0,0.0
telangana,5,android,5g,Small (<500),12,0,0.0,0.0
telangana,5,android,5g,Medium (500-2K),10,0,0.0,0.0
telangana,5,android,5g,High (2K-10K),5,0,0.0,0.0
telangana,5,android,wifi,Small (<500),5,0,0.0,0.0
telangana,5,android,wifi,Medium (500-2K),3,0,0.0,0.0
telangana,5,android,wifi,High (2K-10K),5,0,0.0,0.0
telangana,5,ios,4g,Small (<500),6,0,0.0,0.0
telangana,5,ios,4g,Medium (500-2K),3,0,0.0,0.0
telangana,5,ios,5g,Small (<500),4,0,0.0,0.0
telangana,5,ios,5g,Medium (500-2K),4,0,0.0,0.0
telangana,5,ios,5g,High (2K-10K),1,0,0.0,0.0
telangana,5,ios,wifi,Small (<500),1,0,0.0,0.0
telangana,5,web,3g,Small (<500),1,0,0.0,0.0
telangana,5,web,4g,Small (<500),4,0,0.0,0.0
telangana,5,web,4g,Medium (500-2K),2,0,0.0,0.0
telangana,5,web,4g,High (2K-10K),1,0,0.0,0.0
telangana,5,web,5g,High (2K-10K),2,0,0.0,0.0
telangana,5,web,wifi,Medium (500-2K),1,0,0.0,0.0
telangana,6,android,3g,Small (<500),4,0,0.0,0.0
telangana,6,android,3g,Medium (500-2K),7,0,0.0,0.0
telangana,6,android,3g,High (2K-10K),3,0,0.0,0.0
telangana,6,android,4g,Small (<500),52,0,0.0,0.0
telangana,6,android,4g,Medium (500-2K),67,0,0.0,0.0
telangana,6,android,4g,High (2K-10K),22,0,0.0,0.0
telangana,6,android,4g,Very High (>10K),2,0,0.0,0.0
telangana,6,android,5g,Small (<500),27,0,0.0,0.0
telangana,6,android,5g,Medium (500-2K),25,0,0.0,0.0
telangana,6,android,5g,High (2K-10K),6,0,0.0,0.0
telangana,6,android,wifi,Small (<500),10,0,0.0,0.0
telangana,6,android,wifi,Medium (500-2K),6,0,0.0,0.0
telangana,6,android,wifi,High (2K-10K),4,0,0.0,0.0
telangana,6,android,wifi,Very High (>10K),1,0,0.0,0.0
telangana,6,ios,3g,Very High (>10K),1,0,0.0,0.0
telangana,6,ios,4g,Small (<500),19,0,0.0,0.0
telangana,6,ios,4g,Medium (500-2K),15,0,0.0,0.0
telangana,6,ios,4g,High (2K-10K),9,0,0.0,0.0
telangana,6,ios,5g,Small (<500),7,0,0.0,0.0
telangana,6,ios,5g,Medium (500-2K),6,0,0.0,0.0
telangana,6,ios,5g,High (2K-10K),8,0,0.0,0.0
telangana,6,ios,wifi,Small (<500),1,0,0.0,0.0
telangana,6,ios,wifi,Medium (500-2K),4,0,0.0,0.0
telangana,6,web,4g,Small (<500),3,0,0.0,0.0
telangana,6,web,4g,Medium (500-2K),2,0,0.0,0.0
telangana,6,web,4g,High (2K-10K),1,0,0.0,0.0
telangana,6,web,5g,Small (<500),3,0,0.0,0.0
telangana,6,web,5g,Medium (500-2K),2,0,0.0,0.0
telangana,6,web,wifi,Small (<500),2,0,0.0,0.0
telangana,6,web,wifi,High (2K-10K),1,0,0.0,0.0
telangana,7,android,3g,Small (<500),11,0,0.0,0.0
telangana,7,android,3g,Medium (500-2K),8,1,12.5,1023.0
telangana,7,android,3g,High (2K-10K),3,0,0.0,0.0
telangana,7,android,4g,Small (<500),99,0,0.0,0.0
telangana,7,android,4g,Medium (500-2K),82,0,0.0,0.0
telangana,7,android,4g,High (2K-10K),44,0,0.0,0.0
telangana,7,android,4g,Very High (>10K),1,0,0.0,0.0
telangana,7,android,5g,Small (<500),47,0,0.0,0.0
telangana,7,android,5g,Medium (500-2K),34,0,0.0,0.0
telangana,7,android,5g,High (2K-10K),17,0,0.0,0.0
telangana,7,android,wifi,Small (<500),25,0,0.0,0.0
telangana,7,android,wifi,Medium (500-2K),9,0,0.0,0.0
telangana,7,android,wifi,High (2K-10K),7,0,0.0,0.0
telangana,7,ios,3g,Small (<500),3,0,0.0,0.0
telangana,7,ios,3g,High (2K-10K),3,0,0.0,0.0
telangana,7,ios,4g,Small (<500),27,0,0.0,0.0
telangana,7,ios,4g,Medium (500-2K),27,0,0.0,0.0
telangana,7,ios,4g,High (2K-10K),9,0,0.0,0.0
telangana,7,ios,4g,Very High (>10K),1,0,0.0,0.0
telangana,7,ios,5g,Small (<500),12,0,0.0,0.0
telangana,7,ios,5g,Medium (500-2K),13,0,0.0,0.0
telangana,7,ios,5g,High (2K-10K),6,0,0.0,0.0
telangana,7,ios,wifi,Small (<500),1,0,0.0,0.0
telangana,7,ios,wifi,Medium (500-2K),4,0,0.0,0.0
telangana,7,ios,wifi,High (2K-10K),2,0,0.0,0.0
telangana,7,web,3g,Medium (500-2K),1,0,0.0,0.0
telangana,7,web,4g,Small (<500),5,0,0.0,0.0
telangana,7,web,4g,Medium (500-2K),2,0,0.0,0.0
telangana,7,web,4g,High (2K-10K),5,0,0.0,0.0
telangana,7,web,5g,Small (<500),1,0,0.0,0.0
telangana,7,web,5g,Medium (500-2K),1,0,0.0,0.0
telangana,7,web,wifi,Small (<500),1,0,0.0,0.0
telangana,7,web,wifi,Medium (500-2K),1,0,0.0,0.0
telangana,7,web,wifi,High (2K-10K),1,0,0.0,0.0
telangana,8,android,3g,Small (<500),8,1,12.5,389.0
telangana,8,android,3g,Medium (500-2K),12,0,0.0,0.0
telangana,8,android,3g,High (2K-10K),10,0,0.0,0.0
telangana,8,android,4g,Small (<500),150,0,0.0,0.0
telangana,8,android,4g,Medium (500-2K),124,0,0.0,0.0
telangana,8,android,4g,High (2K-10K),55,1,1.8181818181818181,8105.0
telangana,8,android,4g,Very High (>10K),5,0,0.0,0.0
telangana,8,android,5g,Small (<500),60,0,0.0,0.0
telangana,8,android,5g,Medium (500-2K),60,0,0.0,0.0
telangana,8,android,5g,High (2K-10K),19,0,0.0,0.0
telangana,8,android,5g,Very High (>10K),1,0,0.0,0.0
telangana,8,android,wifi,Small (<500),19,0,0.0,0.0
telangana,8,android,wifi,Medium (500-2K),31,0,0.0,0.0
telangana,8,android,wifi,High (2K-10K),17,0,0.0,0.0
telangana,8,ios,3g,Small (<500),3,0,0.0,0.0
telangana,8,ios,3g,Medium (500-2K),2,0,0.0,0.0
telangana,8,ios,3g,High (2K-10K),4,0,0.0,0.0
telangana,8,ios,4g,Small (<500),33,0,0.0,0.0
telangana,8,ios,4g,Medium (500-2K),31,0,0.0,0.0
telangana,8,ios,4g,High (2K-10K),19,0,0.0,0.0
telangana,8,ios,5g,Small (<500),13,0,0.0,0.0
telangana,8,ios,5g,Medium (500-2K),13,0,0.0,0.0
telangana,8,ios,5g,High (2K-10K),7,0,0.0,0.0
telangana,8,ios,wifi,Small (<500),6,0,0.0,0.0
telangana,8,ios,wifi,Medium (500-2K),4,0,0.0,0.0
telangana,8,ios,wifi,High (2K-10K),5,0,0.0,0.0
telangana,8,web,3g,Small (<500),2,0,0.0,0.0
telangana,8,web,3g,Medium (500-2K),1,0,0.0,0.0
telangana,8,web,4g,Small (<500),14,0,0.0,0.0
telangana,8,web,4g,Medium (500-2K),10,0,0.0,0.0
telangana,8,web,4g,High (2K-10K),2,0,0.0,0.0
telangana,8,web,5g,Small (<500),4,0,0.0,0.0
telangana,8,web,5g,Medium (500-2K),3,0,0.0,0.0
telangana,8,web,5g,High (2K-10K),1,0,0.0,0.0
telangana,8,web,wifi,Small (<500),1,0,0.0,0.0
telangana,8,web,wifi,Medium (500-2K),1,0,0.0,0.0
telangana,8,web,wifi,High (2K-10K),2,0,0.0,0.0
telangana,9,android,3g,Small (<500),16,0,0.0,0.0
telangana,9,android,3g,Medium (500-2K),11,0,0.0,0.0
telangana,9,android,3g,High (2K-10K),3,0,0.0,0.0
telangana,9,android,4g,Small (<500),189,0,0.0,0.0
telangana,9,android,4g,Medium (500-2K),149,0,0.0,0.0
telangana,9,android,4g,High (2K-10K),75,0,0.0,0.0
telangana,9,android,4g,Very High (>10K),2,0,0.0,0.0
telangana,9,android,5g,Small (<500),64,0,0.0,0.0
telangana,9,android,5g,Medium (500-2K),62,0,0.0,0.0
telangana,9,android,5g,High (2K-10K),32,0,0.0,0.0
telangana,9,android,5g,Very High (>10K),4,0,0.0,0.0
telangana,9,android,wifi,Small (<500),43,0,0.0,0.0
telangana,9,android,wifi,Medium (500-2K),21,0,0.0,0.0
telangana,9,android,wifi,High (2K-10K),12,0,0.0,0.0
telangana,9,android,wifi,Very High (>10K),2,0,0.0,0.0
telangana,9,ios,3g,Small (<500),4,0,0.0,0.0
telangana,9,ios,3g,Medium (500-2K),6,0,0.0,0.0
telangana,9,ios,3g,High (2K-10K),1,0,0.0,0.0
telangana,9,ios,4g,Small (<500),44,1,2.272727272727273,238.0
telangana,9,ios,4g,Medium (500-2K),33,0,0.0,0.0
telangana,9,ios,4g,High (2K-10K),20,0,0.0,0.0
telangana,9,ios,4g,Very High (>10K),5,0,0.0,0.0
telangana,9,ios,5g,Small (<500),20,0,0.0,0.0
telangana,9,ios,5g,Medium (500-2K),27,0,0.0,0.0
telangana,9,ios,5g,High (2K-10K),11,0,0.0,0.0
telangana,9,ios,wifi,Small (<500),7,0,0.0,0.0
telangana,9,ios,wifi,Medium (500-2K),8,0,0.0,0.0
telangana,9,ios,wifi,High (2K-10K),3,0,0.0,0.0
telangana,9,web,3g,Small (<500),1,0,0.0,0.0
telangana,9,web,3g,Medium (500-2K),2,0,0.0,0.0
telangana,9,web,4g,Small (<500),10,0,0.0,0.0
telangana,9,web,4g,Medium (500-2K),13,0,0.0,0.0
telangana,9,web,4g,High (2K-10K),4,0,0.0,0.0
telangana,9,web,5g,Small (<500),7,0,0.0,0.0
telangana,9,web,5g,Medium (500-2K),7,0,0.0,0.0
telangana,9,web,5g,High (2K-10K),3,0,0.0,0.0
telangana,9,web,wifi,Small (<500),1,0,0.0,0.0
telangana,9,web,wifi,Medium (500-2K),2,0,0.0,0.0
telangana,9,web,wifi,High (2K-10K),1,0,0.0,0.0
telangana,9,web,wifi,Very High (>10K),1,0,0.0,0.0
telangana,10,android,3g,Small (<500),19,0,0.0,0.0
telangana,10,android,3g,Medium (500-2K),15,0,0.0,0.0
telangana,10,android,3g,High (2K-10K),8,0,0.0,0.0
telangana,10,android,3g,Very High (>10K),1,0,0.0,0.0
telangana,10,android,4g,Small (<500),212,1,0.4716981132075472,211.0
telangana,10,android,4g,Medium (500-2K),204,0,0.0,0.0
telangana,10,android,4g,High (2K-10K),101,0,0.0,0.0
telangana,10,android,4g,Very High (>10K),5,0,0.0,0.0
telangana,10,android,5g,Small (<500),94,0,0.0,0.0
telangana,10,android,5g,Medium (500-2K),124,0,0.0,0.0
telangana,10,android,5g,High (2K-10K),65,0,0.0,0.0
telangana,10,android,5g,Very High (>10K),3,0,0.0,0.0
telangana,10,android,wifi,Small (<500),34,0,0.0,0.0
telangana,10,android,wifi,Medium (500-2K),30,0,0.0,0.0
telangana,10,android,wifi,High (2K-10K),18,0,0.0,0.0
telangana,10,ios,3g,Small (<500),5,0,0.0,0.0
telangana,10,ios,3g,Medium (500-2K),9,0,0.0,0.0
telangana,10,ios,4g,Small (<500),66,0,0.0,0.0
telangana,10,ios,4g,Medium (500-2K),53,0,0.0,0.0
telangana,10,ios,4g,High (2K-10K),37,0,0.0,0.0
telangana,10,ios,4g,Very High (>10K),1,0,0.0,0.0
telangana,10,ios,5g,Small (<500),21,0,0.0,0.0
telangana,10,ios,5g,Medium (500-2K),29,0,0.0,0.0
telangana,10,ios,5g,High (2K-10K),11,0,0.0,0.0
telangana,10,ios,5g,Very High (>10K),1,0,0.0,0.0
telangana,10,ios,wifi,Small (<500),9,0,0.0,0.0
telangana,10,ios,wifi,Medium (500-2K),8,0,0.0,0.0
telangana,10,ios,wifi,High (2K-10K),5,0,0.0,0.0
telangana,10,ios,wifi,Very High (>10K),1,0,0.0,0.0
telangana,10,web,3g,Small (<500),1,0,0.0,0.0
telangana,10,web,3g,Medium (500-2K),2,0,0.0,0.0
telangana,10,web,4g,Small (<500),8,0,0.0,0.0
telangana,10,web,4g,Medium (500-2K),9,0,0.0,0.0
telangana,10,web,4g,High (2K-10K),6,0,0.0,0.0
telangana,10,web,5g,Small (<500),5,0,0.0,0.0
telangana,10,web,5g,Medium (500-2K),4,0,0.0,0.0
telangana,10,web,5g,High (2K-10K),1,0,0.0,0.0
telangana,10,web,wifi,Small (<500),5,0,0.0,0.0
telangana,10,web,wifi,Medium (500-2K),1,0,0.0,0.0
telangana,10,web,wifi,High (2K-10K),1,0,0.0,0.0
telangana,11,android,3g,Small (<500),21,0,0.0,0.0
telangana,11,android,3g,Medium (500-2K),19,0,0.0,0.0
telangana,11,android,3g,High (2K-10K),10,0,0.0,0.0
telangana,11,android,3g,Very High (>10K),2,0,0.0,0.0
telangana,11,android,4g,Small (<500),298,0,0.0,0.0
telangana,11,android,4g,Medium (500-2K),245,0,0.0,0.0
telangana,11,android,4g,High (2K-10K),139,1,0.7194244604316548,2701.0
telangana,11,android,4g,Very High (>10K),3,0,0.0,0.0
telangana,11,android,5g,Small (<500),100,0,0.0,0.0
telangana,11,android,5g,Medium (500-2K),103,0,0.0,0.0
telangana,11,android,5g,High (2K-10K),54,0,0.0,0.0
telangana,11,android,5g,Very High (>10K),1,0,0.0,0.0
telangana,11,android,wifi,Small (<500),53,0,0.0,0.0
telangana,11,android,wifi,Medium (500-2K),38,0,0.0,0.0
telangana,11,android,wifi,High (2K-10K),19,0,0.0,0.0
telangana,11,ios,3g,Small (<500),4,0,0.0,0.0
telangana,11,ios,3g,Medium (500-2K),5,0,0.0,0.0
telangana,11,ios,3g,High (2K-10K),3,0,0.0,0.0
telangana,11,ios,4g,Small (<500),77,0,0.0,0.0
telangana,11,ios,4g,Medium (500-2K),78,0,0.0,0.0
telangana,11,ios,4g,High (2K-10K),37,0,0.0,0.0
telangana,11,ios,5g,Small (<500),31,0,0.0,0.0
telangana,11,ios,5g,Medium (500-2K),25,0,0.0,0.0
telangana,11,ios,5g,High (2K-10K),18,0,0.0,0.0
telangana,11,ios,5g,Very High (>10K),1,0,0.0,0.0
telangana,11,ios,wifi,Small (<500),14,0,0.0,0.0
telangana,11,ios,wifi,Medium (500-2K),9,0,0.0,0.0
telangana,11,ios,wifi,High (2K-10K),9,0,0.0,0.0
telangana,11,web,3g,Small (<500),1,0,0.0,0.0
telangana,11,web,3g,Medium (500-2K),1,0,0.0,0.0
telangana,11,web,4g,Small (<500),24,0,0.0,0.0
telangana,11,web,4g,Medium (500-2K),15,0,0.0,0.0
telangana,11,web,4g,High (2K-10K),11,0,0.0,0.0
telangana,11,web,5g,Small (<500),10,0,0.0,0.0
telangana,11,web,5g,Medium (500-2K),4,0,0.0,0.0
telangana,11,web,5g,High (2K-10K),4,0,0.0,0.0
telangana,11,web,wifi,Small (<500),2,0,0.0,0.0
telangana,11,web,wifi,Medium (500-2K),2,0,0.0,0.0
telangana,11,web,wifi,High (2K-10K),1,0,0.0,0.0
telangana,12,android,3g,Small (<500),16,0,0.0,0.0
telangana,12,android,3g,Medium (500-2K),19,0,0.0,0.0
telangana,12,android,3g,High (2K-10K),9,0,0.0,0.0
telangana,12,android,4g,Small (<500),268,0,0.0,0.0
telangana,12,android,4g,Medium (500-2K),289,0,0.0,0.0
telangana,12,android,4g,High (2K-10K),156,1,0.641025641025641,5341.0
telangana,12,android,4g,Very High (>10K),4,0,0.0,0.0
telangana,12,android,5g,Small (<500),114,0,0.0,0.0
telangana,12,android,5g,Medium (500-2K),110,0,0.0,0.0
telangana,12,android,5g,High (2K-10K),53,0,0.0,0.0
telangana,12,android,5g,Very High (>10K),1,0,0.0,0.0
telangana,12,android,wifi,Small (<500),52,0,0.0,0.0
telangana,12,android,wifi,Medium (500-2K),45,0,0.0,0.0
telangana,12,android,wifi,High (2K-10K),21,0,0.0,0.0
telangana,12,android,wifi,Very High (>10K),1,0,0.0,0.0
telangana,12,ios,3g,Small (<500),8,0,0.0,0.0
telangana,12,ios,3g,Medium (500-2K),7,0,0.0,0.0
telangana,12,ios,3g,High (2K-10K),1,0,0.0,0.0
telangana,12,ios,4g,Small (<500),77,0,0.0,0.0
telangana,12,ios,4g,Medium (500-2K),64,0,0.0,0.0
telangana,12,ios,4g,High (2K-10K),30,0,0.0,0.0
telangana,12,ios,5g,Small (<500),28,0,0.0,0.0
telangana,12,ios,5g,Medium (500-2K),29,0,0.0,0.0
telangana,12,ios,5g,High (2K-10K),16,1,6.25,3163.0
telangana,12,ios,wifi,Small (<500),12,0,0.0,0.0
telangana,12,ios,wifi,Medium (500-2K),10,0,0.0,0.0
telangana,12,ios,wifi,High (2K-10K),7,0,0.0,0.0
telangana,12,web,3g,Small (<500),4,0,0.0,0.0
telangana,12,web,3g,Medium (500-2K),3,0,0.0,0.0
telangana,12,web,4g,Small (<500),20,0,0.0,0.0
telangana,12,web,4g,Medium (500-2K),15,0,0.0,0.0
telangana,12,web,4g,High (2K-10K),8,0,0.0,0.0
telangana,12,web,5g,Small (<500),7,0,0.0,0.0
telangana,12,web,5g,Medium (500-2K),9,0,0.0,0.0
telangana,12,web,5g,High (2K-10K),9,0,0.0,0.0
telangana,12,web,wifi,Small (<500),3,0,0.0,0.0
telangana,12,web,wifi,Medium (500-2K),6,0,0.0,0.0
telangana,12,web,wifi,High (2K-10K),3,0,0.0,0.0
telangana,13,android,3g,Small (<500),15,0,0.0,0.0
telangana,13,android,3g,Medium (500-2K),20,0,0.0,0.0
telangana,13,android,3g,High (2K-10K),8,0,0.0,0.0
telangana,13,android,3g,Very High (>10K),2,0,0.0,0.0
telangana,13,android,4g,Small (<500),274,0,0.0,0.0
telangana,13,android,4g,Medium (500-2K),230,0,0.0,0.0
telangana,13,android,4g,High (2K-10K),126,0,0.0,0.0
telangana,13,android,4g,Very High (>10K),4,0,0.0,0.0
telangana,13,android,5g,Small (<500),106,0,0.0,0.0
telangana,13,android,5g,Medium (500-2K),87,0,0.0,0.0
telangana,13,android,5g,High (2K-10K),37,0,0.0,0.0
telangana,13,android,5g,Very High (>10K),5,0,0.0,0.0
telangana,13,android,wifi,Small (<500),30,0,0.0,0.0
telangana,13,android,wifi,Medium (500-2K),44,0,0.0,0.0
telangana,13,android,wifi,High (2K-10K),21,0,0.0,0.0
telangana,13,ios,3g,Small (<500),1,0,0.0,0.0
telangana,13,ios,3g,Medium (500-2K),7,0,0.0,0.0
telangana,13,ios,3g,High (2K-10K),3,0,0.0,0.0
telangana,13,ios,4g,Small (<500),54,0,0.0,0.0
telangana,13,ios,4g,Medium (500-2K),57,0,0.0,0.0
telangana,13,ios,4g,High (2K-10K),37,0,0.0,0.0
telangana,13,ios,4g,Very High (>10K),1,0,0.0,0.0
telangana,13,ios,5g,Small (<500),45,0,0.0,0.0
telangana,13,ios,5g,Medium (500-2K),22,0,0.0,0.0
telangana,13,ios,5g,High (2K-10K),11,0,0.0,0.0
telangana,13,ios,5g,Very High (>10K),1,0,0.0,0.0
telangana,13,ios,wifi,Small (<500),11,0,0.0,0.0
telangana,13,ios,wifi,Medium (500-2K),7,0,0.0,0.0
telangana,13,ios,wifi,High (2K-10K),8,0,0.0,0.0
telangana,13,web,3g,Small (<500),2,0,0.0,0.0
telangana,13,web,3g,Medium (500-2K),2,0,0.0,0.0
telangana,13,web,3g,High (2K-10K),1,0,0.0,0.0
telangana,13,web,4g,Small (<500),20,0,0.0,0.0
telangana,13,web,4g,Medium (500-2K),15,0,0.0,0.0
telangana,13,web,4g,High (2K-10K),9,0,0.0,0.0
telangana,13,web,4g,Very High (>10K),1,0,0.0,0.0
telangana,13,web,5g,Small (<500),7,0,0.0,0.0
telangana,13,web,5g,Medium (500-2K),7,0,0.0,0.0
telangana,13,web,5g,High (2K-10K),2,0,0.0,0.0
telangana,13,web,wifi,Small (<500),3,0,0.0,0.0
telangana,13,web,wifi,Medium (500-2K),3,0,0.0,0.0
telangana,13,web,wifi,High (2K-10K),2,0,0.0,0.0
telangana,14,android,3g,Small (<500),24,0,0.0,0.0
telangana,14,android,3g,Medium (500-2K),12,0,0.0,0.0
telangana,14,android,3g,High (2K-10K),7,0,0.0,0.0
telangana,14,android,4g,Small (<500),203,1,0.49261083743842365,446.0
telangana,14,android,4g,Medium (500-2K),174,0,0.0,0.0
telangana,14,android,4g,High (2K-10K),90,1,1.1111111111111112,6008.0
telangana,14,android,4g,Very High (>10K),4,0,0.0,0.0
telangana,14,android,5g,Small (<500),80,0,0.0,0.0
telangana,14,android,5g,Medium (500-2K),76,0,0.0,0.0
telangana,14,android,5g,High (2K-10K),41,0,0.0,0.0
telangana,14,android,5g,Very High (>10K),2,0,0.0,0.0
telangana,14,android,wifi,Small (<500),31,0,0.0,0.0
telangana,14,android,wifi,Medium (500-2K),35,0,0.0,0.0
telangana,14,android,wifi,High (2K-10K),26,0,0.0,0.0
telangana,14,android,wifi,Very High (>10K),1,0,0.0,0.0
telangana,14,ios,3g,Small (<500),3,0,0.0,0.0
telangana,14,ios,3g,Medium (500-2K),5,0,0.0,0.0
telangana,14,ios,3g,High (2K-10K),2,0,0.0,0.0
telangana,14,ios,4g,Small (<500),50,0,0.0,0.0
telangana,14,ios,4g,Medium (500-2K),52,0,0.0,0.0
telangana,14,ios,4g,High (2K-10K),18,0,0.0,0.0
telangana,14,ios,5g,Small (<500),10,0,0.0,0.0
telangana,14,ios,5g,Medium (500-2K),16,0,0.0,0.0
telangana,14,ios,5g,High (2K-10K),8,0,0.0,0.0
telangana,14,ios,5g,Very High (>10K),1,0,0.0,0.0
telangana,14,ios,wifi,Small (<500),8,0,0.0,0.0
telangana,14,ios,wifi,Medium (500-2K),8,0,0.0,0.0
telangana,14,ios,wifi,High (2K-10K),3,0,0.0,0.0
telangana,14,web,3g,Small (<500),1,0,0.0,0.0
telangana,14,web,3g,Medium (500-2K),1,0,0.0,0.0
telangana,14,web,3g,High (2K-10K),1,0,0.0,0.0
telangana,14,web,4g,Small (<500),14,0,0.0,0.0
telangana,14,web,4g,Medium (500-2K),13,0,0.0,0.0
telangana,14,web,4g,High (2K-10K),6,0,0.0,0.0
telangana,14,web,5g,Small (<500),6,0,0.0,0.0
telangana,14,web,5g,Medium (500-2K),4,0,0.0,0.0
telangana,14,web,5g,High (2K-10K),3,0,0.0,0.0
telangana,14,web,wifi,Small (<500),2,0,0.0,0.0
telangana,14,web,wifi,Medium (500-2K),1,0,0.0,0.0
telangana,15,android,3g,Small (<500),16,0,0.0,0.0
telangana,15,android,3g,Medium (500-2K),16,0,0.0,0.0
telangana,15,android,3g,High (2K-10K),8,0,0.0,0.0
telangana,15,android,4g,Small (<500),238,0,0.0,0.0
telangana,15,android,4g,Medium (500-2K),211,0,0.0,0.0
telangana,15,android,4g,High (2K-10K),86,0,0.0,0.0
telangana,15,android,4g,Very High (>10K),3,0,0.0,0.0
telangana,15,android,5g,Small (<500),76,1,1.3157894736842104,257.0
telangana,15,android,5g,Medium (500-2K),96,3,3.125,1296.0
telangana,15,android,5g,High (2K-10K),41,0,0.0,0.0
telangana,15,android,5g,Very High (>10K),1,0,0.0,0.0
telangana,15,android,wifi,Small (<500),40,0,0.0,0.0
telangana,15,android,wifi,Medium (500-2K),40,0,0.0,0.0
telangana,15,android,wifi,High (2K-10K),16,0,0.0,0.0
telangana,15,ios,3g,Small (<500),2,0,0.0,0.0
telangana,15,ios,3g,Medium (500-2K),5,0,0.0,0.0
telangana,15,ios,3g,High (2K-10K),1,0,0.0,0.0
telangana,15,ios,4g,Small (<500),74,0,0.0,0.0
telangana,15,ios,4g,Medium (500-2K),55,0,0.0,0.0
telangana,15,ios,4g,High (2K-10K),23,0,0.0,0.0
telangana,15,ios,4g,Very High (>10K),1,0,0.0,0.0
telangana,15,ios,5g,Small (<500),28,0,0.0,0.0
telangana,15,ios,5g,Medium (500-2K),21,0,0.0,0.0
telangana,15,ios,5g,High (2K-10K),14,0,0.0,0.0
telangana,15,ios,wifi,Small (<500),10,0,0.0,0.0
telangana,15,ios,wifi,Medium (500-2K),7,0,0.0,0.0
telangana,15,ios,wifi,High (2K-10K),3,0,0.0,0.0
telangana,15,web,3g,Small (<500),1,0,0.0,0.0
telangana,15,web,3g,Medium (500-2K),1,0,0.0,0.0
telangana,15,web,4g,Small (<500),18,0,0.0,0.0
telangana,15,web,4g,Medium (500-2K),7,0,0.0,0.0
telangana,15,web,4g,High (2K-10K),7,0,0.0,0.0
telangana,15,web,5g,Small (<500),5,0,0.0,0.0
telangana,15,web,5g,Medium (500-2K),10,0,0.0,0.0
telangana,15,web,5g,High (2K-10K),1,0,0.0,0.0
telangana,15,web,wifi,Small (<500),2,0,0.0,0.0
telangana,15,web,wifi,Medium (500-2K),3,0,0.0,0.0
telangana,15,web,wifi,High (2K-10K),2,0,0.0,0.0
telangana,16,android,3g,Small (<500),13,0,0.0,0.0
telangana,16,android,3g,Medium (500-2K),14,0,0.0,0.0
telangana,16,android,3g,High (2K-10K),6,0,0.0,0.0
telangana,16,android,3g,Very High (>10K),1,0,0.0,0.0
telangana,16,android,4g,Small (<500),246,1,0.40650406504065045,286.0
telangana,16,android,4g,Medium (500-2K),204,0,0.0,0.0
telangana,16,android,4g,High (2K-10K),109,1,0.9174311926605505,5383.0
telangana,16,android,4g,Very High (>10K),2,0,0.0,0.0
telangana,16,android,5g,Small (<500),100,0,0.0,0.0
telangana,16,android,5g,Medium (500-2K),104,2,1.9230769230769231,1701.0
telangana,16,android,5g,High (2K-10K),52,0,0.0,0.0
telangana,16,android,5g,Very High (>10K),2,0,0.0,0.0
telangana,16,android,wifi,Small (<500),45,0,0.0,0.0
telangana,16,android,wifi,Medium (500-2K),39,0,0.0,0.0
telangana,16,android,wifi,High (2K-10K),12,0,0.0,0.0
telangana,16,ios,3g,Small (<500),6,0,0.0,0.0
telangana,16,ios,3g,Medium (500-2K),7,0,0.0,0.0
telangana,16,ios,4g,Small (<500),58,0,0.0,0.0
telangana,16,ios,4g,Medium (500-2K),50,0,0.0,0.0
telangana,16,ios,4g,High (2K-10K),27,0,0.0,0.0
telangana,16,ios,4g,Very High (>10K),2,0,0.0,0.0
telangana,16,ios,5g,Small (<500),19,0,0.0,0.0
telangana,16,ios,5g,Medium (500-2K),16,0,0.0,0.0
telangana,16,ios,5g,High (2K-10K),15,0,0.0,0.0
telangana,16,ios,5g,Very High (>10K),1,0,0.0,0.0
telangana,16,ios,wifi,Small (<500),11,0,0.0,0.0
telangana,16,ios,wifi,Medium (500-2K),7,0,0.0,0.0
telangana,16,ios,wifi,High (2K-10K),8,0,0.0,0.0
telangana,16,ios,wifi,Very High (>10K),1,0,0.0,0.0
telangana,16,web,3g,Medium (500-2K),2,0,0.0,0.0
telangana,16,web,4g,Small (<500),15,0,0.0,0.0
telangana,16,web,4g,Medium (500-2K),11,0,0.0,0.0
telangana,16,web,4g,High (2K-10K),6,0,0.0,0.0
telangana,16,web,5g,Small (<500),7,0,0.0,0.0
telangana,16,web,5g,Medium (500-2K),4,0,0.0,0.0
telangana,16,web,5g,High (2K-10K),2,0,0.0,0.0
telangana,16,web,wifi,Small (<500),5,0,0.0,0.0
telangana,16,web,wifi,Medium (500-2K),3,0,0.0,0.0
telangana,16,web,wifi,High (2K-10K),4,0,0.0,0.0
telangana,17,android,3g,Small (<500),34,0,0.0,0.0
telangana,17,android,3g,Medium (500-2K),18,0,0.0,0.0
telangana,17,android,3g,High (2K-10K),12,0,0.0,0.0
telangana,17,android,3g,Very High (>10K),1,0,0.0,0.0
telangana,17,android,4g,Small (<500),300,0,0.0,0.0
telangana,17,android,4g,Medium (500-2K),250,1,0.4,533.0
telangana,17,android,4g,High (2K-10K),138,0,0.0,0.0
telangana,17,android,4g,Very High (>10K),1,0,0.0,0.0
telangana,17,android,5g,Small (<500),136,0,0.0,0.0
telangana,17,android,5g,Medium (500-2K),118,0,0.0,0.0
telangana,17,android,5g,High (2K-10K),61,0,0.0,0.0
telangana,17,android,5g,Very High (>10K),2,0,0.0,0.0
telangana,17,android,wifi,Small (<500),53,1,1.8867924528301887,424.0
telangana,17,android,wifi,Medium (500-2K),33,0,0.0,0.0
telangana,17,android,wifi,High (2K-10K),23,0,0.0,0.0
telangana,17,android,wifi,Very High (>10K),2,0,0.0,0.0
telangana,17,ios,3g,Small (<500),11,0,0.0,0.0
telangana,17,ios,3g,Medium (500-2K),8,0,0.0,0.0
telangana,17,ios,3g,High (2K-10K),5,0,0.0,0.0
telangana,17,ios,4g,Small (<500),82,0,0.0,0.0
telangana,17,ios,4g,Medium (500-2K),62,0,0.0,0.0
telangana,17,ios,4g,High (2K-10K),33,0,0.0,0.0
telangana,17,ios,5g,Small (<500),35,1,2.857142857142857,202.0
telangana,17,ios,5g,Medium (500-2K),43,0,0.0,0.0
telangana,17,ios,5g,High (2K-10K),15,0,0.0,0.0
telangana,17,ios,wifi,Small (<500),15,0,0.0,0.0
telangana,17,ios,wifi,Medium (500-2K),14,0,0.0,0.0
telangana,17,ios,wifi,High (2K-10K),11,0,0.0,0.0
telangana,17,web,3g,Small (<500),2,0,0.0,0.0
telangana,17,web,3g,Medium (500-2K),2,0,0.0,0.0
telangana,17,web,4g,Small (<500),22,0,0.0,0.0
telangana,17,web,4g,Medium (500-2K),24,0,0.0,0.0
telangana,17,web,4g,High (2K-10K),8,0,0.0,0.0
telangana,17,web,4g,Very High (>10K),1,0,0.0,0.0
telangana,17,web,5g,Small (<500),13,0,0.0,0.0
telangana,17,web,5g,Medium (500-2K),7,0,0.0,0.0
telangana,17,web,5g,High (2K-10K),6,0,0.0,0.0
telangana,17,web,wifi,Small (<500),1,0,0.0,0.0
telangana,17,web,wifi,Medium (500-2K),2,0,0.0,0.0
telangana,17,web,wifi,High (2K-10K),4,0,0.0,0.0
telangana,18,android,3g,Small (<500),31,0,0.0,0.0
telangana,18,android,3g,Medium (500-2K),17,0,0.0,0.0
telangana,18,android,3g,High (2K-10K),8,0,0.0,0.0
telangana,18,android,3g,Very High (>10K),1,0,0.0,0.0
telangana,18,android,4g,Small (<500),371,2,0.5390835579514826,151.5
telangana,18,android,4g,Medium (500-2K),295,0,0.0,0.0
telangana,18,android,4g,High (2K-10K),151,0,0.0,0.0
telangana,18,android,4g,Very High (>10K),9,0,0.0,0.0
telangana,18,android,5g,Small (<500),165,1,0.6060606060606061,334.0
telangana,18,android,5g,Medium (500-2K),122,0,0.0,0.0
telangana,18,android,5g,High (2K-10K),67,0,0.0,0.0
telangana,18,android,5g,Very High (>10K),3,0,0.0,0.0
telangana,18,android,wifi,Small (<500),49,1,2.0408163265306123,44.0
telangana,18,android,wifi,Medium (500-2K),56,0,0.0,0.0
telangana,18,android,wifi,High (2K-10K),24,0,0.0,0.0
telangana,18,ios,3g,Small (<500),13,0,0.0,0.0
telangana,18,ios,3g,Medium (500-2K),6,0,0.0,0.0
telangana,18,ios,3g,High (2K-10K),4,0,0.0,0.0
telangana,18,ios,4g,Small (<500),85,0,0.0,0.0
telangana,18,ios,4g,Medium (500-2K),88,0,0.0,0.0
telangana,18,ios,4g,High (2K-10K),39,0,0.0,0.0
telangana,18,ios,4g,Very High (>10K),1,0,0.0,0.0
telangana,18,ios,5g,Small (<500),37,0,0.0,0.0
telangana,18,ios,5g,Medium (500-2K),31,0,0.0,0.0
telangana,18,ios,5g,High (2K-10K),19,0,0.0,0.0
telangana,18,ios,5g,Very High (>10K),1,0,0.0,0.0
telangana,18,ios,wifi,Small (<500),19,0,0.0,0.0
telangana,18,ios,wifi,Medium (500-2K),11,0,0.0,0.0
telangana,18,ios,wifi,High (2K-10K),7,0,0.0,0.0
telangana,18,web,3g,Small (<500),2,0,0.0,0.0
telangana,18,web,3g,Medium (500-2K),5,0,0.0,0.0
telangana,18,web,3g,High (2K-10K),2,0,0.0,0.0
telangana,18,web,4g,Small (<500),17,0,0.0,0.0
telangana,18,web,4g,Medium (500-2K),18,0,0.0,0.0
telangana,18,web,4g,High (2K-10K),13,0,0.0,0.0
telangana,18,web,5g,Small (<500),14,0,0.0,0.0
telangana,18,web,5g,Medium (500-2K),11,0,0.0,0.0
telangana,18,web,5g,High (2K-10K),6,0,0.0,0.0
telangana,18,web,wifi,Small (<500),3,0,0.0,0.0
telangana,18,web,wifi,Medium (500-2K),1,0,0.0,0.0
telangana,18,web,wifi,High (2K-10K),2,0,0.0,0.0
telangana,19,android,3g,Small (<500),29,0,0.0,0.0
telangana,19,android,3g,Medium (500-2K),33,0,0.0,0.0
telangana,19,android,3g,High (2K-10K),15,0,0.0,0.0
telangana,19,android,4g,Small (<500),365,0,0.0,0.0
telangana,19,android,4g,Medium (500-2K),324,0,0.0,0.0
telangana,19,android,4g,High (2K-10K),156,0,0.0,0.0
telangana,19,android,4g,Very High (>10K),2,0,0.0,0.0
telangana,19,android,5g,Small (<500),144,0,0.0,0.0
telangana,19,android,5g,Medium (500-2K),121,0,0.0,0.0
telangana,19,android,5g,High (2K-10K),78,0,0.0,0.0
telangana,19,android,5g,Very High (>10K),3,0,0.0,0.0
telangana,19,android,wifi,Small (<500),58,0,0.0,0.0
telangana,19,android,wifi,Medium (500-2K),48,0,0.0,0.0
telangana,19,android,wifi,High (2K-10K),22,0,0.0,0.0
telangana,19,ios,3g,Small (<500),5,0,0.0,0.0
telangana,19,ios,3g,Medium (500-2K),8,0,0.0,0.0
telangana,19,ios,3g,High (2K-10K),6,0,0.0,0.0
telangana,19,ios,4g,Small (<500),100,0,0.0,0.0
telangana,19,ios,4g,Medium (500-2K),69,0,0.0,0.0
telangana,19,ios,4g,High (2K-10K),56,0,0.0,0.0
telangana,19,ios,4g,Very High (>10K),6,0,0.0,0.0
telangana,19,ios,5g,Small (<500),47,0,0.0,0.0
telangana,19,ios,5g,Medium (500-2K),36,0,0.0,0.0
telangana,19,ios,5g,High (2K-10K),18,0,0.0,0.0
telangana,19,ios,5g,Very High (>10K),1,0,0.0,0.0
telangana,19,ios,wifi,Small (<500),15,0,0.0,0.0
telangana,19,ios,wifi,Medium (500-2K),14,0,0.0,0.0
telangana,19,ios,wifi,High (2K-10K),6,0,0.0,0.0
telangana,19,web,3g,Small (<500),5,0,0.0,0.0
telangana,19,web,3g,Medium (500-2K),4,0,0.0,0.0
telangana,19,web,3g,High (2K-10K),3,0,0.0,0.0
telangana,19,web,4g,Small (<500),42,0,0.0,0.0
telangana,19,web,4g,Medium (500-2K),26,0,0.0,0.0
telangana,19,web,4g,High (2K-10K),10,0,0.0,0.0
telangana,19,web,5g,Small (<500),12,0,0.0,0.0
telangana,19,web,5g,Medium (500-2K),16,0,0.0,0.0
telangana,19,web,5g,High (2K-10K),6,0,0.0,0.0
telangana,19,web,wifi,Small (<500),1,0,0.0,0.0
telangana,19,web,wifi,Medium (500-2K),2,0,0.0,0.0
telangana,19,web,wifi,High (2K-10K),2,0,0.0,0.0
telangana,20,android,3g,Small (<500),23,0,0.0,0.0
telangana,20,android,3g,Medium (500-2K),22,0,0.0,0.0
telangana,20,android,3g,High (2K-10K),10,0,0.0,0.0
telangana,20,android,4g,Small (<500),326,2,0.6134969325153374,203.5
telangana,20,android,4g,Medium (500-2K),250,2,0.8,1006.0
telangana,20,android,4g,High (2K-10K),144,0,0.0,0.0
telangana,20,android,4g,Very High (>10K),8,0,0.0,0.0
telangana,20,android,5g,Small (<500),148,1,0.6756756756756757,214.0
telangana,20,android,5g,Medium (500-2K),122,0,0.0,0.0
telangana,20,android,5g,High (2K-10K),58,0,0.0,0.0
telangana,20,android,5g,Very High (>10K),2,0,0.0,0.0
telangana,20,android,wifi,Small (<500),53,0,0.0,0.0
telangana,20,android,wifi,Medium (500-2K),48,0,0.0,0.0
telangana,20,android,wifi,High (2K-10K),19,0,0.0,0.0
telangana,20,android,wifi,Very High (>10K),1,0,0.0,0.0
telangana,20,ios,3g,Small (<500),4,0,0.0,0.0
telangana,20,ios,3g,Medium (500-2K),4,0,0.0,0.0
telangana,20,ios,3g,High (2K-10K),5,0,0.0,0.0
telangana,20,ios,4g,Small (<500),97,0,0.0,0.0
telangana,20,ios,4g,Medium (500-2K),76,0,0.0,0.0
telangana,20,ios,4g,High (2K-10K),46,0,0.0,0.0
telangana,20,ios,4g,Very High (>10K),3,0,0.0,0.0
telangana,20,ios,5g,Small (<500),39,0,0.0,0.0
telangana,20,ios,5g,Medium (500-2K),25,0,0.0,0.0
telangana,20,ios,5g,High (2K-10K),13,0,0.0,0.0
telangana,20,ios,5g,Very High (>10K),2,0,0.0,0.0
telangana,20,ios,wifi,Small (<500),18,0,0.0,0.0
telangana,20,ios,wifi,Medium (500-2K),11,0,0.0,0.0
telangana,20,ios,wifi,High (2K-10K),5,0,0.0,0.0
telangana,20,web,3g,Small (<500),2,0,0.0,0.0
telangana,20,web,3g,Medium (500-2K),2,0,0.0,0.0
telangana,20,web,4g,Small (<500),14,1,7.142857142857142,486.0
telangana,20,web,4g,Medium (500-2K),23,0,0.0,0.0
telangana,20,web,4g,High (2K-10K),8,0,0.0,0.0
telangana,20,web,5g,Small (<500),15,0,0.0,0.0
telangana,20,web,5g,Medium (500-2K),4,0,0.0,0.0
telangana,20,web,5g,High (2K-10K),6,0,0.0,0.0
telangana,20,web,wifi,Small (<500),1,0,0.0,0.0
telangana,20,web,wifi,Medium (500-2K),1,0,0.0,0.0
telangana,20,web,wifi,High (2K-10K),2,0,0.0,0.0
telangana,21,android,3g,Small (<500),13,0,0.0,0.0
telangana,21,android,3g,Medium (500-2K),16,0,0.0,0.0
telangana,21,android,3g,High (2K-10K),12,0,0.0,0.0
telangana,21,android,4g,Small (<500),257,0,0.0,0.0
telangana,21,android,4g,Medium (500-2K),235,0,0.0,0.0
telangana,21,android,4g,High (2K-10K),130,0,0.0,0.0
telangana,21,android,4g,Very High (>10K),4,0,0.0,0.0
telangana,21,android,5g,Small (<500),119,0,0.0,0.0
telangana,21,android,5g,Medium (500-2K),98,0,0.0,0.0
telangana,21,android,5g,High (2K-10K),51,0,0.0,0.0
telangana,21,android,5g,Very High (>10K),3,0,0.0,0.0
telangana,21,android,wifi,Small (<500),48,0,0.0,0.0
telangana,21,android,wifi,Medium (500-2K),37,0,0.0,0.0
telangana,21,android,wifi,High (2K-10K),17,0,0.0,0.0
telangana,21,android,wifi,Very High (>10K),2,0,0.0,0.0
telangana,21,ios,3g,Small (<500),4,0,0.0,0.0
telangana,21,ios,3g,Medium (500-2K),5,0,0.0,0.0
telangana,21,ios,3g,High (2K-10K),2,0,0.0,0.0
telangana,21,ios,4g,Small (<500),85,0,0.0,0.0
telangana,21,ios,4g,Medium (500-2K),70,0,0.0,0.0
telangana,21,ios,4g,High (2K-10K),29,0,0.0,0.0
telangana,21,ios,5g,Small (<500),32,0,0.0,0.0
telangana,21,ios,5g,Medium (500-2K),39,0,0.0,0.0
telangana,21,ios,5g,High (2K-10K),13,0,0.0,0.0
telangana,21,ios,wifi,Small (<500),19,0,0.0,0.0
telangana,21,ios,wifi,Medium (500-2K),12,0,0.0,0.0
telangana,21,ios,wifi,High (2K-10K),3,0,0.0,0.0
telangana,21,web,3g,Medium (500-2K),1,0,0.0,0.0
telangana,21,web,3g,High (2K-10K),1,0,0.0,0.0
telangana,21,web,4g,Small (<500),18,0,0.0,0.0
telangana,21,web,4g,Medium (500-2K),14,0,0.0,0.0
telangana,21,web,4g,High (2K-10K),6,0,0.0,0.0
telangana,21,web,5g,Small (<500),6,0,0.0,0.0
telangana,21,web,5g,Medium (500-2K),5,1,20.0,1358.0
telangana,21,web,5g,High (2K-10K),2,0,0.0,0.0
telangana,21,web,wifi,Small (<500),8,0,0.0,0.0
telangana,21,web,wifi,Medium (500-2K),2,0,0.0,0.0
telangana,21,web,wifi,High (2K-10K),1,0,0.0,0.0
telangana,22,android,3g,Small (<500),13,0,0.0,0.0
telangana,22,android,3g,Medium (500-2K),10,0,0.0,0.0
telangana,22,android,3g,High (2K-10K),3,0,0.0,0.0
telangana,22,android,4g,Small (<500),193,0,0.0,0.0
telangana,22,android,4g,Medium (500-2K),139,1,0.7194244604316548,854.0
telangana,22,android,4g,High (2K-10K),73,0,0.0,0.0
telangana,22,android,4g,Very High (>10K),5,0,0.0,0.0
telangana,22,android,5g,Small (<500),58,0,0.0,0.0
telangana,22,android,5g,Medium (500-2K),56,0,0.0,0.0
telangana,22,android,5g,High (2K-10K),28,0,0.0,0.0
telangana,22,android,5g,Very High (>10K),1,0,0.0,0.0
telangana,22,android,wifi,Small (<500),31,0,0.0,0.0
telangana,22,android,wifi,Medium (500-2K),17,1,5.88235294117647,633.0
telangana,22,android,wifi,High (2K-10K),15,0,0.0,0.0
telangana,22,android,wifi,Very High (>10K),1,0,0.0,0.0
telangana,22,ios,3g,Small (<500),5,0,0.0,0.0
telangana,22,ios,3g,Medium (500-2K),4,0,0.0,0.0
telangana,22,ios,3g,High (2K-10K),3,0,0.0,0.0
telangana,22,ios,4g,Small (<500),44,0,0.0,0.0
telangana,22,ios,4g,Medium (500-2K),43,0,0.0,0.0
telangana,22,ios,4g,High (2K-10K),21,0,0.0,0.0
telangana,22,ios,5g,Small (<500),24,0,0.0,0.0
telangana,22,ios,5g,Medium (500-2K),11,0,0.0,0.0
telangana,22,ios,5g,High (2K-10K),7,0,0.0,0.0
telangana,22,ios,5g,Very High (>10K),1,0,0.0,0.0
telangana,22,ios,wifi,Small (<500),8,0,0.0,0.0
telangana,22,ios,wifi,Medium (500-2K),6,0,0.0,0.0
telangana,22,ios,wifi,High (2K-10K),4,0,0.0,0.0
telangana,22,web,3g,Medium (500-2K),1,0,0.0,0.0
telangana,22,web,4g,Small (<500),16,0,0.0,0.0
telangana,22,web,4g,Medium (500-2K),3,0,0.0,0.0
telangana,22,web,4g,High (2K-10K),6,0,0.0,0.0
telangana,22,web,5g,Small (<500),5,0,0.0,0.0
telangana,22,web,5g,Medium (500-2K),4,0,0.0,0.0
telangana,22,web,5g,High (2K-10K),1,0,0.0,0.0
telangana,22,web,wifi,Small (<500),2,0,0.0,0.0
telangana,22,web,wifi,Medium (500-2K),3,0,0.0,0.0
telangana,23,android,3g,Small (<500),6,0,0.0,0.0
telangana,23,android,3g,Medium (500-2K),7,1,14.285714285714285,547.0
telangana,23,android,3g,High (2K-10K),4,0,0.0,0.0
telangana,23,android,4g,Small (<500),93,0,0.0,0.0
telangana,23,android,4g,Medium (500-2K),105,0,0.0,0.0
telangana,23,android,4g,High (2K-10K),41,0,0.0,0.0
telangana,23,android,4g,Very High (>10K),5,0,0.0,0.0
telangana,23,android,5g,Small (<500),41,0,0.0,0.0
telangana,23,android,5g,Medium (500-2K),31,0,0.0,0.0
telangana,23,android,5g,High (2K-10K),17,0,0.0,0.0
telangana,23,android,5g,Very High (>10K),1,0,0.0,0.0
telangana,23,android,wifi,Small (<500),17,0,0.0,0.0
telangana,23,android,wifi,Medium (500-2K),16,0,0.0,0.0
telangana,23,android,wifi,High (2K-10K),8,0,0.0,0.0
telangana,23,ios,3g,Medium (500-2K),3,0,0.0,0.0
telangana,23,ios,4g,Small (<500),28,0,0.0,0.0
telangana,23,ios,4g,Medium (500-2K),17,0,0.0,0.0
telangana,23,ios,4g,High (2K-10K),13,0,0.0,0.0
telangana,23,ios,5g,Small (<500),14,0,0.0,0.0
telangana,23,ios,5g,Medium (500-2K),7,0,0.0,0.0
telangana,23,ios,5g,High (2K-10K),7,0,0.0,0.0
telangana,23,ios,wifi,Small (<500),5,0,0.0,0.0
telangana,23,ios,wifi,Medium (500-2K),4,0,0.0,0.0
telangana,23,ios,wifi,High (2K-10K),1,0,0.0,0.0
telangana,23,ios,wifi,Very High (>10K),1,0,0.0,0.0
telangana,23,web,3g,Small (<500),2,0,0.0,0.0
telangana,23,web,4g,Small (<500),3,0,0.0,0.0
telangana,23,web,4g,Medium (500-2K),7,0,0.0,0.0
telangana,23,web,4g,High (2K-10K),3,0,0.0,0.0
telangana,23,web,5g,Small (<500),3,0,0.0,0.0
telangana,23,web,5g,Medium (500-2K),2,0,0.0,0.0
telangana,23,web,5g,High (2K-10K),1,0,0.0,0.0
telangana,23,web,wifi,Small (<500),1,0,0.0,0.0
telangana,23,web,wifi,Medium (500-2K),2,0,0.0,0.0
telangana,23,web,wifi,High (2K-10K),2,0,0.0,0.0
uttar pradesh,0,android,3g,Small (<500),9,0,0.0,0.0
uttar pradesh,0,android,3g,Medium (500-2K),10,0,0.0,0.0
uttar pradesh,0,android,3g,High (2K-10K),6,0,0.0,0.0
uttar pradesh,0,android,4g,Small (<500),73,0,0.0,0.0
uttar pradesh,0,android,4g,Medium (500-2K),59,0,0.0,0.0
uttar pradesh,0,android,4g,High (2K-10K),32,0,0.0,0.0
uttar pradesh,0,android,4g,Very High (>10K),5,0,0.0,0.0
uttar pradesh,0,android,5g,Small (<500),30,0,0.0,0.0
uttar pradesh,0,android,5g,Medium (500-2K),28,0,0.0,0.0
uttar pradesh,0,android,5g,High (2K-10K),11,0,0.0,0.0
uttar pradesh,0,android,5g,Very High (>10K),1,0,0.0,0.0
uttar pradesh,0,android,wifi,Small (<500),17,0,0.0,0.0
uttar pradesh,0,android,wifi,Medium (500-2K),11,0,0.0,0.0
uttar pradesh,0,android,wifi,High (2K-10K),7,0,0.0,0.0
uttar pradesh,0,ios,3g,High (2K-10K),1,0,0.0,0.0
uttar pradesh,0,ios,4g,Small (<500),15,0,0.0,0.0
uttar pradesh,0,ios,4g,Medium (500-2K),25,0,0.0,0.0
uttar pradesh,0,ios,4g,High (2K-10K),10,0,0.0,0.0
uttar pradesh,0,ios,5g,Small (<500),11,0,0.0,0.0
uttar pradesh,0,ios,5g,Medium (500-2K),9,0,0.0,0.0
uttar pradesh,0,ios,5g,High (2K-10K),2,0,0.0,0.0
uttar pradesh,0,ios,wifi,Small (<500),6,0,0.0,0.0
uttar pradesh,0,ios,wifi,Medium (500-2K),9,0,0.0,0.0
uttar pradesh,0,ios,wifi,High (2K-10K),1,0,0.0,0.0
uttar pradesh,0,web,3g,Small (<500),1,0,0.0,0.0
uttar pradesh,0,web,4g,Small (<500),6,0,0.0,0.0
uttar pradesh,0,web,4g,Medium (500-2K),6,0,0.0,0.0
uttar pradesh,0,web,4g,High (2K-10K),3,0,0.0,0.0
uttar pradesh,0,web,5g,Small (<500),4,0,0.0,0.0
uttar pradesh,0,web,5g,Medium (500-2K),1,0,0.0,0.0
uttar pradesh,0,web,5g,High (2K-10K),1,0,0.0,0.0
uttar pradesh,0,web,wifi,Medium (500-2K),1,0,0.0,0.0
uttar pradesh,1,android,3g,Small (<500),6,0,0.0,0.0
uttar pradesh,1,android,3g,Medium (500-2K),5,0,0.0,0.0
uttar pradesh,1,android,3g,High (2K-10K),4,0,0.0,0.0
uttar pradesh,1,android,3g,Very High (>10K),1,0,0.0,0.0
uttar pradesh,1,android,4g,Small (<500),53,0,0.0,0.0
uttar pradesh,1,android,4g,Medium (500-2K),44,0,0.0,0.0
uttar pradesh,1,android,4g,High (2K-10K),24,0,0.0,0.0
uttar pradesh,1,android,4g,Very High (>10K),1,0,0.0,0.0
uttar pradesh,1,android,5g,Small (<500),20,0,0.0,0.0
uttar pradesh,1,android,5g,Medium (500-2K),16,0,0.0,0.0
uttar pradesh,1,android,5g,High (2K-10K),6,0,0.0,0.0
uttar pradesh,1,android,wifi,Small (<500),9,0,0.0,0.0
uttar pradesh,1,android,wifi,Medium (500-2K),5,0,0.0,0.0
uttar pradesh,1,android,wifi,High (2K-10K),4,0,0.0,0.0
uttar pradesh,1,android,wifi,Very High (>10K),1,0,0.0,0.0
uttar pradesh,1,ios,4g,Small (<500),12,0,0.0,0.0
uttar pradesh,1,ios,4g,Medium (500-2K),5,0,0.0,0.0
uttar pradesh,1,ios,4g,High (2K-10K),1,0,0.0,0.0
uttar pradesh,1,ios,5g,Small (<500),6,0,0.0,0.0
uttar pradesh,1,ios,5g,Medium (500-2K),3,0,0.0,0.0
uttar pradesh,1,ios,5g,High (2K-10K),1,0,0.0,0.0
uttar pradesh,1,ios,wifi,Small (<500),1,0,0.0,0.0
uttar pradesh,1,ios,wifi,Medium (500-2K),6,1,16.666666666666664,1763.0
uttar pradesh,1,ios,wifi,High (2K-10K),1,0,0.0,0.0
uttar pradesh,1,web,4g,Small (<500),3,0,0.0,0.0
uttar pradesh,1,web,4g,Medium (500-2K),2,0,0.0,0.0
uttar pradesh,1,web,4g,High (2K-10K),2,0,0.0,0.0
uttar pradesh,1,web,5g,Small (<500),2,0,0.0,0.0
uttar pradesh,1,web,5g,Medium (500-2K),2,0,0.0,0.0
uttar pradesh,1,web,5g,High (2K-10K),1,0,0.0,0.0
uttar pradesh,1,web,wifi,Small (<500),1,0,0.0,0.0
uttar pradesh,1,web,wifi,High (2K-10K),1,0,0.0,0.0
uttar pradesh,2,android,3g,Small (<500),2,0,0.0,0.0
uttar pradesh,2,android,3g,Medium (500-2K),2,0,0.0,0.0
uttar pradesh,2,android,4g,Small (<500),41,0,0.0,0.0
uttar pradesh,2,android,4g,Medium (500-2K),20,0,0.0,0.0
uttar pradesh,2,android,4g,High (2K-10K),17,0,0.0,0.0
uttar pradesh,2,android,5g,Small (<500),16,0,0.0,0.0
uttar pradesh,2,android,5g,Medium (500-2K),13,0,0.0,0.0
uttar pradesh,2,android,5g,High (2K-10K),9,0,0.0,0.0
uttar pradesh,2,android,wifi,Small (<500),7,0,0.0,0.0
uttar pradesh,2,android,wifi,Medium (500-2K),3,0,0.0,0.0
uttar pradesh,2,android,wifi,High (2K-10K),2,0,0.0,0.0
uttar pradesh,2,android,wifi,Very High (>10K),2,0,0.0,0.0
uttar pradesh,2,ios,3g,Small (<500),2,0,0.0,0.0
uttar pradesh,2,ios,3g,Medium (500-2K),2,0,0.0,0.0
uttar pradesh,2,ios,4g,Small (<500),20,0,0.0,0.0
uttar pradesh,2,ios,4g,Medium (500-2K),8,0,0.0,0.0
uttar pradesh,2,ios,4g,High (2K-10K),3,0,0.0,0.0
uttar pradesh,2,ios,5g,Small (<500),4,0,0.0,0.0
uttar pradesh,2,ios,5g,Medium (500-2K),1,0,0.0,0.0
uttar pradesh,2,ios,5g,High (2K-10K),3,0,0.0,0.0
uttar pradesh,2,ios,wifi,Small (<500),3,0,0.0,0.0
uttar pradesh,2,ios,wifi,Medium (500-2K),4,0,0.0,0.0
uttar pradesh,2,ios,wifi,High (2K-10K),5,0,0.0,0.0
uttar pradesh,2,web,4g,Medium (500-2K),6,0,0.0,0.0
uttar pradesh,2,web,4g,High (2K-10K),1,0,0.0,0.0
uttar pradesh,2,web,5g,Medium (500-2K),1,0,0.0,0.0
uttar pradesh,2,web,5g,High (2K-10K),1,0,0.0,0.0
uttar pradesh,2,web,wifi,Medium (500-2K),1,0,0.0,0.0
uttar pradesh,3,android,3g,Small (<500),5,0,0.0,0.0
uttar pradesh,3,android,3g,Medium (500-2K),1,0,0.0,0.0
uttar pradesh,3,android,3g,High (2K-10K),2,0,0.0,0.0
uttar pradesh,3,android,4g,Small (<500),36,0,0.0,0.0
uttar pradesh,3,android,4g,Medium (500-2K),23,0,0.0,0.0
uttar pradesh,3,android,4g,High (2K-10K),17,0,0.0,0.0
uttar pradesh,3,android,4g,Very High (>10K),1,0,0.0,0.0
uttar pradesh,3,android,5g,Small (<500),8,0,0.0,0.0
uttar pradesh,3,android,5g,Medium (500-2K),13,0,0.0,0.0
uttar pradesh,3,android,5g,High (2K-10K),5,0,0.0,0.0
uttar pradesh,3,android,wifi,Small (<500),3,0,0.0,0.0
uttar pradesh,3,android,wifi,Medium (500-2K),9,0,0.0,0.0
uttar pradesh,3,android,wifi,High (2K-10K),3,0,0.0,0.0
uttar pradesh,3,ios,3g,Small (<500),1,0,0.0,0.0
uttar pradesh,3,ios,3g,High (2K-10K),1,0,0.0,0.0
uttar pradesh,3,ios,4g,Small (<500),7,0,0.0,0.0
uttar pradesh,3,ios,4g,Medium (500-2K),8,1,12.5,1876.0
uttar pradesh,3,ios,4g,High (2K-10K),3,0,0.0,0.0
uttar pradesh,3,ios,4g,Very High (>10K),1,0,0.0,0.0
uttar pradesh,3,ios,5g,Small (<500),4,0,0.0,0.0
uttar pradesh,3,ios,5g,Medium (500-2K),3,0,0.0,0.0
uttar pradesh,3,ios,5g,High (2K-10K),3,0,0.0,0.0
uttar pradesh,3,ios,wifi,Medium (500-2K),2,0,0.0,0.0
uttar pradesh,3,web,4g,High (2K-10K),2,0,0.0,0.0
uttar pradesh,3,web,5g,Small (<500),1,0,0.0,0.0
uttar pradesh,3,web,5g,Medium (500-2K),1,0,0.0,0.0
uttar pradesh,3,web,5g,High (2K-10K),2,0,0.0,0.0
uttar pradesh,3,web,wifi,Medium (500-2K),1,0,0.0,0.0
uttar pradesh,4,android,3g,Small (<500),2,0,0.0,0.0
uttar pradesh,4,android,3g,High (2K-10K),1,0,0.0,0.0
uttar pradesh,4,android,4g,Small (<500),31,0,0.0,0.0
uttar pradesh,4,android,4g,Medium (500-2K),23,0,0.0,0.0
uttar pradesh,4,android,4g,High (2K-10K),11,0,0.0,0.0
uttar pradesh,4,android,5g,Small (<500),13,0,0.0,0.0
uttar pradesh,4,android,5g,Medium (500-2K),10,0,0.0,0.0
uttar pradesh,4,android,5g,High (2K-10K),7,0,0.0,0.0
uttar pradesh,4,android,wifi,Small (<500),6,0,0.0,0.0
uttar pradesh,4,android,wifi,Medium (500-2K),1,0,0.0,0.0
uttar pradesh,4,ios,3g,Medium (500-2K),1,0,0.0,0.0
uttar pradesh,4,ios,3g,High (2K-10K),1,0,0.0,0.0
uttar pradesh,4,ios,4g,Small (<500),4,0,0.0,0.0
uttar pradesh,4,ios,4g,Medium (500-2K),5,0,0.0,0.0
uttar pradesh,4,ios,4g,High (2K-10K),3,0,0.0,0.0
uttar pradesh,4,ios,4g,Very High (>10K),1,0,0.0,0.0
uttar pradesh,4,ios,5g,Small (<500),3,0,0.0,0.0
uttar pradesh,4,ios,5g,Medium (500-2K),3,0,0.0,0.0
uttar pradesh,4,ios,5g,High (2K-10K),1,0,0.0,0.0
uttar pradesh,4,ios,5g,Very High (>10K),1,0,0.0,0.0
uttar pradesh,4,ios,wifi,Small (<500),1,0,0.0,0.0
uttar pradesh,4,ios,wifi,Medium (500-2K),2,0,0.0,0.0
uttar pradesh,4,ios,wifi,High (2K-10K),3,0,0.0,0.0
uttar pradesh,4,web,4g,Small (<500),1,0,0.0,0.0
uttar pradesh,4,web,4g,Medium (500-2K),2,0,0.0,0.0
uttar pradesh,4,web,5g,Small (<500),1,0,0.0,0.0
uttar pradesh,4,web,5g,High (2K-10K),1,0,0.0,0.0
uttar pradesh,5,android,3g,Small (<500),5,0,0.0,0.0
uttar pradesh,5,android,3g,Medium (500-2K),5,0,0.0,0.0
uttar pradesh,5,android,3g,High (2K-10K),2,0,0.0,0.0
uttar pradesh,5,android,4g,Small (<500),38,0,0.0,0.0
uttar pradesh,5,android,4g,Medium (500-2K),31,0,0.0,0.0
uttar pradesh,5,android,4g,High (2K-10K),8,0,0.0,0.0
uttar pradesh,5,android,4g,Very High (>10K),1,0,0.0,0.0
uttar pradesh,5,android,5g,Small (<500),14,0,0.0,0.0
uttar pradesh,5,android,5g,Medium (500-2K),17,0,0.0,0.0
uttar pradesh,5,android,5g,High (2K-10K),10,0,0.0,0.0
uttar pradesh,5,android,wifi,Small (<500),11,0,0.0,0.0
uttar pradesh,5,android,wifi,Medium (500-2K),5,0,0.0,0.0
uttar pradesh,5,android,wifi,High (2K-10K),5,0,0.0,0.0
uttar pradesh,5,ios,4g,Small (<500),11,0,0.0,0.0
uttar pradesh,5,ios,4g,Medium (500-2K),7,0,0.0,0.0
uttar pradesh,5,ios,4g,High (2K-10K),2,0,0.0,0.0
uttar pradesh,5,ios,5g,Small (<500),7,0,0.0,0.0
uttar pradesh,5,ios,5g,Medium (500-2K),4,0,0.0,0.0
uttar pradesh,5,ios,5g,High (2K-10K),4,0,0.0,0.0
uttar pradesh,5,ios,wifi,Small (<500),3,0,0.0,0.0
uttar pradesh,5,ios,wifi,High (2K-10K),1,0,0.0,0.0
uttar pradesh,5,web,3g,Small (<500),1,0,0.0,0.0
uttar pradesh,5,web,4g,Small (<500),4,0,0.0,0.0
uttar pradesh,5,web,4g,Medium (500-2K),2,0,0.0,0.0
uttar pradesh,5,web,4g,High (2K-10K),2,0,0.0,0.0
uttar pradesh,5,web,5g,Small (<500),3,0,0.0,0.0
uttar pradesh,5,web,5g,Medium (500-2K),1,0,0.0,0.0
uttar pradesh,5,web,5g,High (2K-10K),1,0,0.0,0.0
uttar pradesh,5,web,wifi,Small (<500),1,0,0.0,0.0
uttar pradesh,5,web,wifi,Medium (500-2K),1,0,0.0,0.0
uttar pradesh,6,android,3g,Small (<500),6,0,0.0,0.0
uttar pradesh,6,android,3g,Medium (500-2K),9,0,0.0,0.0
uttar pradesh,6,android,3g,High (2K-10K),1,0,0.0,0.0
uttar pradesh,6,android,4g,Small (<500),87,0,0.0,0.0
uttar pradesh,6,android,4g,Medium (500-2K),84,0,0.0,0.0
uttar pradesh,6,android,4g,High (2K-10K),37,0,0.0,0.0
uttar pradesh,6,android,4g,Very High (>10K),1,0,0.0,0.0
uttar pradesh,6,android,5g,Small (<500),31,0,0.0,0.0
uttar pradesh,6,android,5g,Medium (500-2K),31,0,0.0,0.0
uttar pradesh,6,android,5g,High (2K-10K),19,1,5.263157894736842,3945.0
uttar pradesh,6,android,5g,Very High (>10K),1,0,0.0,0.0
uttar pradesh,6,android,wifi,Small (<500),17,0,0.0,0.0
uttar pradesh,6,android,wifi,Medium (500-2K),10,0,0.0,0.0
uttar pradesh,6,android,wifi,High (2K-10K),7,0,0.0,0.0
uttar pradesh,6,ios,3g,Small (<500),1,0,0.0,0.0
uttar pradesh,6,ios,4g,Small (<500),23,0,0.0,0.0
uttar pradesh,6,ios,4g,Medium (500-2K),13,0,0.0,0.0
uttar pradesh,6,ios,4g,High (2K-10K),11,0,0.0,0.0
uttar pradesh,6,ios,5g,Small (<500),9,0,0.0,0.0
uttar pradesh,6,ios,5g,Medium (500-2K),6,0,0.0,0.0
uttar pradesh,6,ios,5g,High (2K-10K),6,0,0.0,0.0
uttar pradesh,6,ios,wifi,Small (<500),6,0,0.0,0.0
uttar pradesh,6,ios,wifi,Medium (500-2K),5,0,0.0,0.0
uttar pradesh,6,ios,wifi,High (2K-10K),1,0,0.0,0.0
uttar pradesh,6,web,3g,Medium (500-2K),2,0,0.0,0.0
uttar pradesh,6,web,4g,Small (<500),7,0,0.0,0.0
uttar pradesh,6,web,4g,Medium (500-2K),9,0,0.0,0.0
uttar pradesh,6,web,4g,High (2K-10K),3,0,0.0,0.0
uttar pradesh,6,web,5g,Small (<500),4,0,0.0,0.0
uttar pradesh,6,web,5g,Medium (500-2K),1,0,0.0,0.0
uttar pradesh,6,web,5g,High (2K-10K),1,0,0.0,0.0
uttar pradesh,6,web,wifi,Small (<500),2,0,0.0,0.0
uttar pradesh,6,web,wifi,Medium (500-2K),1,0,0.0,0.0
uttar pradesh,6,web,wifi,High (2K-10K),1,0,0.0,0.0
uttar pradesh,7,android,3g,Small (<500),13,0,0.0,0.0
uttar pradesh,7,android,3g,Medium (500-2K),5,0,0.0,0.0
uttar pradesh,7,android,3g,High (2K-10K),2,0,0.0,0.0
uttar pradesh,7,android,3g,Very High (>10K),1,0,0.0,0.0
uttar pradesh,7,android,4g,Small (<500),132,1,0.7575757575757576,150.0
uttar pradesh,7,android,4g,Medium (500-2K),117,0,0.0,0.0
uttar pradesh,7,android,4g,High (2K-10K),67,0,0.0,0.0
uttar pradesh,7,android,4g,Very High (>10K),6,0,0.0,0.0
uttar pradesh,7,android,5g,Small (<500),41,1,2.4390243902439024,408.0
uttar pradesh,7,android,5g,Medium (500-2K),49,0,0.0,0.0
uttar pradesh,7,android,5g,High (2K-10K),23,0,0.0,0.0
uttar pradesh,7,android,5g,Very High (>10K),1,0,0.0,0.0
uttar pradesh,7,android,wifi,Small (<500),24,1,4.166666666666666,54.0
uttar pradesh,7,android,wifi,Medium (500-2K),13,0,0.0,0.0
uttar pradesh,7,android,wifi,High (2K-10K),9,0,0.0,0.0
uttar pradesh,7,ios,3g,Small (<500),4,0,0.0,0.0
uttar pradesh,7,ios,3g,Medium (500-2K),3,0,0.0,0.0
uttar pradesh,7,ios,4g,Small (<500),36,0,0.0,0.0
uttar pradesh,7,ios,4g,Medium (500-2K),30,0,0.0,0.0
uttar pradesh,7,ios,4g,High (2K-10K),15,0,0.0,0.0
uttar pradesh,7,ios,5g,Small (<500),15,0,0.0,0.0
uttar pradesh,7,ios,5g,Medium (500-2K),13,0,0.0,0.0
uttar pradesh,7,ios,5g,High (2K-10K),8,0,0.0,0.0
uttar pradesh,7,ios,wifi,Small (<500),7,0,0.0,0.0
uttar pradesh,7,ios,wifi,Medium (500-2K),7,0,0.0,0.0
uttar pradesh,7,ios,wifi,High (2K-10K),2,0,0.0,0.0
uttar pradesh,7,web,3g,Small (<500),1,0,0.0,0.0
uttar pradesh,7,web,3g,High (2K-10K),1,0,0.0,0.0
uttar pradesh,7,web,4g,Small (<500),5,0,0.0,0.0
uttar pradesh,7,web,4g,Medium (500-2K),5,0,0.0,0.0
uttar pradesh,7,web,4g,High (2K-10K),4,0,0.0,0.0
uttar pradesh,7,web,5g,Small (<500),2,0,0.0,0.0
uttar pradesh,7,web,5g,Medium (500-2K),3,0,0.0,0.0
uttar pradesh,7,web,5g,High (2K-10K),2,0,0.0,0.0
uttar pradesh,7,web,wifi,Small (<500),3,0,0.0,0.0
uttar pradesh,8,android,3g,Small (<500),18,0,0.0,0.0
uttar pradesh,8,android,3g,Medium (500-2K),16,0,0.0,0.0
uttar pradesh,8,android,3g,High (2K-10K),8,0,0.0,0.0
uttar pradesh,8,android,4g,Small (<500),176,1,0.5681818181818182,162.0
uttar pradesh,8,android,4g,Medium (500-2K),163,0,0.0,0.0
uttar pradesh,8,android,4g,High (2K-10K),77,0,0.0,0.0
uttar pradesh,8,android,4g,Very High (>10K),2,0,0.0,0.0
uttar pradesh,8,android,5g,Small (<500),78,0,0.0,0.0
uttar pradesh,8,android,5g,Medium (500-2K),66,0,0.0,0.0
uttar pradesh,8,android,5g,High (2K-10K),34,0,0.0,0.0
uttar pradesh,8,android,wifi,Small (<500),44,0,0.0,0.0
uttar pradesh,8,android,wifi,Medium (500-2K),36,0,0.0,0.0
uttar pradesh,8,android,wifi,High (2K-10K),21,0,0.0,0.0
uttar pradesh,8,ios,3g,Small (<500),6,0,0.0,0.0
uttar pradesh,8,ios,3g,Medium (500-2K),2,0,0.0,0.0
uttar pradesh,8,ios,3g,High (2K-10K),1,0,0.0,0.0
uttar pradesh,8,ios,4g,Small (<500),60,0,0.0,0.0
uttar pradesh,8,ios,4g,Medium (500-2K),37,0,0.0,0.0
uttar pradesh,8,ios,4g,High (2K-10K),31,0,0.0,0.0
uttar pradesh,8,ios,5g,Small (<500),8,0,0.0,0.0
uttar pradesh,8,ios,5g,Medium (500-2K),17,0,0.0,0.0
uttar pradesh,8,ios,5g,High (2K-10K),10,0,0.0,0.0
uttar pradesh,8,ios,wifi,Small (<500),8,0,0.0,0.0
uttar pradesh,8,ios,wifi,Medium (500-2K),10,0,0.0,0.0
uttar pradesh,8,ios,wifi,High (2K-10K),5,0,0.0,0.0
uttar pradesh,8,web,3g,Small (<500),3,0,0.0,0.0
uttar pradesh,8,web,3g,Medium (500-2K),1,0,0.0,0.0
uttar pradesh,8,web,3g,High (2K-10K),1,0,0.0,0.0
uttar pradesh,8,web,4g,Small (<500),11,0,0.0,0.0
uttar pradesh,8,web,4g,Medium (500-2K),9,0,0.0,0.0
uttar pradesh,8,web,4g,High (2K-10K),4,0,0.0,0.0
uttar pradesh,8,web,5g,Small (<500),6,0,0.0,0.0
uttar pradesh,8,web,5g,Medium (500-2K),3,0,0.0,0.0
uttar pradesh,8,web,wifi,Medium (500-2K),2,0,0.0,0.0
uttar pradesh,9,android,3g,Small (<500),13,0,0.0,0.0
uttar pradesh,9,android,3g,Medium (500-2K),21,0,0.0,0.0
uttar pradesh,9,android,3g,High (2K-10K),5,0,0.0,0.0
uttar pradesh,9,android,4g,Small (<500),283,0,0.0,0.0
uttar pradesh,9,android,4g,Medium (500-2K),224,1,0.4464285714285714,922.0
uttar pradesh,9,android,4g,High (2K-10K),98,0,0.0,0.0
uttar pradesh,9,android,4g,Very High (>10K),2,0,0.0,0.0
uttar pradesh,9,android,5g,Small (<500),104,1,0.9615384615384616,174.0
uttar pradesh,9,android,5g,Medium (500-2K),66,0,0.0,0.0
uttar pradesh,9,android,5g,High (2K-10K),49,0,0.0,0.0
uttar pradesh,9,android,5g,Very High (>10K),2,0,0.0,0.0
uttar pradesh,9,android,wifi,Small (<500),38,0,0.0,0.0
uttar pradesh,9,android,wifi,Medium (500-2K),33,0,0.0,0.0
uttar pradesh,9,android,wifi,High (2K-10K),25,0,0.0,0.0
uttar pradesh,9,ios,3g,Small (<500),6,0,0.0,0.0
uttar pradesh,9,ios,3g,Medium (500-2K),2,0,0.0,0.0
uttar pradesh,9,ios,3g,High (2K-10K),1,0,0.0,0.0
uttar pradesh,9,ios,4g,Small (<500),62,0,0.0,0.0
uttar pradesh,9,ios,4g,Medium (500-2K),66,0,0.0,0.0
uttar pradesh,9,ios,4g,High (2K-10K),21,0,0.0,0.0
uttar pradesh,9,ios,4g,Very High (>10K),1,0,0.0,0.0
uttar pradesh,9,ios,5g,Small (<500),24,0,0.0,0.0
uttar pradesh,9,ios,5g,Medium (500-2K),24,0,0.0,0.0
uttar pradesh,9,ios,5g,High (2K-10K),14,0,0.0,0.0
uttar pradesh,9,ios,wifi,Small (<500),17,0,0.0,0.0
uttar pradesh,9,ios,wifi,Medium (500-2K),7,0,0.0,0.0
uttar pradesh,9,ios,wifi,High (2K-10K),4,0,0.0,0.0
uttar pradesh,9,web,3g,Small (<500),1,0,0.0,0.0
uttar pradesh,9,web,4g,Small (<500),26,0,0.0,0.0
uttar pradesh,9,web,4g,Medium (500-2K),6,0,0.0,0.0
uttar pradesh,9,web,4g,High (2K-10K),7,0,0.0,0.0
uttar pradesh,9,web,4g,Very High (>10K),1,0,0.0,0.0
uttar pradesh,9,web,5g,Small (<500),3,0,0.0,0.0
uttar pradesh,9,web,5g,Medium (500-2K),6,0,0.0,0.0
uttar pradesh,9,web,5g,High (2K-10K),2,0,0.0,0.0
uttar pradesh,9,web,wifi,Small (<500),2,0,0.0,0.0
uttar pradesh,9,web,wifi,Medium (500-2K),1,0,0.0,0.0
uttar pradesh,9,web,wifi,High (2K-10K),1,0,0.0,0.0
uttar pradesh,10,android,3g,Small (<500),20,0,0.0,0.0
uttar pradesh,10,android,3g,Medium (500-2K),37,0,0.0,0.0
uttar pradesh,10,android,3g,High (2K-10K),19,0,0.0,0.0
uttar pradesh,10,android,4g,Small (<500),343,0,0.0,0.0
uttar pradesh,10,android,4g,Medium (500-2K),292,2,0.684931506849315,1392.0
uttar pradesh,10,android,4g,High (2K-10K),132,0,0.0,0.0
uttar pradesh,10,android,4g,Very High (>10K),8,0,0.0,0.0
uttar pradesh,10,android,5g,Small (<500),119,1,0.8403361344537815,131.0
uttar pradesh,10,android,5g,Medium (500-2K),124,0,0.0,0.0
uttar pradesh,10,android,5g,High (2K-10K),57,0,0.0,0.0
uttar pradesh,10,android,5g,Very High (>10K),1,0,0.0,0.0
uttar pradesh,10,android,wifi,Small (<500),68,0,0.0,0.0
uttar pradesh,10,android,wifi,Medium (500-2K),46,0,0.0,0.0
uttar pradesh,10,android,wifi,High (2K-10K),22,0,0.0,0.0
uttar pradesh,10,ios,3g,Small (<500),6,0,0.0,0.0
uttar pradesh,10,ios,3g,Medium (500-2K),6,0,0.0,0.0
uttar pradesh,10,ios,3g,High (2K-10K),3,0,0.0,0.0
uttar pradesh,10,ios,4g,Small (<500),91,1,1.098901098901099,301.0
uttar pradesh,10,ios,4g,Medium (500-2K),81,0,0.0,0.0
uttar pradesh,10,ios,4g,High (2K-10K),36,0,0.0,0.0
uttar pradesh,10,ios,4g,Very High (>10K),2,0,0.0,0.0
uttar pradesh,10,ios,5g,Small (<500),25,0,0.0,0.0
uttar pradesh,10,ios,5g,Medium (500-2K),39,0,0.0,0.0
uttar pradesh,10,ios,5g,High (2K-10K),16,0,0.0,0.0
uttar pradesh,10,ios,wifi,Small (<500),10,0,0.0,0.0
uttar pradesh,10,ios,wifi,Medium (500-2K),16,0,0.0,0.0
uttar pradesh,10,ios,wifi,High (2K-10K),7,0,0.0,0.0
uttar pradesh,10,web,3g,Small (<500),1,0,0.0,0.0
uttar pradesh,10,web,3g,Medium (500-2K),4,0,0.0,0.0
uttar pradesh,10,web,3g,High (2K-10K),1,0,0.0,0.0
uttar pradesh,10,web,4g,Small (<500),26,0,0.0,0.0
uttar pradesh,10,web,4g,Medium (500-2K),21,0,0.0,0.0
uttar pradesh,10,web,4g,High (2K-10K),11,0,0.0,0.0
uttar pradesh,10,web,5g,Small (<500),6,0,0.0,0.0
uttar pradesh,10,web,5g,Medium (500-2K),6,0,0.0,0.0
uttar pradesh,10,web,5g,High (2K-10K),4,0,0.0,0.0
uttar pradesh,10,web,5g,Very High (>10K),1,0,0.0,0.0
uttar pradesh,10,web,wifi,Small (<500),6,0,0.0,0.0
uttar pradesh,10,web,wifi,Medium (500-2K),6,0,0.0,0.0
uttar pradesh,10,web,wifi,High (2K-10K),2,0,0.0,0.0
uttar pradesh,11,android,3g,Small (<500),36,0,0.0,0.0
uttar pradesh,11,android,3g,Medium (500-2K),30,0,0.0,0.0
uttar pradesh,11,android,3g,High (2K-10K),20,0,0.0,0.0
uttar pradesh,11,android,4g,Small (<500),404,1,0.24752475247524752,268.0
uttar pradesh,11,android,4g,Medium (500-2K),336,1,0.2976190476190476,609.0
uttar pradesh,11,android,4g,High (2K-10K),165,0,0.0,0.0
uttar pradesh,11,android,4g,Very High (>10K),10,0,0.0,0.0
uttar pradesh,11,android,5g,Small (<500),154,0,0.0,0.0
uttar pradesh,11,android,5g,Medium (500-2K),160,0,0.0,0.0
uttar pradesh,11,android,5g,High (2K-10K),75,0,0.0,0.0
uttar pradesh,11,android,5g,Very High (>10K),4,0,0.0,0.0
uttar pradesh,11,android,wifi,Small (<500),60,1,1.6666666666666667,158.0
uttar pradesh,11,android,wifi,Medium (500-2K),60,0,0.0,0.0
uttar pradesh,11,android,wifi,High (2K-10K),32,0,0.0,0.0
uttar pradesh,11,ios,3g,Small (<500),6,0,0.0,0.0
uttar pradesh,11,ios,3g,Medium (500-2K),12,0,0.0,0.0
uttar pradesh,11,ios,3g,High (2K-10K),4,0,0.0,0.0
uttar pradesh,11,ios,4g,Small (<500),102,0,0.0,0.0
uttar pradesh,11,ios,4g,Medium (500-2K),85,0,0.0,0.0
uttar pradesh,11,ios,4g,High (2K-10K),42,0,0.0,0.0
uttar pradesh,11,ios,5g,Small (<500),50,0,0.0,0.0
uttar pradesh,11,ios,5g,Medium (500-2K),35,0,0.0,0.0
uttar pradesh,11,ios,5g,High (2K-10K),23,0,0.0,0.0
uttar pradesh,11,ios,5g,Very High (>10K),2,0,0.0,0.0
uttar pradesh,11,ios,wifi,Small (<500),16,0,0.0,0.0
uttar pradesh,11,ios,wifi,Medium (500-2K),17,0,0.0,0.0
uttar pradesh,11,ios,wifi,High (2K-10K),8,0,0.0,0.0
uttar pradesh,11,ios,wifi,Very High (>10K),1,0,0.0,0.0
uttar pradesh,11,web,3g,Small (<500),3,0,0.0,0.0
uttar pradesh,11,web,3g,Medium (500-2K),2,0,0.0,0.0
uttar pradesh,11,web,4g,Small (<500),27,0,0.0,0.0
uttar pradesh,11,web,4g,Medium (500-2K),20,0,0.0,0.0
uttar pradesh,11,web,4g,High (2K-10K),11,0,0.0,0.0
uttar pradesh,11,web,5g,Small (<500),6,0,0.0,0.0
uttar pradesh,11,web,5g,Medium (500-2K),9,0,0.0,0.0
uttar pradesh,11,web,5g,High (2K-10K),11,0,0.0,0.0
uttar pradesh,11,web,5g,Very High (>10K),1,0,0.0,0.0
uttar pradesh,11,web,wifi,Small (<500),5,0,0.0,0.0
uttar pradesh,11,web,wifi,Medium (500-2K),3,0,0.0,0.0
uttar pradesh,11,web,wifi,High (2K-10K),3,0,0.0,0.0
uttar pradesh,12,android,3g,Small (<500),28,0,0.0,0.0
uttar pradesh,12,android,3g,Medium (500-2K),34,0,0.0,0.0
uttar pradesh,12,android,3g,High (2K-10K),20,0,0.0,0.0
uttar pradesh,12,android,4g,Small (<500),406,2,0.49261083743842365,312.5
uttar pradesh,12,android,4g,Medium (500-2K),358,0,0.0,0.0
uttar pradesh,12,android,4g,High (2K-10K),179,0,0.0,0.0
uttar pradesh,12,android,4g,Very High (>10K),7,0,0.0,0.0
uttar pradesh,12,android,5g,Small (<500),180,0,0.0,0.0
uttar pradesh,12,android,5g,Medium (500-2K),176,0,0.0,0.0
uttar pradesh,12,android,5g,High (2K-10K),70,0,0.0,0.0
uttar pradesh,12,android,5g,Very High (>10K),1,0,0.0,0.0
uttar pradesh,12,android,wifi,Small (<500),61,0,0.0,0.0
uttar pradesh,12,android,wifi,Medium (500-2K),51,0,0.0,0.0
uttar pradesh,12,android,wifi,High (2K-10K),30,0,0.0,0.0
uttar pradesh,12,ios,3g,Small (<500),9,0,0.0,0.0
uttar pradesh,12,ios,3g,Medium (500-2K),7,0,0.0,0.0
uttar pradesh,12,ios,3g,High (2K-10K),5,0,0.0,0.0
uttar pradesh,12,ios,3g,Very High (>10K),1,0,0.0,0.0
uttar pradesh,12,ios,4g,Small (<500),114,0,0.0,0.0
uttar pradesh,12,ios,4g,Medium (500-2K),104,0,0.0,0.0
uttar pradesh,12,ios,4g,High (2K-10K),56,0,0.0,0.0
uttar pradesh,12,ios,4g,Very High (>10K),1,0,0.0,0.0
uttar pradesh,12,ios,5g,Small (<500),42,0,0.0,0.0
uttar pradesh,12,ios,5g,Medium (500-2K),45,0,0.0,0.0
uttar pradesh,12,ios,5g,High (2K-10K),22,0,0.0,0.0
uttar pradesh,12,ios,5g,Very High (>10K),1,0,0.0,0.0
uttar pradesh,12,ios,wifi,Small (<500),29,0,0.0,0.0
uttar pradesh,12,ios,wifi,Medium (500-2K),22,0,0.0,0.0
uttar pradesh,12,ios,wifi,High (2K-10K),12,0,0.0,0.0
uttar pradesh,12,web,3g,Small (<500),3,0,0.0,0.0
uttar pradesh,12,web,3g,Medium (500-2K),6,0,0.0,0.0
uttar pradesh,12,web,3g,High (2K-10K),5,0,0.0,0.0
uttar pradesh,12,web,4g,Small (<500),24,0,0.0,0.0
uttar pradesh,12,web,4g,Medium (500-2K),16,0,0.0,0.0
uttar pradesh,12,web,4g,High (2K-10K),9,0,0.0,0.0
uttar pradesh,12,web,5g,Small (<500),10,0,0.0,0.0
uttar pradesh,12,web,5g,Medium (500-2K),10,0,0.0,0.0
uttar pradesh,12,web,5g,High (2K-10K),4,0,0.0,0.0
uttar pradesh,12,web,5g,Very High (>10K),2,0,0.0,0.0
uttar pradesh,12,web,wifi,Small (<500),6,0,0.0,0.0
uttar pradesh,12,web,wifi,High (2K-10K),2,0,0.0,0.0
uttar pradesh,13,android,3g,Small (<500),28,2,7.142857142857142,146.5
uttar pradesh,13,android,3g,Medium (500-2K),26,0,0.0,0.0
uttar pradesh,13,android,3g,High (2K-10K),11,0,0.0,0.0
uttar pradesh,13,android,4g,Small (<500),334,1,0.29940119760479045,333.0
uttar pradesh,13,android,4g,Medium (500-2K),300,1,0.33333333333333337,1073.0
uttar pradesh,13,android,4g,High (2K-10K),152,0,0.0,0.0
uttar pradesh,13,android,4g,Very High (>10K),8,0,0.0,0.0
uttar pradesh,13,android,5g,Small (<500),154,0,0.0,0.0
uttar pradesh,13,android,5g,Medium (500-2K),133,0,0.0,0.0
uttar pradesh,13,android,5g,High (2K-10K),66,0,0.0,0.0
uttar pradesh,13,android,5g,Very High (>10K),3,0,0.0,0.0
uttar pradesh,13,android,wifi,Small (<500),78,1,1.282051282051282,77.0
uttar pradesh,13,android,wifi,Medium (500-2K),53,0,0.0,0.0
uttar pradesh,13,android,wifi,High (2K-10K),25,0,0.0,0.0
uttar pradesh,13,ios,3g,Small (<500),5,0,0.0,0.0
uttar pradesh,13,ios,3g,Medium (500-2K),8,0,0.0,0.0
uttar pradesh,13,ios,3g,High (2K-10K),2,0,0.0,0.0
uttar pradesh,13,ios,4g,Small (<500),91,0,0.0,0.0
uttar pradesh,13,ios,4g,Medium (500-2K),93,0,0.0,0.0
uttar pradesh,13,ios,4g,High (2K-10K),51,0,0.0,0.0
uttar pradesh,13,ios,4g,Very High (>10K),2,0,0.0,0.0
uttar pradesh,13,ios,5g,Small (<500),48,0,0.0,0.0
uttar pradesh,13,ios,5g,Medium (500-2K),32,0,0.0,0.0
uttar pradesh,13,ios,5g,High (2K-10K),10,0,0.0,0.0
uttar pradesh,13,ios,5g,Very High (>10K),2,0,0.0,0.0
uttar pradesh,13,ios,wifi,Small (<500),15,0,0.0,0.0
uttar pradesh,13,ios,wifi,Medium (500-2K),21,0,0.0,0.0
uttar pradesh,13,ios,wifi,High (2K-10K),7,0,0.0,0.0
uttar pradesh,13,web,3g,Small (<500),2,0,0.0,0.0
uttar pradesh,13,web,3g,Medium (500-2K),2,0,0.0,0.0
uttar pradesh,13,web,3g,High (2K-10K),1,0,0.0,0.0
uttar pradesh,13,web,4g,Small (<500),18,0,0.0,0.0
uttar pradesh,13,web,4g,Medium (500-2K),21,0,0.0,0.0
uttar pradesh,13,web,4g,High (2K-10K),11,0,0.0,0.0
uttar pradesh,13,web,5g,Small (<500),12,0,0.0,0.0
uttar pradesh,13,web,5g,Medium (500-2K),12,0,0.0,0.0
uttar pradesh,13,web,5g,High (2K-10K),2,0,0.0,0.0
uttar pradesh,13,web,wifi,Small (<500),2,0,0.0,0.0
uttar pradesh,13,web,wifi,Medium (500-2K),2,0,0.0,0.0
uttar pradesh,14,android,3g,Small (<500),21,0,0.0,0.0
uttar pradesh,14,android,3g,Medium (500-2K),23,0,0.0,0.0
uttar pradesh,14,android,3g,High (2K-10K),4,0,0.0,0.0
uttar pradesh,14,android,4g,Small (<500),276,0,0.0,0.0
uttar pradesh,14,android,4g,Medium (500-2K),246,0,0.0,0.0
uttar pradesh,14,android,4g,High (2K-10K),112,1,0.8928571428571428,6716.0
uttar pradesh,14,android,4g,Very High (>10K),2,0,0.0,0.0
uttar pradesh,14,android,5g,Small (<500),107,1,0.9345794392523363,130.0
uttar pradesh,14,android,5g,Medium (500-2K),113,0,0.0,0.0
uttar pradesh,14,android,5g,High (2K-10K),46,0,0.0,0.0
uttar pradesh,14,android,5g,Very High (>10K),1,0,0.0,0.0
uttar pradesh,14,android,wifi,Small (<500),34,0,0.0,0.0
uttar pradesh,14,android,wifi,Medium (500-2K),23,0,0.0,0.0
uttar pradesh,14,android,wifi,High (2K-10K),18,0,0.0,0.0
uttar pradesh,14,ios,3g,Small (<500),5,0,0.0,0.0
uttar pradesh,14,ios,3g,Medium (500-2K),3,0,0.0,0.0
uttar pradesh,14,ios,3g,High (2K-10K),3,0,0.0,0.0
uttar pradesh,14,ios,4g,Small (<500),52,0,0.0,0.0
uttar pradesh,14,ios,4g,Medium (500-2K),58,0,0.0,0.0
uttar pradesh,14,ios,4g,High (2K-10K),28,0,0.0,0.0
uttar pradesh,14,ios,4g,Very High (>10K),1,0,0.0,0.0
uttar pradesh,14,ios,5g,Small (<500),21,0,0.0,0.0
uttar pradesh,14,ios,5g,Medium (500-2K),24,0,0.0,0.0
uttar pradesh,14,ios,5g,High (2K-10K),25,0,0.0,0.0
uttar pradesh,14,ios,wifi,Small (<500),9,0,0.0,0.0
uttar pradesh,14,ios,wifi,Medium (500-2K),15,0,0.0,0.0
uttar pradesh,14,ios,wifi,High (2K-10K),2,0,0.0,0.0
uttar pradesh,14,ios,wifi,Very High (>10K),1,0,0.0,0.0
uttar pradesh,14,web,3g,Medium (500-2K),1,0,0.0,0.0
uttar pradesh,14,web,4g,Small (<500),16,0,0.0,0.0
uttar pradesh,14,web,4g,Medium (500-2K),14,0,0.0,0.0
uttar pradesh,14,web,4g,High (2K-10K),9,0,0.0,0.0
uttar pradesh,14,web,4g,Very High (>10K),1,1,100.0,17718.0
uttar pradesh,14,web,5g,Small (<500),10,0,0.0,0.0
uttar pradesh,14,web,5g,Medium (500-2K),4,0,0.0,0.0
uttar pradesh,14,web,5g,High (2K-10K),5,0,0.0,0.0
uttar pradesh,14,web,wifi,Small (<500),3,0,0.0,0.0
uttar pradesh,14,web,wifi,Medium (500-2K),3,0,0.0,0.0
uttar pradesh,14,web,wifi,High (2K-10K),1,0,0.0,0.0
uttar pradesh,15,android,3g,Small (<500),27,0,0.0,0.0
uttar pradesh,15,android,3g,Medium (500-2K),16,0,0.0,0.0
uttar pradesh,15,android,3g,High (2K-10K),9,0,0.0,0.0
uttar pradesh,15,android,3g,Very High (>10K),1,0,0.0,0.0
uttar pradesh,15,android,4g,Small (<500),280,0,0.0,0.0
uttar pradesh,15,android,4g,Medium (500-2K),249,1,0.4016064257028112,1086.0
uttar pradesh,15,android,4g,High (2K-10K),133,0,0.0,0.0
uttar pradesh,15,android,4g,Very High (>10K),5,0,0.0,0.0
uttar pradesh,15,android,5g,Small (<500),125,0,0.0,0.0
uttar pradesh,15,android,5g,Medium (500-2K),93,0,0.0,0.0
uttar pradesh,15,android,5g,High (2K-10K),51,0,0.0,0.0
uttar pradesh,15,android,5g,Very High (>10K),3,0,0.0,0.0
uttar pradesh,15,android,wifi,Small (<500),42,0,0.0,0.0
uttar pradesh,15,android,wifi,Medium (500-2K),45,0,0.0,0.0
uttar pradesh,15,android,wifi,High (2K-10K),18,0,0.0,0.0
uttar pradesh,15,android,wifi,Very High (>10K),2,0,0.0,0.0
uttar pradesh,15,ios,3g,Small (<500),7,0,0.0,0.0
uttar pradesh,15,ios,3g,Medium (500-2K),7,0,0.0,0.0
uttar pradesh,15,ios,3g,High (2K-10K),2,0,0.0,0.0
uttar pradesh,15,ios,3g,Very High (>10K),1,0,0.0,0.0
uttar pradesh,15,ios,4g,Small (<500),78,1,1.282051282051282,64.0
uttar pradesh,15,ios,4g,Medium (500-2K),71,0,0.0,0.0
uttar pradesh,15,ios,4g,High (2K-10K),30,0,0.0,0.0
uttar pradesh,15,ios,4g,Very High (>10K),3,0,0.0,0.0
uttar pradesh,15,ios,5g,Small (<500),28,0,0.0,0.0
uttar pradesh,15,ios,5g,Medium (500-2K),23,0,0.0,0.0
uttar pradesh,15,ios,5g,High (2K-10K),9,0,0.0,0.0
uttar pradesh,15,ios,wifi,Small (<500),13,0,0.0,0.0
uttar pradesh,15,ios,wifi,Medium (500-2K),11,0,0.0,0.0
uttar pradesh,15,ios,wifi,High (2K-10K),4,0,0.0,0.0
uttar pradesh,15,web,3g,Small (<500),3,0,0.0,0.0
uttar pradesh,15,web,3g,High (2K-10K),2,0,0.0,0.0
uttar pradesh,15,web,3g,Very High (>10K),1,0,0.0,0.0
uttar pradesh,15,web,4g,Small (<500),22,0,0.0,0.0
uttar pradesh,15,web,4g,Medium (500-2K),20,0,0.0,0.0
uttar pradesh,15,web,4g,High (2K-10K),5,0,0.0,0.0
uttar pradesh,15,web,5g,Small (<500),10,0,0.0,0.0
uttar pradesh,15,web,5g,Medium (500-2K),10,0,0.0,0.0
uttar pradesh,15,web,5g,High (2K-10K),2,0,0.0,0.0
uttar pradesh,15,web,wifi,Small (<500),3,0,0.0,0.0
uttar pradesh,15,web,wifi,High (2K-10K),1,0,0.0,0.0
uttar pradesh,16,android,3g,Small (<500),34,0,0.0,0.0
uttar pradesh,16,android,3g,Medium (500-2K),24,0,0.0,0.0
uttar pradesh,16,android,3g,High (2K-10K),11,0,0.0,0.0
uttar pradesh,16,android,3g,Very High (>10K),1,0,0.0,0.0
uttar pradesh,16,android,4g,Small (<500),341,2,0.5865102639296188,175.0
uttar pradesh,16,android,4g,Medium (500-2K),304,0,0.0,0.0
uttar pradesh,16,android,4g,High (2K-10K),152,1,0.6578947368421052,6319.0
uttar pradesh,16,android,4g,Very High (>10K),9,0,0.0,0.0
uttar pradesh,16,android,5g,Small (<500),144,0,0.0,0.0
uttar pradesh,16,android,5g,Medium (500-2K),110,0,0.0,0.0
uttar pradesh,16,android,5g,High (2K-10K),72,0,0.0,0.0
uttar pradesh,16,android,5g,Very High (>10K),1,0,0.0,0.0
uttar pradesh,16,android,wifi,Small (<500),52,0,0.0,0.0
uttar pradesh,16,android,wifi,Medium (500-2K),43,0,0.0,0.0
uttar pradesh,16,android,wifi,High (2K-10K),27,0,0.0,0.0
uttar pradesh,16,android,wifi,Very High (>10K),1,0,0.0,0.0
uttar pradesh,16,ios,3g,Small (<500),11,0,0.0,0.0
uttar pradesh,16,ios,3g,Medium (500-2K),5,0,0.0,0.0
uttar pradesh,16,ios,3g,High (2K-10K),3,0,0.0,0.0
uttar pradesh,16,ios,4g,Small (<500),95,0,0.0,0.0
uttar pradesh,16,ios,4g,Medium (500-2K),77,0,0.0,0.0
uttar pradesh,16,ios,4g,High (2K-10K),34,2,5.88235294117647,4672.5
uttar pradesh,16,ios,4g,Very High (>10K),1,0,0.0,0.0
uttar pradesh,16,ios,5g,Small (<500),34,0,0.0,0.0
uttar pradesh,16,ios,5g,Medium (500-2K),40,0,0.0,0.0
uttar pradesh,16,ios,5g,High (2K-10K),16,0,0.0,0.0
uttar pradesh,16,ios,5g,Very High (>10K),1,0,0.0,0.0
uttar pradesh,16,ios,wifi,Small (<500),16,0,0.0,0.0
uttar pradesh,16,ios,wifi,Medium (500-2K),16,0,0.0,0.0
uttar pradesh,16,ios,wifi,High (2K-10K),3,0,0.0,0.0
uttar pradesh,16,web,3g,Small (<500),1,0,0.0,0.0
uttar pradesh,16,web,3g,Medium (500-2K),2,0,0.0,0.0
uttar pradesh,16,web,3g,High (2K-10K),1,0,0.0,0.0
uttar pradesh,16,web,4g,Small (<500),39,0,0.0,0.0
uttar pradesh,16,web,4g,Medium (500-2K),11,0,0.0,0.0
uttar pradesh,16,web,4g,High (2K-10K),10,0,0.0,0.0
uttar pradesh,16,web,5g,Small (<500),7,0,0.0,0.0
uttar pradesh,16,web,5g,Medium (500-2K),14,0,0.0,0.0
uttar pradesh,16,web,5g,High (2K-10K),2,0,0.0,0.0
uttar pradesh,16,web,wifi,Small (<500),5,0,0.0,0.0
uttar pradesh,16,web,wifi,Medium (500-2K),4,0,0.0,0.0
uttar pradesh,16,web,wifi,High (2K-10K),1,0,0.0,0.0
uttar pradesh,17,android,3g,Small (<500),32,0,0.0,0.0
uttar pradesh,17,android,3g,Medium (500-2K),30,0,0.0,0.0
uttar pradesh,17,android,3g,High (2K-10K),11,0,0.0,0.0
uttar pradesh,17,android,3g,Very High (>10K),1,0,0.0,0.0
uttar pradesh,17,android,4g,Small (<500),404,0,0.0,0.0
uttar pradesh,17,android,4g,Medium (500-2K),382,1,0.2617801047120419,1459.0
uttar pradesh,17,android,4g,High (2K-10K),195,0,0.0,0.0
uttar pradesh,17,android,4g,Very High (>10K),13,0,0.0,0.0
uttar pradesh,17,android,5g,Small (<500),162,0,0.0,0.0
uttar pradesh,17,android,5g,Medium (500-2K),157,0,0.0,0.0
uttar pradesh,17,android,5g,High (2K-10K),76,0,0.0,0.0
uttar pradesh,17,android,5g,Very High (>10K),4,0,0.0,0.0
uttar pradesh,17,android,wifi,Small (<500),75,0,0.0,0.0
uttar pradesh,17,android,wifi,Medium (500-2K),75,0,0.0,0.0
uttar pradesh,17,android,wifi,High (2K-10K),27,0,0.0,0.0
uttar pradesh,17,ios,3g,Small (<500),11,0,0.0,0.0
uttar pradesh,17,ios,3g,Medium (500-2K),10,0,0.0,0.0
uttar pradesh,17,ios,3g,High (2K-10K),3,0,0.0,0.0
uttar pradesh,17,ios,4g,Small (<500),118,0,0.0,0.0
uttar pradesh,17,ios,4g,Medium (500-2K),98,0,0.0,0.0
uttar pradesh,17,ios,4g,High (2K-10K),49,0,0.0,0.0
uttar pradesh,17,ios,4g,Very High (>10K),4,0,0.0,0.0
uttar pradesh,17,ios,5g,Small (<500),39,0,0.0,0.0
uttar pradesh,17,ios,5g,Medium (500-2K),27,0,0.0,0.0
uttar pradesh,17,ios,5g,High (2K-10K),29,0,0.0,0.0
uttar pradesh,17,ios,wifi,Small (<500),20,0,0.0,0.0
uttar pradesh,17,ios,wifi,Medium (500-2K),20,1,5.0,986.0
uttar pradesh,17,ios,wifi,High (2K-10K),6,0,0.0,0.0
uttar pradesh,17,web,3g,Small (<500),1,0,0.0,0.0
uttar pradesh,17,web,3g,High (2K-10K),1,0,0.0,0.0
uttar pradesh,17,web,4g,Small (<500),33,0,0.0,0.0
uttar pradesh,17,web,4g,Medium (500-2K),31,0,0.0,0.0
uttar pradesh,17,web,4g,High (2K-10K),13,0,0.0,0.0
uttar pradesh,17,web,5g,Small (<500),6,0,0.0,0.0
uttar pradesh,17,web,5g,Medium (500-2K),8,0,0.0,0.0
uttar pradesh,17,web,5g,High (2K-10K),9,0,0.0,0.0
uttar pradesh,17,web,wifi,Small (<500),3,0,0.0,0.0
uttar pradesh,17,web,wifi,Medium (500-2K),3,0,0.0,0.0
uttar pradesh,17,web,wifi,High (2K-10K),2,0,0.0,0.0
uttar pradesh,18,android,3g,Small (<500),36,0,0.0,0.0
uttar pradesh,18,android,3g,Medium (500-2K),36,0,0.0,0.0
uttar pradesh,18,android,3g,High (2K-10K),20,0,0.0,0.0
uttar pradesh,18,android,4g,Small (<500),456,1,0.21929824561403508,165.0
uttar pradesh,18,android,4g,Medium (500-2K),425,0,0.0,0.0
uttar pradesh,18,android,4g,High (2K-10K),219,0,0.0,0.0
uttar pradesh,18,android,4g,Very High (>10K),12,0,0.0,0.0
uttar pradesh,18,android,5g,Small (<500),171,0,0.0,0.0
uttar pradesh,18,android,5g,Medium (500-2K),160,0,0.0,0.0
uttar pradesh,18,android,5g,High (2K-10K),90,0,0.0,0.0
uttar pradesh,18,android,5g,Very High (>10K),3,0,0.0,0.0
uttar pradesh,18,android,wifi,Small (<500),77,0,0.0,0.0
uttar pradesh,18,android,wifi,Medium (500-2K),59,1,1.694915254237288,1088.0
uttar pradesh,18,android,wifi,High (2K-10K),39,0,0.0,0.0
uttar pradesh,18,android,wifi,Very High (>10K),2,0,0.0,0.0
uttar pradesh,18,ios,3g,Small (<500),6,0,0.0,0.0
uttar pradesh,18,ios,3g,Medium (500-2K),7,0,0.0,0.0
uttar pradesh,18,ios,3g,High (2K-10K),5,0,0.0,0.0
uttar pradesh,18,ios,3g,Very High (>10K),1,0,0.0,0.0
uttar pradesh,18,ios,4g,Small (<500),123,0,0.0,0.0
uttar pradesh,18,ios,4g,Medium (500-2K),84,0,0.0,0.0
uttar pradesh,18,ios,4g,High (2K-10K),50,0,0.0,0.0
uttar pradesh,18,ios,5g,Small (<500),56,0,0.0,0.0
uttar pradesh,18,ios,5g,Medium (500-2K),47,1,2.127659574468085,1055.0
uttar pradesh,18,ios,5g,High (2K-10K),17,0,0.0,0.0
uttar pradesh,18,ios,wifi,Small (<500),13,0,0.0,0.0
uttar pradesh,18,ios,wifi,Medium (500-2K),23,2,8.695652173913043,929.0
uttar pradesh,18,ios,wifi,High (2K-10K),5,0,0.0,0.0
uttar pradesh,18,web,3g,Small (<500),2,0,0.0,0.0
uttar pradesh,18,web,3g,Medium (500-2K),2,0,0.0,0.0
uttar pradesh,18,web,3g,High (2K-10K),1,0,0.0,0.0
uttar pradesh,18,web,3g,Very High (>10K),1,0,0.0,0.0
uttar pradesh,18,web,4g,Small (<500),27,0,0.0,0.0
uttar pradesh,18,web,4g,Medium (500-2K),27,0,0.0,0.0
uttar pradesh,18,web,4g,High (2K-10K),10,0,0.0,0.0
uttar pradesh,18,web,4g,Very High (>10K),1,0,0.0,0.0
uttar pradesh,18,web,5g,Small (<500),11,0,0.0,0.0
uttar pradesh,18,web,5g,Medium (500-2K),13,0,0.0,0.0
uttar pradesh,18,web,5g,High (2K-10K),9,0,0.0,0.0
uttar pradesh,18,web,5g,Very High (>10K),1,0,0.0,0.0
uttar pradesh,18,web,wifi,Small (<500),8,0,0.0,0.0
uttar pradesh,18,web,wifi,Medium (500-2K),2,0,0.0,0.0
uttar pradesh,18,web,wifi,High (2K-10K),3,0,0.0,0.0
uttar pradesh,19,android,3g,Small (<500),33,0,0.0,0.0
uttar pradesh,19,android,3g,Medium (500-2K),32,0,0.0,0.0
uttar pradesh,19,android,3g,High (2K-10K),18,0,0.0,0.0
uttar pradesh,19,android,4g,Small (<500),491,1,0.20366598778004072,148.0
uttar pradesh,19,android,4g,Medium (500-2K),415,2,0.48192771084337355,628.5
uttar pradesh,19,android,4g,High (2K-10K),222,0,0.0,0.0
uttar pradesh,19,android,4g,Very High (>10K),14,0,0.0,0.0
uttar pradesh,19,android,5g,Small (<500),172,0,0.0,0.0
uttar pradesh,19,android,5g,Medium (500-2K),180,0,0.0,0.0
uttar pradesh,19,android,5g,High (2K-10K),89,0,0.0,0.0
uttar pradesh,19,android,5g,Very High (>10K),6,0,0.0,0.0
uttar pradesh,19,android,wifi,Small (<500),74,0,0.0,0.0
uttar pradesh,19,android,wifi,Medium (500-2K),60,0,0.0,0.0
uttar pradesh,19,android,wifi,High (2K-10K),36,1,2.7777777777777777,4224.0
uttar pradesh,19,android,wifi,Very High (>10K),1,0,0.0,0.0
uttar pradesh,19,ios,3g,Small (<500),10,0,0.0,0.0
uttar pradesh,19,ios,3g,Medium (500-2K),6,0,0.0,0.0
uttar pradesh,19,ios,3g,High (2K-10K),3,0,0.0,0.0
uttar pradesh,19,ios,4g,Small (<500),140,2,1.4285714285714286,335.0
uttar pradesh,19,ios,4g,Medium (500-2K),94,0,0.0,0.0
uttar pradesh,19,ios,4g,High (2K-10K),50,0,0.0,0.0
uttar pradesh,19,ios,4g,Very High (>10K),1,0,0.0,0.0
uttar pradesh,19,ios,5g,Small (<500),53,0,0.0,0.0
uttar pradesh,19,ios,5g,Medium (500-2K),49,0,0.0,0.0
uttar pradesh,19,ios,5g,High (2K-10K),29,0,0.0,0.0
uttar pradesh,19,ios,5g,Very High (>10K),2,0,0.0,0.0
uttar pradesh,19,ios,wifi,Small (<500),23,0,0.0,0.0
uttar pradesh,19,ios,wifi,Medium (500-2K),19,0,0.0,0.0
uttar pradesh,19,ios,wifi,High (2K-10K),9,0,0.0,0.0
uttar pradesh,19,web,3g,Small (<500),2,0,0.0,0.0
uttar pradesh,19,web,3g,Medium (500-2K),3,0,0.0,0.0
uttar pradesh,19,web,3g,High (2K-10K),1,0,0.0,0.0
uttar pradesh,19,web,4g,Small (<500),33,0,0.0,0.0
uttar pradesh,19,web,4g,Medium (500-2K),23,0,0.0,0.0
uttar pradesh,19,web,4g,High (2K-10K),19,0,0.0,0.0
uttar pradesh,19,web,4g,Very High (>10K),1,0,0.0,0.0
uttar pradesh,19,web,5g,Small (<500),11,0,0.0,0.0
uttar pradesh,19,web,5g,Medium (500-2K),7,0,0.0,0.0
uttar pradesh,19,web,5g,High (2K-10K),7,0,0.0,0.0
uttar pradesh,19,web,wifi,Small (<500),5,0,0.0,0.0
uttar pradesh,19,web,wifi,Medium (500-2K),4,0,0.0,0.0
uttar pradesh,19,web,wifi,High (2K-10K),3,0,0.0,0.0
uttar pradesh,20,android,3g,Small (<500),26,0,0.0,0.0
uttar pradesh,20,android,3g,Medium (500-2K),32,0,0.0,0.0
uttar pradesh,20,android,3g,High (2K-10K),14,0,0.0,0.0
uttar pradesh,20,android,3g,Very High (>10K),1,0,0.0,0.0
uttar pradesh,20,android,4g,Small (<500),423,1,0.2364066193853428,100.0
uttar pradesh,20,android,4g,Medium (500-2K),386,0,0.0,0.0
uttar pradesh,20,android,4g,High (2K-10K),192,0,0.0,0.0
uttar pradesh,20,android,4g,Very High (>10K),6,0,0.0,0.0
uttar pradesh,20,android,5g,Small (<500),213,0,0.0,0.0
uttar pradesh,20,android,5g,Medium (500-2K),158,0,0.0,0.0
uttar pradesh,20,android,5g,High (2K-10K),84,1,1.1904761904761905,3712.0
uttar pradesh,20,android,5g,Very High (>10K),2,0,0.0,0.0
uttar pradesh,20,android,wifi,Small (<500),67,1,1.4925373134328357,321.0
uttar pradesh,20,android,wifi,Medium (500-2K),78,0,0.0,0.0
uttar pradesh,20,android,wifi,High (2K-10K),31,0,0.0,0.0
uttar pradesh,20,android,wifi,Very High (>10K),5,0,0.0,0.0
uttar pradesh,20,ios,3g,Small (<500),12,0,0.0,0.0
uttar pradesh,20,ios,3g,Medium (500-2K),9,0,0.0,0.0
uttar pradesh,20,ios,3g,High (2K-10K),3,0,0.0,0.0
uttar pradesh,20,ios,4g,Small (<500),117,0,0.0,0.0
uttar pradesh,20,ios,4g,Medium (500-2K),117,0,0.0,0.0
uttar pradesh,20,ios,4g,High (2K-10K),63,0,0.0,0.0
uttar pradesh,20,ios,5g,Small (<500),45,0,0.0,0.0
uttar pradesh,20,ios,5g,Medium (500-2K),37,0,0.0,0.0
uttar pradesh,20,ios,5g,High (2K-10K),18,0,0.0,0.0
uttar pradesh,20,ios,wifi,Small (<500),19,0,0.0,0.0
uttar pradesh,20,ios,wifi,Medium (500-2K),19,0,0.0,0.0
uttar pradesh,20,ios,wifi,High (2K-10K),7,0,0.0,0.0
uttar pradesh,20,web,3g,Small (<500),3,0,0.0,0.0
uttar pradesh,20,web,3g,Medium (500-2K),3,0,0.0,0.0
uttar pradesh,20,web,4g,Small (<500),33,0,0.0,0.0
uttar pradesh,20,web,4g,Medium (500-2K),32,0,0.0,0.0
uttar pradesh,20,web,4g,High (2K-10K),15,0,0.0,0.0
uttar pradesh,20,web,5g,Small (<500),12,0,0.0,0.0
uttar pradesh,20,web,5g,Medium (500-2K),3,0,0.0,0.0
uttar pradesh,20,web,5g,High (2K-10K),9,0,0.0,0.0
uttar pradesh,20,web,wifi,Small (<500),8,0,0.0,0.0
uttar pradesh,20,web,wifi,Medium (500-2K),4,0,0.0,0.0
uttar pradesh,20,web,wifi,High (2K-10K),1,0,0.0,0.0
uttar pradesh,21,android,3g,Small (<500),29,0,0.0,0.0
uttar pradesh,21,android,3g,Medium (500-2K),21,0,0.0,0.0
uttar pradesh,21,android,3g,High (2K-10K),9,0,0.0,0.0
uttar pradesh,21,android,3g,Very High (>10K),1,0,0.0,0.0
uttar pradesh,21,android,4g,Small (<500),370,0,0.0,0.0
uttar pradesh,21,android,4g,Medium (500-2K),352,2,0.5681818181818182,615.0
uttar pradesh,21,android,4g,High (2K-10K),155,0,0.0,0.0
uttar pradesh,21,android,4g,Very High (>10K),6,0,0.0,0.0
uttar pradesh,21,android,5g,Small (<500),150,1,0.6666666666666667,375.0
uttar pradesh,21,android,5g,Medium (500-2K),125,0,0.0,0.0
uttar pradesh,21,android,5g,High (2K-10K),68,0,0.0,0.0
uttar pradesh,21,android,5g,Very High (>10K),2,0,0.0,0.0
uttar pradesh,21,android,wifi,Small (<500),60,0,0.0,0.0
uttar pradesh,21,android,wifi,Medium (500-2K),59,0,0.0,0.0
uttar pradesh,21,android,wifi,High (2K-10K),25,0,0.0,0.0
uttar pradesh,21,android,wifi,Very High (>10K),1,0,0.0,0.0
uttar pradesh,21,ios,3g,Small (<500),7,0,0.0,0.0
uttar pradesh,21,ios,3g,Medium (500-2K),8,0,0.0,0.0
uttar pradesh,21,ios,4g,Small (<500),96,0,0.0,0.0
uttar pradesh,21,ios,4g,Medium (500-2K),80,0,0.0,0.0
uttar pradesh,21,ios,4g,High (2K-10K),37,0,0.0,0.0
uttar pradesh,21,ios,4g,Very High (>10K),3,0,0.0,0.0
uttar pradesh,21,ios,5g,Small (<500),56,0,0.0,0.0
uttar pradesh,21,ios,5g,Medium (500-2K),36,0,0.0,0.0
uttar pradesh,21,ios,5g,High (2K-10K),11,0,0.0,0.0
uttar pradesh,21,ios,5g,Very High (>10K),3,0,0.0,0.0
uttar pradesh,21,ios,wifi,Small (<500),7,0,0.0,0.0
uttar pradesh,21,ios,wifi,Medium (500-2K),14,0,0.0,0.0
uttar pradesh,21,ios,wifi,High (2K-10K),2,0,0.0,0.0
uttar pradesh,21,web,3g,High (2K-10K),2,0,0.0,0.0
uttar pradesh,21,web,4g,Small (<500),34,0,0.0,0.0
uttar pradesh,21,web,4g,Medium (500-2K),15,0,0.0,0.0
uttar pradesh,21,web,4g,High (2K-10K),7,0,0.0,0.0
uttar pradesh,21,web,5g,Small (<500),13,0,0.0,0.0
uttar pradesh,21,web,5g,Medium (500-2K),9,0,0.0,0.0
uttar pradesh,21,web,5g,High (2K-10K),6,0,0.0,0.0
uttar pradesh,21,web,wifi,Small (<500),5,0,0.0,0.0
uttar pradesh,21,web,wifi,Medium (500-2K),6,0,0.0,0.0
uttar pradesh,21,web,wifi,High (2K-10K),4,0,0.0,0.0
uttar pradesh,22,android,3g,Small (<500),25,0,0.0,0.0
uttar pradesh,22,android,3g,Medium (500-2K),15,0,0.0,0.0
uttar pradesh,22,android,3g,High (2K-10K),9,0,0.0,0.0
uttar pradesh,22,android,4g,Small (<500),219,0,0.0,0.0
uttar pradesh,22,android,4g,Medium (500-2K),189,0,0.0,0.0
uttar pradesh,22,android,4g,High (2K-10K),93,0,0.0,0.0
uttar pradesh,22,android,4g,Very High (>10K),1,0,0.0,0.0
uttar pradesh,22,android,5g,Small (<500),93,0,0.0,0.0
uttar pradesh,22,android,5g,Medium (500-2K),84,0,0.0,0.0
uttar pradesh,22,android,5g,High (2K-10K),36,0,0.0,0.0
uttar pradesh,22,android,5g,Very High (>10K),1,0,0.0,0.0
uttar pradesh,22,android,wifi,Small (<500),37,0,0.0,0.0
uttar pradesh,22,android,wifi,Medium (500-2K),29,0,0.0,0.0
uttar pradesh,22,android,wifi,High (2K-10K),14,0,0.0,0.0
uttar pradesh,22,android,wifi,Very High (>10K),1,0,0.0,0.0
uttar pradesh,22,ios,3g,Small (<500),6,0,0.0,0.0
uttar pradesh,22,ios,3g,Medium (500-2K),4,0,0.0,0.0
uttar pradesh,22,ios,3g,High (2K-10K),1,0,0.0,0.0
uttar pradesh,22,ios,3g,Very High (>10K),1,0,0.0,0.0
uttar pradesh,22,ios,4g,Small (<500),61,0,0.0,0.0
uttar pradesh,22,ios,4g,Medium (500-2K),53,0,0.0,0.0
uttar pradesh,22,ios,4g,High (2K-10K),19,0,0.0,0.0
uttar pradesh,22,ios,4g,Very High (>10K),2,0,0.0,0.0
uttar pradesh,22,ios,5g,Small (<500),29,0,0.0,0.0
uttar pradesh,22,ios,5g,Medium (500-2K),29,0,0.0,0.0
uttar pradesh,22,ios,5g,High (2K-10K),4,0,0.0,0.0
uttar pradesh,22,ios,wifi,Small (<500),10,0,0.0,0.0
uttar pradesh,22,ios,wifi,Medium (500-2K),12,0,0.0,0.0
uttar pradesh,22,ios,wifi,High (2K-10K),3,0,0.0,0.0
uttar pradesh,22,web,3g,Small (<500),2,0,0.0,0.0
uttar pradesh,22,web,3g,Medium (500-2K),2,0,0.0,0.0
uttar pradesh,22,web,4g,Small (<500),17,0,0.0,0.0
uttar pradesh,22,web,4g,Medium (500-2K),8,0,0.0,0.0
uttar pradesh,22,web,4g,High (2K-10K),7,0,0.0,0.0
uttar pradesh,22,web,4g,Very High (>10K),1,0,0.0,0.0
uttar pradesh,22,web,5g,Small (<500),5,0,0.0,0.0
uttar pradesh,22,web,5g,Medium (500-2K),4,0,0.0,0.0
uttar pradesh,22,web,5g,High (2K-10K),1,0,0.0,0.0
uttar pradesh,22,web,wifi,Small (<500),2,0,0.0,0.0
uttar pradesh,22,web,wifi,Medium (500-2K),1,0,0.0,0.0
uttar pradesh,22,web,wifi,High (2K-10K),1,0,0.0,0.0
uttar pradesh,23,android,3g,Small (<500),12,0,0.0,0.0
uttar pradesh,23,android,3g,Medium (500-2K),15,0,0.0,0.0
uttar pradesh,23,android,3g,High (2K-10K),7,0,0.0,0.0
uttar pradesh,23,android,4g,Small (<500),120,0,0.0,0.0
uttar pradesh,23,android,4g,Medium (500-2K),109,0,0.0,0.0
uttar pradesh,23,android,4g,High (2K-10K),72,0,0.0,0.0
uttar pradesh,23,android,4g,Very High (>10K),2,0,0.0,0.0
uttar pradesh,23,android,5g,Small (<500),58,0,0.0,0.0
uttar pradesh,23,android,5g,Medium (500-2K),43,0,0.0,0.0
uttar pradesh,23,android,5g,High (2K-10K),27,0,0.0,0.0
uttar pradesh,23,android,wifi,Small (<500),19,0,0.0,0.0
uttar pradesh,23,android,wifi,Medium (500-2K),20,0,0.0,0.0
uttar pradesh,23,android,wifi,High (2K-10K),17,0,0.0,0.0
uttar pradesh,23,android,wifi,Very High (>10K),1,0,0.0,0.0
uttar pradesh,23,ios,3g,Small (<500),6,0,0.0,0.0
uttar pradesh,23,ios,3g,Medium (500-2K),2,0,0.0,0.0
uttar pradesh,23,ios,3g,High (2K-10K),3,0,0.0,0.0
uttar pradesh,23,ios,4g,Small (<500),38,0,0.0,0.0
uttar pradesh,23,ios,4g,Medium (500-2K),33,0,0.0,0.0
uttar pradesh,23,ios,4g,High (2K-10K),16,0,0.0,0.0
uttar pradesh,23,ios,4g,Very High (>10K),2,0,0.0,0.0
uttar pradesh,23,ios,5g,Small (<500),14,0,0.0,0.0
uttar pradesh,23,ios,5g,Medium (500-2K),13,0,0.0,0.0
uttar pradesh,23,ios,5g,High (2K-10K),3,0,0.0,0.0
uttar pradesh,23,ios,wifi,Small (<500),5,0,0.0,0.0
uttar pradesh,23,ios,wifi,Medium (500-2K),7,0,0.0,0.0
uttar pradesh,23,ios,wifi,High (2K-10K),1,0,0.0,0.0
uttar pradesh,23,web,4g,Small (<500),11,0,0.0,0.0
uttar pradesh,23,web,4g,Medium (500-2K),9,0,0.0,0.0
uttar pradesh,23,web,4g,High (2K-10K),2,0,0.0,0.0
uttar pradesh,23,web,5g,Small (<500),2,0,0.0,0.0
uttar pradesh,23,web,5g,Medium (500-2K),5,0,0.0,0.0
uttar pradesh,23,web,5g,High (2K-10K),1,0,0.0,0.0
uttar pradesh,23,web,wifi,Small (<500),2,0,0.0,0.0
uttar pradesh,23,web,wifi,High (2K-10K),1,0,0.0,0.0
west bengal,0,android,3g,Small (<500),3,0,0.0,0.0
west bengal,0,android,3g,Medium (500-2K),6,0,0.0,0.0
west bengal,0,android,3g,High (2K-10K),6,0,0.0,0.0
west bengal,0,android,4g,Small (<500),42,0,0.0,0.0
west bengal,0,android,4g,Medium (500-2K),37,0,0.0,0.0
west bengal,0,android,4g,High (2K-10K),17,0,0.0,0.0
west bengal,0,android,4g,Very High (>10K),2,0,0.0,0.0
west bengal,0,android,5g,Small (<500),18,0,0.0,0.0
west bengal,0,android,5g,Medium (500-2K),10,0,0.0,0.0
west bengal,0,android,5g,High (2K-10K),9,0,0.0,0.0
west bengal,0,android,wifi,Small (<500),6,0,0.0,0.0
west bengal,0,android,wifi,Medium (500-2K),10,0,0.0,0.0
west bengal,0,android,wifi,High (2K-10K),2,0,0.0,0.0
west bengal,0,ios,3g,Small (<500),1,0,0.0,0.0
west bengal,0,ios,3g,Medium (500-2K),3,0,0.0,0.0
west bengal,0,ios,3g,High (2K-10K),2,0,0.0,0.0
west bengal,0,ios,4g,Small (<500),12,0,0.0,0.0
west bengal,0,ios,4g,Medium (500-2K),9,0,0.0,0.0
west bengal,0,ios,4g,High (2K-10K),6,0,0.0,0.0
west bengal,0,ios,5g,Small (<500),5,0,0.0,0.0
west bengal,0,ios,5g,Medium (500-2K),5,0,0.0,0.0
west bengal,0,ios,5g,High (2K-10K),1,0,0.0,0.0
west bengal,0,ios,wifi,Small (<500),2,0,0.0,0.0
west bengal,0,ios,wifi,Medium (500-2K),4,0,0.0,0.0
west bengal,0,ios,wifi,High (2K-10K),1,0,0.0,0.0
west bengal,0,web,4g,Small (<500),3,0,0.0,0.0
west bengal,0,web,4g,Medium (500-2K),1,0,0.0,0.0
west bengal,0,web,4g,High (2K-10K),2,0,0.0,0.0
west bengal,0,web,5g,Small (<500),2,0,0.0,0.0
west bengal,0,web,5g,Medium (500-2K),2,0,0.0,0.0
west bengal,0,web,wifi,Small (<500),1,0,0.0,0.0
west bengal,1,android,3g,Small (<500),4,0,0.0,0.0
west bengal,1,android,3g,High (2K-10K),1,0,0.0,0.0
west bengal,1,android,4g,Small (<500),37,0,0.0,0.0
west bengal,1,android,4g,Medium (500-2K),31,0,0.0,0.0
west bengal,1,android,4g,High (2K-10K),13,0,0.0,0.0
west bengal,1,android,5g,Small (<500),13,0,0.0,0.0
west bengal,1,android,5g,Medium (500-2K),9,0,0.0,0.0
west bengal,1,android,5g,High (2K-10K),7,0,0.0,0.0
west bengal,1,android,wifi,Small (<500),3,0,0.0,0.0
west bengal,1,android,wifi,Medium (500-2K),3,0,0.0,0.0
west bengal,1,ios,3g,Small (<500),1,0,0.0,0.0
west bengal,1,ios,3g,Medium (500-2K),2,0,0.0,0.0
west bengal,1,ios,4g,Small (<500),6,0,0.0,0.0
west bengal,1,ios,4g,Medium (500-2K),9,0,0.0,0.0
west bengal,1,ios,4g,High (2K-10K),2,0,0.0,0.0
west bengal,1,ios,4g,Very High (>10K),1,0,0.0,0.0
west bengal,1,ios,5g,Small (<500),5,0,0.0,0.0
west bengal,1,ios,5g,Medium (500-2K),1,0,0.0,0.0
west bengal,1,ios,5g,High (2K-10K),1,0,0.0,0.0
west bengal,1,ios,wifi,Small (<500),1,0,0.0,0.0
west bengal,1,ios,wifi,Medium (500-2K),1,0,0.0,0.0
west bengal,1,ios,wifi,High (2K-10K),1,0,0.0,0.0
west bengal,1,web,4g,Small (<500),1,0,0.0,0.0
west bengal,1,web,4g,Medium (500-2K),1,0,0.0,0.0
west bengal,1,web,4g,High (2K-10K),1,0,0.0,0.0
west bengal,1,web,wifi,Small (<500),1,0,0.0,0.0
west bengal,2,android,3g,Small (<500),2,0,0.0,0.0
west bengal,2,android,3g,Medium (500-2K),2,0,0.0,0.0
west bengal,2,android,3g,High (2K-10K),1,0,0.0,0.0
west bengal,2,android,4g,Small (<500),23,0,0.0,0.0
west bengal,2,android,4g,Medium (500-2K),22,0,0.0,0.0
west bengal,2,android,4g,High (2K-10K),14,0,0.0,0.0
west bengal,2,android,5g,Small (<500),10,0,0.0,0.0
west bengal,2,android,5g,Medium (500-2K),9,0,0.0,0.0
west bengal,2,android,5g,High (2K-10K),3,0,0.0,0.0
west bengal,2,android,wifi,Small (<500),2,0,0.0,0.0
west bengal,2,android,wifi,Medium (500-2K),5,0,0.0,0.0
west bengal,2,android,wifi,High (2K-10K),3,0,0.0,0.0
west bengal,2,ios,3g,Medium (500-2K),2,0,0.0,0.0
west bengal,2,ios,4g,Small (<500),11,0,0.0,0.0
west bengal,2,ios,4g,Medium (500-2K),7,0,0.0,0.0
west bengal,2,ios,4g,High (2K-10K),1,0,0.0,0.0
west bengal,2,ios,5g,Small (<500),3,0,0.0,0.0
west bengal,2,ios,5g,Medium (500-2K),3,0,0.0,0.0
west bengal,2,ios,5g,High (2K-10K),1,0,0.0,0.0
west bengal,2,ios,wifi,Small (<500),2,0,0.0,0.0
west bengal,2,web,4g,Small (<500),2,0,0.0,0.0
west bengal,2,web,5g,Small (<500),1,0,0.0,0.0
west bengal,3,android,3g,Small (<500),3,0,0.0,0.0
west bengal,3,android,3g,Medium (500-2K),3,0,0.0,0.0
west bengal,3,android,4g,Small (<500),20,0,0.0,0.0
west bengal,3,android,4g,Medium (500-2K),17,0,0.0,0.0
west bengal,3,android,4g,High (2K-10K),9,0,0.0,0.0
west bengal,3,android,5g,Small (<500),12,0,0.0,0.0
west bengal,3,android,5g,Medium (500-2K),6,0,0.0,0.0
west bengal,3,android,5g,High (2K-10K),2,0,0.0,0.0
west bengal,3,android,wifi,Small (<500),3,0,0.0,0.0
west bengal,3,android,wifi,Medium (500-2K),3,0,0.0,0.0
west bengal,3,ios,3g,Medium (500-2K),1,0,0.0,0.0
west bengal,3,ios,4g,Small (<500),7,0,0.0,0.0
west bengal,3,ios,4g,Medium (500-2K),7,0,0.0,0.0
west bengal,3,ios,4g,High (2K-10K),2,0,0.0,0.0
west bengal,3,ios,5g,Small (<500),1,0,0.0,0.0
west bengal,3,ios,5g,Medium (500-2K),3,0,0.0,0.0
west bengal,3,ios,5g,High (2K-10K),1,0,0.0,0.0
west bengal,3,ios,wifi,Medium (500-2K),2,0,0.0,0.0
west bengal,3,web,4g,Small (<500),1,0,0.0,0.0
west bengal,3,web,4g,Medium (500-2K),1,0,0.0,0.0
west bengal,3,web,5g,High (2K-10K),1,0,0.0,0.0
west bengal,4,android,3g,Small (<500),2,0,0.0,0.0
west bengal,4,android,3g,Medium (500-2K),2,0,0.0,0.0
west bengal,4,android,3g,High (2K-10K),1,0,0.0,0.0
west bengal,4,android,4g,Small (<500),25,0,0.0,0.0
west bengal,4,android,4g,Medium (500-2K),22,0,0.0,0.0
west bengal,4,android,4g,High (2K-10K),7,0,0.0,0.0
west bengal,4,android,4g,Very High (>10K),1,0,0.0,0.0
west bengal,4,android,5g,Small (<500),11,0,0.0,0.0
west bengal,4,android,5g,Medium (500-2K),8,0,0.0,0.0
west bengal,4,android,5g,High (2K-10K),10,0,0.0,0.0
west bengal,4,android,wifi,Small (<500),3,0,0.0,0.0
west bengal,4,android,wifi,Medium (500-2K),3,0,0.0,0.0
west bengal,4,android,wifi,High (2K-10K),1,0,0.0,0.0
west bengal,4,ios,3g,High (2K-10K),1,0,0.0,0.0
west bengal,4,ios,4g,Small (<500),5,0,0.0,0.0
west bengal,4,ios,4g,Medium (500-2K),4,0,0.0,0.0
west bengal,4,ios,4g,High (2K-10K),4,0,0.0,0.0
west bengal,4,ios,5g,Medium (500-2K),2,0,0.0,0.0
west bengal,4,ios,5g,High (2K-10K),1,0,0.0,0.0
west bengal,4,ios,wifi,Medium (500-2K),1,0,0.0,0.0
west bengal,4,ios,wifi,High (2K-10K),1,0,0.0,0.0
west bengal,4,web,4g,Small (<500),3,0,0.0,0.0
west bengal,4,web,5g,Small (<500),1,0,0.0,0.0
west bengal,4,web,wifi,Medium (500-2K),1,0,0.0,0.0
west bengal,5,android,3g,Medium (500-2K),1,0,0.0,0.0
west bengal,5,android,3g,High (2K-10K),1,0,0.0,0.0
west bengal,5,android,4g,Small (<500),37,0,0.0,0.0
west bengal,5,android,4g,Medium (500-2K),31,0,0.0,0.0
west bengal,5,android,4g,High (2K-10K),10,0,0.0,0.0
west bengal,5,android,5g,Small (<500),8,0,0.0,0.0
west bengal,5,android,5g,Medium (500-2K),18,0,0.0,0.0
west bengal,5,android,5g,High (2K-10K),7,0,0.0,0.0
west bengal,5,android,wifi,Small (<500),4,0,0.0,0.0
west bengal,5,android,wifi,High (2K-10K),6,0,0.0,0.0
west bengal,5,ios,4g,Small (<500),9,0,0.0,0.0
west bengal,5,ios,4g,Medium (500-2K),4,0,0.0,0.0
west bengal,5,ios,4g,High (2K-10K),2,0,0.0,0.0
west bengal,5,ios,5g,Small (<500),2,0,0.0,0.0
west bengal,5,ios,5g,Medium (500-2K),5,0,0.0,0.0
west bengal,5,ios,5g,High (2K-10K),2,0,0.0,0.0
west bengal,5,ios,wifi,Small (<500),2,0,0.0,0.0
west bengal,5,ios,wifi,Medium (500-2K),1,0,0.0,0.0
west bengal,5,web,3g,Medium (500-2K),2,0,0.0,0.0
west bengal,5,web,4g,Small (<500),1,0,0.0,0.0
west bengal,5,web,4g,Medium (500-2K),2,0,0.0,0.0
west bengal,5,web,4g,High (2K-10K),3,0,0.0,0.0
west bengal,5,web,wifi,Small (<500),2,0,0.0,0.0
west bengal,5,web,wifi,Medium (500-2K),1,0,0.0,0.0
west bengal,6,android,3g,Small (<500),2,0,0.0,0.0
west bengal,6,android,3g,Medium (500-2K),5,0,0.0,0.0
west bengal,6,android,4g,Small (<500),45,0,0.0,0.0
west bengal,6,android,4g,Medium (500-2K),54,0,0.0,0.0
west bengal,6,android,4g,High (2K-10K),22,0,0.0,0.0
west bengal,6,android,4g,Very High (>10K),1,0,0.0,0.0
west bengal,6,android,5g,Small (<500),27,0,0.0,0.0
west bengal,6,android,5g,Medium (500-2K),22,0,0.0,0.0
west bengal,6,android,5g,High (2K-10K),13,0,0.0,0.0
west bengal,6,android,wifi,Small (<500),13,0,0.0,0.0
west bengal,6,android,wifi,Medium (500-2K),10,0,0.0,0.0
west bengal,6,android,wifi,High (2K-10K),4,0,0.0,0.0
west bengal,6,ios,3g,Small (<500),3,0,0.0,0.0
west bengal,6,ios,3g,High (2K-10K),1,0,0.0,0.0
west bengal,6,ios,4g,Small (<500),12,0,0.0,0.0
west bengal,6,ios,4g,Medium (500-2K),5,0,0.0,0.0
west bengal,6,ios,4g,High (2K-10K),5,0,0.0,0.0
west bengal,6,ios,5g,Small (<500),2,0,0.0,0.0
west bengal,6,ios,5g,Medium (500-2K),7,0,0.0,0.0
west bengal,6,ios,5g,High (2K-10K),2,0,0.0,0.0
west bengal,6,ios,5g,Very High (>10K),1,0,0.0,0.0
west bengal,6,ios,wifi,Small (<500),4,0,0.0,0.0
west bengal,6,ios,wifi,Medium (500-2K),4,0,0.0,0.0
west bengal,6,ios,wifi,High (2K-10K),1,0,0.0,0.0
west bengal,6,web,4g,Small (<500),2,0,0.0,0.0
west bengal,6,web,4g,Medium (500-2K),2,0,0.0,0.0
west bengal,6,web,5g,High (2K-10K),1,0,0.0,0.0
west bengal,7,android,3g,Small (<500),10,0,0.0,0.0
west bengal,7,android,3g,Medium (500-2K),7,0,0.0,0.0
west bengal,7,android,3g,High (2K-10K),2,0,0.0,0.0
west bengal,7,android,4g,Small (<500),102,1,0.9803921568627451,294.0
west bengal,7,android,4g,Medium (500-2K),79,1,1.2658227848101267,1855.0
west bengal,7,android,4g,High (2K-10K),30,0,0.0,0.0
west bengal,7,android,4g,Very High (>10K),1,0,0.0,0.0
west bengal,7,android,5g,Small (<500),34,0,0.0,0.0
west bengal,7,android,5g,Medium (500-2K),31,0,0.0,0.0
west bengal,7,android,5g,High (2K-10K),10,0,0.0,0.0
west bengal,7,android,5g,Very High (>10K),1,0,0.0,0.0
west bengal,7,android,wifi,Small (<500),10,0,0.0,0.0
west bengal,7,android,wifi,Medium (500-2K),18,0,0.0,0.0
west bengal,7,android,wifi,High (2K-10K),4,0,0.0,0.0
west bengal,7,android,wifi,Very High (>10K),1,0,0.0,0.0
west bengal,7,ios,3g,Small (<500),1,0,0.0,0.0
west bengal,7,ios,3g,Medium (500-2K),2,0,0.0,0.0
west bengal,7,ios,3g,High (2K-10K),1,0,0.0,0.0
west bengal,7,ios,4g,Small (<500),21,0,0.0,0.0
west bengal,7,ios,4g,Medium (500-2K),24,0,0.0,0.0
west bengal,7,ios,4g,High (2K-10K),11,0,0.0,0.0
west bengal,7,ios,4g,Very High (>10K),1,0,0.0,0.0
west bengal,7,ios,5g,Small (<500),10,0,0.0,0.0
west bengal,7,ios,5g,Medium (500-2K),6,0,0.0,0.0
west bengal,7,ios,5g,High (2K-10K),7,0,0.0,0.0
west bengal,7,ios,wifi,Small (<500),3,0,0.0,0.0
west bengal,7,ios,wifi,Medium (500-2K),2,0,0.0,0.0
west bengal,7,ios,wifi,High (2K-10K),2,0,0.0,0.0
west bengal,7,web,3g,Medium (500-2K),1,0,0.0,0.0
west bengal,7,web,4g,Small (<500),8,0,0.0,0.0
west bengal,7,web,4g,Medium (500-2K),4,0,0.0,0.0
west bengal,7,web,4g,High (2K-10K),2,0,0.0,0.0
west bengal,7,web,5g,Small (<500),2,0,0.0,0.0
west bengal,7,web,5g,Medium (500-2K),1,0,0.0,0.0
west bengal,7,web,wifi,Small (<500),1,0,0.0,0.0
west bengal,8,android,3g,Small (<500),13,1,7.6923076923076925,293.0
west bengal,8,android,3g,Medium (500-2K),8,0,0.0,0.0
west bengal,8,android,3g,High (2K-10K),2,0,0.0,0.0
west bengal,8,android,3g,Very High (>10K),1,0,0.0,0.0
west bengal,8,android,4g,Small (<500),144,0,0.0,0.0
west bengal,8,android,4g,Medium (500-2K),116,0,0.0,0.0
west bengal,8,android,4g,High (2K-10K),52,0,0.0,0.0
west bengal,8,android,4g,Very High (>10K),3,0,0.0,0.0
west bengal,8,android,5g,Small (<500),60,0,0.0,0.0
west bengal,8,android,5g,Medium (500-2K),36,0,0.0,0.0
west bengal,8,android,5g,High (2K-10K),22,0,0.0,0.0
west bengal,8,android,5g,Very High (>10K),2,0,0.0,0.0
west bengal,8,android,wifi,Small (<500),21,0,0.0,0.0
west bengal,8,android,wifi,Medium (500-2K),17,0,0.0,0.0
west bengal,8,android,wifi,High (2K-10K),9,0,0.0,0.0
west bengal,8,ios,3g,Small (<500),4,0,0.0,0.0
west bengal,8,ios,3g,High (2K-10K),3,0,0.0,0.0
west bengal,8,ios,4g,Small (<500),32,0,0.0,0.0
west bengal,8,ios,4g,Medium (500-2K),28,0,0.0,0.0
west bengal,8,ios,4g,High (2K-10K),18,0,0.0,0.0
west bengal,8,ios,5g,Small (<500),22,0,0.0,0.0
west bengal,8,ios,5g,Medium (500-2K),10,0,0.0,0.0
west bengal,8,ios,5g,High (2K-10K),6,0,0.0,0.0
west bengal,8,ios,5g,Very High (>10K),1,0,0.0,0.0
west bengal,8,ios,wifi,Small (<500),5,0,0.0,0.0
west bengal,8,ios,wifi,Medium (500-2K),4,0,0.0,0.0
west bengal,8,ios,wifi,High (2K-10K),3,0,0.0,0.0
west bengal,8,web,3g,Small (<500),2,0,0.0,0.0
west bengal,8,web,3g,Medium (500-2K),1,0,0.0,0.0
west bengal,8,web,4g,Small (<500),5,0,0.0,0.0
west bengal,8,web,4g,Medium (500-2K),5,0,0.0,0.0
west bengal,8,web,4g,High (2K-10K),3,0,0.0,0.0
west bengal,8,web,5g,Small (<500),5,0,0.0,0.0
west bengal,8,web,5g,Medium (500-2K),2,0,0.0,0.0
west bengal,8,web,5g,High (2K-10K),1,0,0.0,0.0
west bengal,8,web,5g,Very High (>10K),1,0,0.0,0.0
west bengal,8,web,wifi,Small (<500),1,0,0.0,0.0
west bengal,8,web,wifi,Medium (500-2K),1,0,0.0,0.0
west bengal,8,web,wifi,High (2K-10K),1,0,0.0,0.0
west bengal,9,android,3g,Small (<500),9,0,0.0,0.0
west bengal,9,android,3g,Medium (500-2K),16,0,0.0,0.0
west bengal,9,android,3g,High (2K-10K),4,0,0.0,0.0
west bengal,9,android,4g,Small (<500),170,0,0.0,0.0
west bengal,9,android,4g,Medium (500-2K),140,0,0.0,0.0
west bengal,9,android,4g,High (2K-10K),66,0,0.0,0.0
west bengal,9,android,4g,Very High (>10K),1,0,0.0,0.0
west bengal,9,android,5g,Small (<500),67,0,0.0,0.0
west bengal,9,android,5g,Medium (500-2K),47,0,0.0,0.0
west bengal,9,android,5g,High (2K-10K),27,0,0.0,0.0
west bengal,9,android,wifi,Small (<500),29,0,0.0,0.0
west bengal,9,android,wifi,Medium (500-2K),20,0,0.0,0.0
west bengal,9,android,wifi,High (2K-10K),14,0,0.0,0.0
west bengal,9,ios,3g,Small (<500),3,0,0.0,0.0
west bengal,9,ios,3g,Medium (500-2K),2,0,0.0,0.0
west bengal,9,ios,4g,Small (<500),44,1,2.272727272727273,257.0
west bengal,9,ios,4g,Medium (500-2K),36,0,0.0,0.0
west bengal,9,ios,4g,High (2K-10K),18,0,0.0,0.0
west bengal,9,ios,5g,Small (<500),13,0,0.0,0.0
west bengal,9,ios,5g,Medium (500-2K),16,0,0.0,0.0
west bengal,9,ios,5g,High (2K-10K),6,0,0.0,0.0
west bengal,9,ios,wifi,Small (<500),6,0,0.0,0.0
west bengal,9,ios,wifi,Medium (500-2K),7,0,0.0,0.0
west bengal,9,ios,wifi,High (2K-10K),2,0,0.0,0.0
west bengal,9,web,3g,Medium (500-2K),1,0,0.0,0.0
west bengal,9,web,3g,High (2K-10K),1,0,0.0,0.0
west bengal,9,web,4g,Small (<500),14,0,0.0,0.0
west bengal,9,web,4g,Medium (500-2K),11,0,0.0,0.0
west bengal,9,web,4g,High (2K-10K),8,0,0.0,0.0
west bengal,9,web,5g,Small (<500),1,0,0.0,0.0
west bengal,9,web,5g,Medium (500-2K),8,0,0.0,0.0
west bengal,9,web,5g,High (2K-10K),4,1,25.0,8895.0
west bengal,9,web,wifi,Small (<500),1,0,0.0,0.0
west bengal,9,web,wifi,Medium (500-2K),1,0,0.0,0.0
west bengal,9,web,wifi,High (2K-10K),1,0,0.0,0.0
west bengal,10,android,3g,Small (<500),18,0,0.0,0.0
west bengal,10,android,3g,Medium (500-2K),12,0,0.0,0.0
west bengal,10,android,3g,High (2K-10K),10,0,0.0,0.0
west bengal,10,android,4g,Small (<500),227,0,0.0,0.0
west bengal,10,android,4g,Medium (500-2K),181,0,0.0,0.0
west bengal,10,android,4g,High (2K-10K),85,0,0.0,0.0
west bengal,10,android,4g,Very High (>10K),2,0,0.0,0.0
west bengal,10,android,5g,Small (<500),106,0,0.0,0.0
west bengal,10,android,5g,Medium (500-2K),85,0,0.0,0.0
west bengal,10,android,5g,High (2K-10K),28,1,3.571428571428571,9414.0
west bengal,10,android,5g,Very High (>10K),1,0,0.0,0.0
west bengal,10,android,wifi,Small (<500),34,0,0.0,0.0
west bengal,10,android,wifi,Medium (500-2K),31,0,0.0,0.0
west bengal,10,android,wifi,High (2K-10K),14,0,0.0,0.0
west bengal,10,ios,3g,Small (<500),5,0,0.0,0.0
west bengal,10,ios,3g,Medium (500-2K),8,0,0.0,0.0
west bengal,10,ios,3g,High (2K-10K),2,0,0.0,0.0
west bengal,10,ios,4g,Small (<500),59,0,0.0,0.0
west bengal,10,ios,4g,Medium (500-2K),52,1,1.9230769230769231,1700.0
west bengal,10,ios,4g,High (2K-10K),22,0,0.0,0.0
west bengal,10,ios,4g,Very High (>10K),1,0,0.0,0.0
west bengal,10,ios,5g,Small (<500),23,0,0.0,0.0
west bengal,10,ios,5g,Medium (500-2K),15,0,0.0,0.0
west bengal,10,ios,5g,High (2K-10K),12,0,0.0,0.0
west bengal,10,ios,wifi,Small (<500),12,0,0.0,0.0
west bengal,10,ios,wifi,Medium (500-2K),12,0,0.0,0.0
west bengal,10,ios,wifi,High (2K-10K),4,0,0.0,0.0
west bengal,10,web,3g,Small (<500),1,0,0.0,0.0
west bengal,10,web,3g,Medium (500-2K),1,0,0.0,0.0
west bengal,10,web,4g,Small (<500),12,0,0.0,0.0
west bengal,10,web,4g,Medium (500-2K),10,0,0.0,0.0
west bengal,10,web,4g,High (2K-10K),4,0,0.0,0.0
west bengal,10,web,5g,Small (<500),6,0,0.0,0.0
west bengal,10,web,5g,Medium (500-2K),5,0,0.0,0.0
west bengal,10,web,5g,High (2K-10K),4,0,0.0,0.0
west bengal,10,web,wifi,Small (<500),2,0,0.0,0.0
west bengal,10,web,wifi,High (2K-10K),1,0,0.0,0.0
west bengal,11,android,3g,Small (<500),19,0,0.0,0.0
west bengal,11,android,3g,Medium (500-2K),19,0,0.0,0.0
west bengal,11,android,3g,High (2K-10K),9,0,0.0,0.0
west bengal,11,android,4g,Small (<500),269,0,0.0,0.0
west bengal,11,android,4g,Medium (500-2K),223,0,0.0,0.0
west bengal,11,android,4g,High (2K-10K),100,0,0.0,0.0
west bengal,11,android,4g,Very High (>10K),4,0,0.0,0.0
west bengal,11,android,5g,Small (<500),101,0,0.0,0.0
west bengal,11,android,5g,Medium (500-2K),97,0,0.0,0.0
west bengal,11,android,5g,High (2K-10K),38,0,0.0,0.0
west bengal,11,android,5g,Very High (>10K),2,0,0.0,0.0
west bengal,11,android,wifi,Small (<500),42,0,0.0,0.0
west bengal,11,android,wifi,Medium (500-2K),32,0,0.0,0.0
west bengal,11,android,wifi,High (2K-10K),24,0,0.0,0.0
west bengal,11,android,wifi,Very High (>10K),2,0,0.0,0.0
west bengal,11,ios,3g,Small (<500),3,0,0.0,0.0
west bengal,11,ios,3g,Medium (500-2K),2,0,0.0,0.0
west bengal,11,ios,3g,High (2K-10K),3,0,0.0,0.0
west bengal,11,ios,4g,Small (<500),61,0,0.0,0.0
west bengal,11,ios,4g,Medium (500-2K),62,0,0.0,0.0
west bengal,11,ios,4g,High (2K-10K),24,0,0.0,0.0
west bengal,11,ios,4g,Very High (>10K),2,0,0.0,0.0
west bengal,11,ios,5g,Small (<500),20,0,0.0,0.0
west bengal,11,ios,5g,Medium (500-2K),19,0,0.0,0.0
west bengal,11,ios,5g,High (2K-10K),11,0,0.0,0.0
west bengal,11,ios,wifi,Small (<500),12,0,0.0,0.0
west bengal,11,ios,wifi,Medium (500-2K),10,0,0.0,0.0
west bengal,11,ios,wifi,High (2K-10K),6,0,0.0,0.0
west bengal,11,ios,wifi,Very High (>10K),1,0,0.0,0.0
west bengal,11,web,3g,Small (<500),1,0,0.0,0.0
west bengal,11,web,4g,Small (<500),14,0,0.0,0.0
west bengal,11,web,4g,Medium (500-2K),14,0,0.0,0.0
west bengal,11,web,4g,High (2K-10K),4,0,0.0,0.0
west bengal,11,web,5g,Small (<500),9,0,0.0,0.0
west bengal,11,web,5g,Medium (500-2K),6,0,0.0,0.0
west bengal,11,web,5g,High (2K-10K),2,0,0.0,0.0
west bengal,11,web,5g,Very High (>10K),1,0,0.0,0.0
west bengal,11,web,wifi,Small (<500),2,0,0.0,0.0
west bengal,11,web,wifi,Medium (500-2K),2,0,0.0,0.0
west bengal,11,web,wifi,High (2K-10K),1,0,0.0,0.0
west bengal,12,android,3g,Small (<500),20,0,0.0,0.0
west bengal,12,android,3g,Medium (500-2K),29,1,3.4482758620689653,1665.0
west bengal,12,android,3g,High (2K-10K),9,0,0.0,0.0
west bengal,12,android,4g,Small (<500),240,0,0.0,0.0
west bengal,12,android,4g,Medium (500-2K),256,1,0.390625,633.0
west bengal,12,android,4g,High (2K-10K),118,0,0.0,0.0
west bengal,12,android,4g,Very High (>10K),5,0,0.0,0.0
west bengal,12,android,5g,Small (<500),104,0,0.0,0.0
west bengal,12,android,5g,Medium (500-2K),114,0,0.0,0.0
west bengal,12,android,5g,High (2K-10K),48,0,0.0,0.0
west bengal,12,android,5g,Very High (>10K),3,0,0.0,0.0
west bengal,12,android,wifi,Small (<500),46,0,0.0,0.0
west bengal,12,android,wifi,Medium (500-2K),32,0,0.0,0.0
west bengal,12,android,wifi,High (2K-10K),16,0,0.0,0.0
west bengal,12,android,wifi,Very High (>10K),2,0,0.0,0.0
west bengal,12,ios,3g,Small (<500),6,0,0.0,0.0
west bengal,12,ios,3g,Medium (500-2K),5,0,0.0,0.0
west bengal,12,ios,3g,High (2K-10K),4,0,0.0,0.0
west bengal,12,ios,4g,Small (<500),67,0,0.0,0.0
west bengal,12,ios,4g,Medium (500-2K),58,0,0.0,0.0
west bengal,12,ios,4g,High (2K-10K),41,0,0.0,0.0
west bengal,12,ios,4g,Very High (>10K),1,0,0.0,0.0
west bengal,12,ios,5g,Small (<500),32,0,0.0,0.0
west bengal,12,ios,5g,Medium (500-2K),25,0,0.0,0.0
west bengal,12,ios,5g,High (2K-10K),11,0,0.0,0.0
west bengal,12,ios,wifi,Small (<500),8,0,0.0,0.0
west bengal,12,ios,wifi,Medium (500-2K),9,0,0.0,0.0
west bengal,12,ios,wifi,High (2K-10K),8,0,0.0,0.0
west bengal,12,web,3g,Small (<500),1,0,0.0,0.0
west bengal,12,web,3g,Medium (500-2K),1,0,0.0,0.0
west bengal,12,web,3g,High (2K-10K),1,0,0.0,0.0
west bengal,12,web,4g,Small (<500),21,0,0.0,0.0
west bengal,12,web,4g,Medium (500-2K),10,0,0.0,0.0
west bengal,12,web,4g,High (2K-10K),8,0,0.0,0.0
west bengal,12,web,5g,Small (<500),8,0,0.0,0.0
west bengal,12,web,5g,Medium (500-2K),7,0,0.0,0.0
west bengal,12,web,5g,High (2K-10K),2,0,0.0,0.0
west bengal,12,web,wifi,Small (<500),2,0,0.0,0.0
west bengal,12,web,wifi,Medium (500-2K),2,0,0.0,0.0
west bengal,12,web,wifi,High (2K-10K),2,0,0.0,0.0
west bengal,12,web,wifi,Very High (>10K),1,0,0.0,0.0
west bengal,13,android,3g,Small (<500),16,0,0.0,0.0
west bengal,13,android,3g,Medium (500-2K),24,0,0.0,0.0
west bengal,13,android,3g,High (2K-10K),12,0,0.0,0.0
west bengal,13,android,4g,Small (<500),219,0,0.0,0.0
west bengal,13,android,4g,Medium (500-2K),189,1,0.5291005291005291,631.0
west bengal,13,android,4g,High (2K-10K),126,0,0.0,0.0
west bengal,13,android,4g,Very High (>10K),5,0,0.0,0.0
west bengal,13,android,5g,Small (<500),107,0,0.0,0.0
west bengal,13,android,5g,Medium (500-2K),103,0,0.0,0.0
west bengal,13,android,5g,High (2K-10K),53,0,0.0,0.0
west bengal,13,android,5g,Very High (>10K),1,0,0.0,0.0
west bengal,13,android,wifi,Small (<500),44,0,0.0,0.0
west bengal,13,android,wifi,Medium (500-2K),35,0,0.0,0.0
west bengal,13,android,wifi,High (2K-10K),9,0,0.0,0.0
west bengal,13,android,wifi,Very High (>10K),2,0,0.0,0.0
west bengal,13,ios,3g,Small (<500),3,0,0.0,0.0
west bengal,13,ios,3g,Medium (500-2K),5,0,0.0,0.0
west bengal,13,ios,3g,High (2K-10K),1,0,0.0,0.0
west bengal,13,ios,3g,Very High (>10K),1,0,0.0,0.0
west bengal,13,ios,4g,Small (<500),66,0,0.0,0.0
west bengal,13,ios,4g,Medium (500-2K),51,0,0.0,0.0
west bengal,13,ios,4g,High (2K-10K),17,0,0.0,0.0
west bengal,13,ios,4g,Very High (>10K),1,0,0.0,0.0
west bengal,13,ios,5g,Small (<500),23,0,0.0,0.0
west bengal,13,ios,5g,Medium (500-2K),29,0,0.0,0.0
west bengal,13,ios,5g,High (2K-10K),10,0,0.0,0.0
west bengal,13,ios,wifi,Small (<500),8,0,0.0,0.0
west bengal,13,ios,wifi,Medium (500-2K),12,0,0.0,0.0
west bengal,13,ios,wifi,High (2K-10K),5,0,0.0,0.0
west bengal,13,web,3g,Medium (500-2K),1,0,0.0,0.0
west bengal,13,web,3g,High (2K-10K),1,0,0.0,0.0
west bengal,13,web,4g,Small (<500),15,1,6.666666666666667,139.0
west bengal,13,web,4g,Medium (500-2K),13,0,0.0,0.0
west bengal,13,web,4g,High (2K-10K),6,0,0.0,0.0
west bengal,13,web,5g,Small (<500),5,0,0.0,0.0
west bengal,13,web,5g,Medium (500-2K),8,0,0.0,0.0
west bengal,13,web,wifi,Small (<500),3,0,0.0,0.0
west bengal,13,web,wifi,Medium (500-2K),2,0,0.0,0.0
west bengal,14,android,3g,Small (<500),21,0,0.0,0.0
west bengal,14,android,3g,Medium (500-2K),11,0,0.0,0.0
west bengal,14,android,3g,High (2K-10K),5,0,0.0,0.0
west bengal,14,android,4g,Small (<500),182,0,0.0,0.0
west bengal,14,android,4g,Medium (500-2K),144,0,0.0,0.0
west bengal,14,android,4g,High (2K-10K),80,1,1.25,3411.0
west bengal,14,android,4g,Very High (>10K),4,0,0.0,0.0
west bengal,14,android,5g,Small (<500),76,0,0.0,0.0
west bengal,14,android,5g,Medium (500-2K),67,0,0.0,0.0
west bengal,14,android,5g,High (2K-10K),26,0,0.0,0.0
west bengal,14,android,wifi,Small (<500),25,0,0.0,0.0
west bengal,14,android,wifi,Medium (500-2K),28,0,0.0,0.0
west bengal,14,android,wifi,High (2K-10K),12,0,0.0,0.0
west bengal,14,android,wifi,Very High (>10K),1,0,0.0,0.0
west bengal,14,ios,3g,Small (<500),1,0,0.0,0.0
west bengal,14,ios,3g,Medium (500-2K),3,0,0.0,0.0
west bengal,14,ios,3g,High (2K-10K),4,0,0.0,0.0
west bengal,14,ios,4g,Small (<500),44,0,0.0,0.0
west bengal,14,ios,4g,Medium (500-2K),33,0,0.0,0.0
west bengal,14,ios,4g,High (2K-10K),24,0,0.0,0.0
west bengal,14,ios,4g,Very High (>10K),1,0,0.0,0.0
west bengal,14,ios,5g,Small (<500),16,0,0.0,0.0
west bengal,14,ios,5g,Medium (500-2K),20,0,0.0,0.0
west bengal,14,ios,5g,High (2K-10K),11,0,0.0,0.0
west bengal,14,ios,wifi,Small (<500),4,0,0.0,0.0
west bengal,14,ios,wifi,Medium (500-2K),5,0,0.0,0.0
west bengal,14,ios,wifi,High (2K-10K),4,0,0.0,0.0
west bengal,14,web,3g,Small (<500),2,0,0.0,0.0
west bengal,14,web,3g,Medium (500-2K),1,0,0.0,0.0
west bengal,14,web,4g,Small (<500),6,0,0.0,0.0
west bengal,14,web,4g,Medium (500-2K),6,0,0.0,0.0
west bengal,14,web,4g,High (2K-10K),4,0,0.0,0.0
west bengal,14,web,5g,Small (<500),4,0,0.0,0.0
west bengal,14,web,5g,Medium (500-2K),6,0,0.0,0.0
west bengal,14,web,5g,High (2K-10K),3,0,0.0,0.0
west bengal,14,web,wifi,High (2K-10K),1,0,0.0,0.0
west bengal,15,android,3g,Small (<500),11,0,0.0,0.0
west bengal,15,android,3g,Medium (500-2K),20,0,0.0,0.0
west bengal,15,android,3g,High (2K-10K),10,0,0.0,0.0
west bengal,15,android,4g,Small (<500),187,2,1.06951871657754,301.5
west bengal,15,android,4g,Medium (500-2K),169,1,0.591715976331361,1728.0
west bengal,15,android,4g,High (2K-10K),96,0,0.0,0.0
west bengal,15,android,4g,Very High (>10K),1,0,0.0,0.0
west bengal,15,android,5g,Small (<500),80,0,0.0,0.0
west bengal,15,android,5g,Medium (500-2K),61,0,0.0,0.0
west bengal,15,android,5g,High (2K-10K),36,0,0.0,0.0
west bengal,15,android,wifi,Small (<500),37,0,0.0,0.0
west bengal,15,android,wifi,Medium (500-2K),27,0,0.0,0.0
west bengal,15,android,wifi,High (2K-10K),14,0,0.0,0.0
west bengal,15,ios,3g,Small (<500),5,0,0.0,0.0
west bengal,15,ios,3g,Medium (500-2K),3,0,0.0,0.0
west bengal,15,ios,4g,Small (<500),51,0,0.0,0.0
west bengal,15,ios,4g,Medium (500-2K),37,0,0.0,0.0
west bengal,15,ios,4g,High (2K-10K),20,0,0.0,0.0
west bengal,15,ios,4g,Very High (>10K),1,0,0.0,0.0
west bengal,15,ios,5g,Small (<500),27,1,3.7037037037037033,282.0
west bengal,15,ios,5g,Medium (500-2K),13,0,0.0,0.0
west bengal,15,ios,5g,High (2K-10K),12,0,0.0,0.0
west bengal,15,ios,5g,Very High (>10K),1,0,0.0,0.0
west bengal,15,ios,wifi,Small (<500),11,0,0.0,0.0
west bengal,15,ios,wifi,Medium (500-2K),6,0,0.0,0.0
west bengal,15,ios,wifi,High (2K-10K),6,0,0.0,0.0
west bengal,15,web,3g,Small (<500),1,0,0.0,0.0
west bengal,15,web,3g,Medium (500-2K),1,0,0.0,0.0
west bengal,15,web,4g,Small (<500),13,0,0.0,0.0
west bengal,15,web,4g,Medium (500-2K),8,0,0.0,0.0
west bengal,15,web,4g,High (2K-10K),6,0,0.0,0.0
west bengal,15,web,5g,Small (<500),4,0,0.0,0.0
west bengal,15,web,5g,High (2K-10K),3,0,0.0,0.0
west bengal,15,web,wifi,Small (<500),4,0,0.0,0.0
west bengal,15,web,wifi,Medium (500-2K),1,0,0.0,0.0
west bengal,15,web,wifi,High (2K-10K),1,0,0.0,0.0
west bengal,16,android,3g,Small (<500),23,0,0.0,0.0
west bengal,16,android,3g,Medium (500-2K),17,0,0.0,0.0
west bengal,16,android,3g,High (2K-10K),3,0,0.0,0.0
west bengal,16,android,4g,Small (<500),232,0,0.0,0.0
west bengal,16,android,4g,Medium (500-2K),181,0,0.0,0.0
west bengal,16,android,4g,High (2K-10K),105,0,0.0,0.0
west bengal,16,android,4g,Very High (>10K),1,0,0.0,0.0
west bengal,16,android,5g,Small (<500),88,0,0.0,0.0
west bengal,16,android,5g,Medium (500-2K),62,0,0.0,0.0
west bengal,16,android,5g,High (2K-10K),37,0,0.0,0.0
west bengal,16,android,5g,Very High (>10K),2,0,0.0,0.0
west bengal,16,android,wifi,Small (<500),28,0,0.0,0.0
west bengal,16,android,wifi,Medium (500-2K),25,0,0.0,0.0
west bengal,16,android,wifi,High (2K-10K),17,0,0.0,0.0
west bengal,16,android,wifi,Very High (>10K),1,0,0.0,0.0
west bengal,16,ios,3g,Small (<500),5,0,0.0,0.0
west bengal,16,ios,3g,Medium (500-2K),3,0,0.0,0.0
west bengal,16,ios,3g,High (2K-10K),3,0,0.0,0.0
west bengal,16,ios,4g,Small (<500),45,0,0.0,0.0
west bengal,16,ios,4g,Medium (500-2K),53,0,0.0,0.0
west bengal,16,ios,4g,High (2K-10K),31,0,0.0,0.0
west bengal,16,ios,4g,Very High (>10K),1,0,0.0,0.0
west bengal,16,ios,5g,Small (<500),26,0,0.0,0.0
west bengal,16,ios,5g,Medium (500-2K),17,0,0.0,0.0
west bengal,16,ios,5g,High (2K-10K),8,0,0.0,0.0
west bengal,16,ios,wifi,Small (<500),12,0,0.0,0.0
west bengal,16,ios,wifi,Medium (500-2K),7,0,0.0,0.0
west bengal,16,ios,wifi,High (2K-10K),2,0,0.0,0.0
west bengal,16,web,3g,Medium (500-2K),2,0,0.0,0.0
west bengal,16,web,3g,High (2K-10K),2,0,0.0,0.0
west bengal,16,web,4g,Small (<500),16,0,0.0,0.0
west bengal,16,web,4g,Medium (500-2K),5,0,0.0,0.0
west bengal,16,web,4g,High (2K-10K),9,0,0.0,0.0
west bengal,16,web,5g,Small (<500),6,0,0.0,0.0
west bengal,16,web,5g,Medium (500-2K),7,0,0.0,0.0
west bengal,16,web,5g,High (2K-10K),2,0,0.0,0.0
west bengal,16,web,wifi,Small (<500),4,0,0.0,0.0
west bengal,16,web,wifi,Medium (500-2K),2,0,0.0,0.0
west bengal,17,android,3g,Small (<500),25,0,0.0,0.0
west bengal,17,android,3g,Medium (500-2K),20,0,0.0,0.0
west bengal,17,android,3g,High (2K-10K),7,0,0.0,0.0
west bengal,17,android,3g,Very High (>10K),1,0,0.0,0.0
west bengal,17,android,4g,Small (<500),267,1,0.37453183520599254,75.0
west bengal,17,android,4g,Medium (500-2K),265,0,0.0,0.0
west bengal,17,android,4g,High (2K-10K),141,0,0.0,0.0
west bengal,17,android,4g,Very High (>10K),2,0,0.0,0.0
west bengal,17,android,5g,Small (<500),134,0,0.0,0.0
west bengal,17,android,5g,Medium (500-2K),105,0,0.0,0.0
west bengal,17,android,5g,High (2K-10K),60,0,0.0,0.0
west bengal,17,android,5g,Very High (>10K),5,0,0.0,0.0
west bengal,17,android,wifi,Small (<500),55,0,0.0,0.0
west bengal,17,android,wifi,Medium (500-2K),40,1,2.5,727.0
west bengal,17,android,wifi,High (2K-10K),24,0,0.0,0.0
west bengal,17,android,wifi,Very High (>10K),2,0,0.0,0.0
west bengal,17,ios,3g,Small (<500),7,0,0.0,0.0
west bengal,17,ios,3g,Medium (500-2K),7,0,0.0,0.0
west bengal,17,ios,3g,High (2K-10K),4,0,0.0,0.0
west bengal,17,ios,4g,Small (<500),76,0,0.0,0.0
west bengal,17,ios,4g,Medium (500-2K),81,0,0.0,0.0
west bengal,17,ios,4g,High (2K-10K),31,0,0.0,0.0
west bengal,17,ios,5g,Small (<500),33,0,0.0,0.0
west bengal,17,ios,5g,Medium (500-2K),24,0,0.0,0.0
west bengal,17,ios,5g,High (2K-10K),18,0,0.0,0.0
west bengal,17,ios,wifi,Small (<500),10,0,0.0,0.0
west bengal,17,ios,wifi,Medium (500-2K),7,0,0.0,0.0
west bengal,17,ios,wifi,High (2K-10K),5,0,0.0,0.0
west bengal,17,web,3g,Small (<500),2,0,0.0,0.0
west bengal,17,web,3g,Medium (500-2K),1,0,0.0,0.0
west bengal,17,web,3g,High (2K-10K),1,0,0.0,0.0
west bengal,17,web,4g,Small (<500),25,0,0.0,0.0
west bengal,17,web,4g,Medium (500-2K),16,0,0.0,0.0
west bengal,17,web,4g,High (2K-10K),11,0,0.0,0.0
west bengal,17,web,5g,Small (<500),8,0,0.0,0.0
west bengal,17,web,5g,Medium (500-2K),4,0,0.0,0.0
west bengal,17,web,5g,High (2K-10K),2,0,0.0,0.0
west bengal,17,web,wifi,Small (<500),1,0,0.0,0.0
west bengal,17,web,wifi,Medium (500-2K),2,0,0.0,0.0
west bengal,17,web,wifi,High (2K-10K),3,0,0.0,0.0
west bengal,18,android,3g,Small (<500),27,0,0.0,0.0
west bengal,18,android,3g,Medium (500-2K),25,0,0.0,0.0
west bengal,18,android,3g,High (2K-10K),12,0,0.0,0.0
west bengal,18,android,4g,Small (<500),321,0,0.0,0.0
west bengal,18,android,4g,Medium (500-2K),282,0,0.0,0.0
west bengal,18,android,4g,High (2K-10K),135,0,0.0,0.0
west bengal,18,android,4g,Very High (>10K),6,0,0.0,0.0
west bengal,18,android,5g,Small (<500),105,0,0.0,0.0
west bengal,18,android,5g,Medium (500-2K),132,0,0.0,0.0
west bengal,18,android,5g,High (2K-10K),52,0,0.0,0.0
west bengal,18,android,5g,Very High (>10K),2,0,0.0,0.0
west bengal,18,android,wifi,Small (<500),61,1,1.639344262295082,89.0
west bengal,18,android,wifi,Medium (500-2K),44,0,0.0,0.0
west bengal,18,android,wifi,High (2K-10K),22,0,0.0,0.0
west bengal,18,ios,3g,Small (<500),5,0,0.0,0.0
west bengal,18,ios,3g,Medium (500-2K),2,0,0.0,0.0
west bengal,18,ios,3g,High (2K-10K),6,0,0.0,0.0
west bengal,18,ios,3g,Very High (>10K),1,0,0.0,0.0
west bengal,18,ios,4g,Small (<500),79,0,0.0,0.0
west bengal,18,ios,4g,Medium (500-2K),89,1,1.1235955056179776,1696.0
west bengal,18,ios,4g,High (2K-10K),29,0,0.0,0.0
west bengal,18,ios,4g,Very High (>10K),1,0,0.0,0.0
west bengal,18,ios,5g,Small (<500),32,0,0.0,0.0
west bengal,18,ios,5g,Medium (500-2K),31,0,0.0,0.0
west bengal,18,ios,5g,High (2K-10K),22,0,0.0,0.0
west bengal,18,ios,5g,Very High (>10K),1,0,0.0,0.0
west bengal,18,ios,wifi,Small (<500),12,0,0.0,0.0
west bengal,18,ios,wifi,Medium (500-2K),12,0,0.0,0.0
west bengal,18,ios,wifi,High (2K-10K),9,0,0.0,0.0
west bengal,18,web,3g,Small (<500),2,0,0.0,0.0
west bengal,18,web,3g,Medium (500-2K),1,0,0.0,0.0
west bengal,18,web,4g,Small (<500),22,0,0.0,0.0
west bengal,18,web,4g,Medium (500-2K),19,0,0.0,0.0
west bengal,18,web,4g,High (2K-10K),8,0,0.0,0.0
west bengal,18,web,5g,Small (<500),7,0,0.0,0.0
west bengal,18,web,5g,Medium (500-2K),6,0,0.0,0.0
west bengal,18,web,5g,High (2K-10K),3,0,0.0,0.0
west bengal,18,web,wifi,Small (<500),6,0,0.0,0.0
west bengal,18,web,wifi,Medium (500-2K),4,0,0.0,0.0
west bengal,18,web,wifi,High (2K-10K),2,0,0.0,0.0
west bengal,19,android,3g,Small (<500),25,0,0.0,0.0
west bengal,19,android,3g,Medium (500-2K),23,0,0.0,0.0
west bengal,19,android,3g,High (2K-10K),7,0,0.0,0.0
west bengal,19,android,3g,Very High (>10K),1,0,0.0,0.0
west bengal,19,android,4g,Small (<500),320,1,0.3125,338.0
west bengal,19,android,4g,Medium (500-2K),303,0,0.0,0.0
west bengal,19,android,4g,High (2K-10K),172,2,1.1627906976744187,3459.5
west bengal,19,android,4g,Very High (>10K),4,0,0.0,0.0
west bengal,19,android,5g,Small (<500),145,0,0.0,0.0
west bengal,19,android,5g,Medium (500-2K),120,1,0.8333333333333334,1661.0
west bengal,19,android,5g,High (2K-10K),51,0,0.0,0.0
west bengal,19,android,5g,Very High (>10K),3,0,0.0,0.0
west bengal,19,android,wifi,Small (<500),61,0,0.0,0.0
west bengal,19,android,wifi,Medium (500-2K),62,0,0.0,0.0
west bengal,19,android,wifi,High (2K-10K),27,0,0.0,0.0
west bengal,19,android,wifi,Very High (>10K),1,0,0.0,0.0
west bengal,19,ios,3g,Small (<500),12,0,0.0,0.0
west bengal,19,ios,3g,Medium (500-2K),5,0,0.0,0.0
west bengal,19,ios,3g,High (2K-10K),2,0,0.0,0.0
west bengal,19,ios,4g,Small (<500),78,0,0.0,0.0
west bengal,19,ios,4g,Medium (500-2K),96,0,0.0,0.0
west bengal,19,ios,4g,High (2K-10K),35,1,2.857142857142857,4885.0
west bengal,19,ios,4g,Very High (>10K),1,0,0.0,0.0
west bengal,19,ios,5g,Small (<500),27,0,0.0,0.0
west bengal,19,ios,5g,Medium (500-2K),33,1,3.0303030303030303,888.0
west bengal,19,ios,5g,High (2K-10K),18,0,0.0,0.0
west bengal,19,ios,wifi,Small (<500),10,0,0.0,0.0
west bengal,19,ios,wifi,Medium (500-2K),13,0,0.0,0.0
west bengal,19,ios,wifi,High (2K-10K),2,0,0.0,0.0
west bengal,19,ios,wifi,Very High (>10K),1,0,0.0,0.0
west bengal,19,web,3g,High (2K-10K),3,0,0.0,0.0
west bengal,19,web,4g,Small (<500),26,0,0.0,0.0
west bengal,19,web,4g,Medium (500-2K),25,0,0.0,0.0
west bengal,19,web,4g,High (2K-10K),9,0,0.0,0.0
west bengal,19,web,5g,Small (<500),7,0,0.0,0.0
west bengal,19,web,5g,Medium (500-2K),5,0,0.0,0.0
west bengal,19,web,5g,High (2K-10K),4,0,0.0,0.0
west bengal,19,web,wifi,Small (<500),5,0,0.0,0.0
west bengal,19,web,wifi,Medium (500-2K),3,1,33.33333333333333,1850.0
west bengal,19,web,wifi,High (2K-10K),4,0,0.0,0.0
west bengal,20,android,3g,Small (<500),20,0,0.0,0.0
west bengal,20,android,3g,Medium (500-2K),22,0,0.0,0.0
west bengal,20,android,3g,High (2K-10K),12,0,0.0,0.0
west bengal,20,android,3g,Very High (>10K),1,0,0.0,0.0
west bengal,20,android,4g,Small (<500),286,0,0.0,0.0
west bengal,20,android,4g,Medium (500-2K),240,1,0.4166666666666667,766.0
west bengal,20,android,4g,High (2K-10K),125,0,0.0,0.0
west bengal,20,android,4g,Very High (>10K),6,0,0.0,0.0
west bengal,20,android,5g,Small (<500),128,0,0.0,0.0
west bengal,20,android,5g,Medium (500-2K),116,0,0.0,0.0
west bengal,20,android,5g,High (2K-10K),63,0,0.0,0.0
west bengal,20,android,wifi,Small (<500),46,0,0.0,0.0
west bengal,20,android,wifi,Medium (500-2K),55,0,0.0,0.0
west bengal,20,android,wifi,High (2K-10K),14,0,0.0,0.0
west bengal,20,android,wifi,Very High (>10K),1,0,0.0,0.0
west bengal,20,ios,3g,Small (<500),1,0,0.0,0.0
west bengal,20,ios,3g,Medium (500-2K),5,0,0.0,0.0
west bengal,20,ios,3g,High (2K-10K),3,0,0.0,0.0
west bengal,20,ios,4g,Small (<500),78,0,0.0,0.0
west bengal,20,ios,4g,Medium (500-2K),62,0,0.0,0.0
west bengal,20,ios,4g,High (2K-10K),35,0,0.0,0.0
west bengal,20,ios,4g,Very High (>10K),1,0,0.0,0.0
west bengal,20,ios,5g,Small (<500),37,0,0.0,0.0
west bengal,20,ios,5g,Medium (500-2K),25,0,0.0,0.0
west bengal,20,ios,5g,High (2K-10K),14,0,0.0,0.0
west bengal,20,ios,wifi,Small (<500),11,0,0.0,0.0
west bengal,20,ios,wifi,Medium (500-2K),11,0,0.0,0.0
west bengal,20,ios,wifi,High (2K-10K),4,0,0.0,0.0
west bengal,20,web,3g,Small (<500),3,0,0.0,0.0
west bengal,20,web,3g,Medium (500-2K),1,0,0.0,0.0
west bengal,20,web,4g,Small (<500),20,0,0.0,0.0
west bengal,20,web,4g,Medium (500-2K),17,0,0.0,0.0
west bengal,20,web,4g,High (2K-10K),7,0,0.0,0.0
west bengal,20,web,5g,Small (<500),3,0,0.0,0.0
west bengal,20,web,5g,Medium (500-2K),9,0,0.0,0.0
west bengal,20,web,wifi,Small (<500),4,0,0.0,0.0
west bengal,20,web,wifi,Medium (500-2K),4,0,0.0,0.0
west bengal,20,web,wifi,High (2K-10K),1,0,0.0,0.0
west bengal,21,android,3g,Small (<500),24,0,0.0,0.0
west bengal,21,android,3g,Medium (500-2K),20,0,0.0,0.0
west bengal,21,android,3g,High (2K-10K),7,0,0.0,0.0
west bengal,21,android,4g,Small (<500),284,0,0.0,0.0
west bengal,21,android,4g,Medium (500-2K),204,0,0.0,0.0
west bengal,21,android,4g,High (2K-10K),104,1,0.9615384615384616,2530.0
west bengal,21,android,4g,Very High (>10K),5,1,20.0,11427.0
west bengal,21,android,5g,Small (<500),103,1,0.9708737864077669,268.0
west bengal,21,android,5g,Medium (500-2K),89,0,0.0,0.0
west bengal,21,android,5g,High (2K-10K),36,0,0.0,0.0
west bengal,21,android,5g,Very High (>10K),1,0,0.0,0.0
west bengal,21,android,wifi,Small (<500),46,0,0.0,0.0
west bengal,21,android,wifi,Medium (500-2K),35,0,0.0,0.0
west bengal,21,android,wifi,High (2K-10K),17,1,5.88235294117647,4181.0
west bengal,21,android,wifi,Very High (>10K),1,0,0.0,0.0
west bengal,21,ios,3g,Small (<500),6,0,0.0,0.0
west bengal,21,ios,3g,Medium (500-2K),5,0,0.0,0.0
west bengal,21,ios,3g,High (2K-10K),3,0,0.0,0.0
west bengal,21,ios,4g,Small (<500),74,0,0.0,0.0
west bengal,21,ios,4g,Medium (500-2K),71,0,0.0,0.0
west bengal,21,ios,4g,High (2K-10K),34,0,0.0,0.0
west bengal,21,ios,5g,Small (<500),23,0,0.0,0.0
west bengal,21,ios,5g,Medium (500-2K),18,0,0.0,0.0
west bengal,21,ios,5g,High (2K-10K),11,0,0.0,0.0
west bengal,21,ios,5g,Very High (>10K),1,0,0.0,0.0
west bengal,21,ios,wifi,Small (<500),10,0,0.0,0.0
west bengal,21,ios,wifi,Medium (500-2K),10,0,0.0,0.0
west bengal,21,ios,wifi,High (2K-10K),5,0,0.0,0.0
west bengal,21,web,3g,Small (<500),2,0,0.0,0.0
west bengal,21,web,3g,Medium (500-2K),3,0,0.0,0.0
west bengal,21,web,3g,High (2K-10K),2,0,0.0,0.0
west bengal,21,web,4g,Small (<500),10,0,0.0,0.0
west bengal,21,web,4g,Medium (500-2K),10,0,0.0,0.0
west bengal,21,web,4g,High (2K-10K),4,0,0.0,0.0
west bengal,21,web,4g,Very High (>10K),2,0,0.0,0.0
west bengal,21,web,5g,Small (<500),7,0,0.0,0.0
west bengal,21,web,5g,Medium (500-2K),5,0,0.0,0.0
west bengal,21,web,5g,High (2K-10K),7,0,0.0,0.0
west bengal,21,web,5g,Very High (>10K),1,0,0.0,0.0
west bengal,21,web,wifi,Small (<500),3,0,0.0,0.0
west bengal,21,web,wifi,Medium (500-2K),2,0,0.0,0.0
west bengal,21,web,wifi,High (2K-10K),2,0,0.0,0.0
west bengal,22,android,3g,Small (<500),8,0,0.0,0.0
west bengal,22,android,3g,Medium (500-2K),10,0,0.0,0.0
west bengal,22,android,3g,High (2K-10K),6,0,0.0,0.0
west bengal,22,android,4g,Small (<500),157,0,0.0,0.0
west bengal,22,android,4g,Medium (500-2K),125,0,0.0,0.0
west bengal,22,android,4g,High (2K-10K),53,0,0.0,0.0
west bengal,22,android,4g,Very High (>10K),2,0,0.0,0.0
west bengal,22,android,5g,Small (<500),44,0,0.0,0.0
west bengal,22,android,5g,Medium (500-2K),59,0,0.0,0.0
west bengal,22,android,5g,High (2K-10K),22,0,0.0,0.0
west bengal,22,android,wifi,Small (<500),19,0,0.0,0.0
west bengal,22,android,wifi,Medium (500-2K),19,1,5.263157894736842,1402.0
west bengal,22,android,wifi,High (2K-10K),7,0,0.0,0.0
west bengal,22,ios,3g,Small (<500),5,0,0.0,0.0
west bengal,22,ios,3g,Medium (500-2K),1,0,0.0,0.0
west bengal,22,ios,4g,Small (<500),39,0,0.0,0.0
west bengal,22,ios,4g,Medium (500-2K),34,0,0.0,0.0
west bengal,22,ios,4g,High (2K-10K),25,0,0.0,0.0
west bengal,22,ios,4g,Very High (>10K),2,0,0.0,0.0
west bengal,22,ios,5g,Small (<500),19,0,0.0,0.0
west bengal,22,ios,5g,Medium (500-2K),14,0,0.0,0.0
west bengal,22,ios,5g,High (2K-10K),10,0,0.0,0.0
west bengal,22,ios,wifi,Small (<500),5,0,0.0,0.0
west bengal,22,ios,wifi,Medium (500-2K),3,0,0.0,0.0
west bengal,22,ios,wifi,High (2K-10K),3,0,0.0,0.0
west bengal,22,web,3g,Small (<500),1,0,0.0,0.0
west bengal,22,web,3g,High (2K-10K),1,0,0.0,0.0
west bengal,22,web,4g,Small (<500),9,0,0.0,0.0
west bengal,22,web,4g,Medium (500-2K),7,0,0.0,0.0
west bengal,22,web,4g,High (2K-10K),4,0,0.0,0.0
west bengal,22,web,5g,Small (<500),5,0,0.0,0.0
west bengal,22,web,5g,Medium (500-2K),2,0,0.0,0.0
west bengal,22,web,5g,High (2K-10K),1,1,100.0,2976.0
west bengal,22,web,wifi,Medium (500-2K),6,0,0.0,0.0
west bengal,22,web,wifi,High (2K-10K),2,0,0.0,0.0
west bengal,23,android,3g,Small (<500),11,0,0.0,0.0
west bengal,23,android,3g,Medium (500-2K),9,0,0.0,0.0
west bengal,23,android,3g,High (2K-10K),4,0,0.0,0.0
west bengal,23,android,4g,Small (<500),94,0,0.0,0.0
west bengal,23,android,4g,Medium (500-2K),71,0,0.0,0.0
west bengal,23,android,4g,High (2K-10K),43,0,0.0,0.0
west bengal,23,android,4g,Very High (>10K),2,0,0.0,0.0
west bengal,23,android,5g,Small (<500),39,0,0.0,0.0
west bengal,23,android,5g,Medium (500-2K),26,1,3.8461538461538463,1631.0
west bengal,23,android,5g,High (2K-10K),26,0,0.0,0.0
west bengal,23,android,5g,Very High (>10K),2,0,0.0,0.0
west bengal,23,android,wifi,Small (<500),5,0,0.0,0.0
west bengal,23,android,wifi,Medium (500-2K),16,0,0.0,0.0
west bengal,23,android,wifi,High (2K-10K),5,0,0.0,0.0
west bengal,23,ios,3g,Small (<500),1,0,0.0,0.0
west bengal,23,ios,3g,Medium (500-2K),2,0,0.0,0.0
west bengal,23,ios,3g,High (2K-10K),1,0,0.0,0.0
west bengal,23,ios,4g,Small (<500),31,0,0.0,0.0
west bengal,23,ios,4g,Medium (500-2K),19,0,0.0,0.0
west bengal,23,ios,4g,High (2K-10K),6,0,0.0,0.0
west bengal,23,ios,5g,Small (<500),8,0,0.0,0.0
west bengal,23,ios,5g,Medium (500-2K),9,0,0.0,0.0
west bengal,23,ios,5g,High (2K-10K),4,0,0.0,0.0
west bengal,23,ios,wifi,Medium (500-2K),5,0,0.0,0.0
west bengal,23,ios,wifi,High (2K-10K),3,0,0.0,0.0
west bengal,23,ios,wifi,Very High (>10K),1,0,0.0,0.0
west bengal,23,web,3g,Medium (500-2K),2,0,0.0,0.0
west bengal,23,web,3g,High (2K-10K),3,0,0.0,0.0
west bengal,23,web,4g,Small (<500),5,0,0.0,0.0
west bengal,23,web,4g,Medium (500-2K),4,0,0.0,0.0
west bengal,23,web,4g,High (2K-10K),3,0,0.0,0.0
west bengal,23,web,5g,Small (<500),3,0,0.0,0.0
west bengal,23,web,5g,Medium (500-2K),3,0,0.0,0.0
west bengal,23,web,wifi,Small (<500),1,0,0.0,0.0
west bengal,23,web,wifi,Medium (500-2K),2,0,0.0,0.0
